"timestamp","id","name","sale_desc","SKU","pre_price_text","sale_price","post_price_text","regular_price","brand","start_date","end_date","category","image_url"
"2026-02-16 16:17:12","991628929","Chicken Tenders Original or Nashville Hot. BBQ Rib Tips Available in the Deli. Macaroni and Cheese Available Hot in the Deli.","","","","5.0","lb member price","","","2026-02-13","2026-02-13","Deli & Prepared Foods",""
"2026-02-16 16:17:12","991628961","Coca-Cola products","Buy $25 of participating products, SAVE $5 with for U Plus be automatically entered for a chance to SCORE A TRIP TO A FIFA WORLD CUP 26 MATCH","","","","","","","2026-02-11","2026-02-17","Beverages",""
"2026-02-16 16:17:13","991628984","GT's Kombucha","EARN 2X POINTS","","2 for","6.0","member price","","GT's Kombucha","2026-02-11","2026-02-17","Beverages",""
"2026-02-16 16:17:13","993108488","Save up to 20% weekly","","","","","","","","2026-02-11","2026-02-17","Other",""
"2026-02-16 16:17:13","991628350","Vlasic Pickles 16-oz. Wish-Bone Salad Dressing 15-oz. Wesson Cooking Oil 40-oz.","","","2 for","5.0","member price","","Vlasic | Wish-Bone | Wesson","2026-02-13","2026-02-13","Pantry",""
"2026-02-16 16:17:14","991628316","Te Quiero Mucho Bouquet","","","","16.99","","","","2026-02-11","2026-02-17","Floral",""
"2026-02-16 16:17:14","991628290","Overjoyed™ Boutique Chic Rose Bouquet","","","","39.99","","","Overjoyed™","2026-02-11","2026-02-17","Floral",""
"2026-02-16 16:17:14","991628310","Touch of Fragrant Rose Bouquet","","","","29.99","","","","2026-02-11","2026-02-17","Floral",""
"2026-02-16 16:17:15","991628294","Overjoyed™ Boutique Valentine Bear Bundle","","","","54.99","","","","2026-02-11","2026-02-17","Floral",""
"2026-02-16 16:17:15","991628340","Sara Lee Bagels or Oroweat English Muffins","","","2 for","5.0","member price","","Sara Lee | Oroweat","2026-02-13","2026-02-13","Bakery",""
"2026-02-16 16:17:15","991628343","Cheesecake","","","","5.0","ea member price","","","2026-02-13","2026-02-13","Bakery",""
"2026-02-16 16:17:16","991628357","Crystal Geyser Alpine Spring Water","","","","5.0","ea member price","","Crystal Geyser","2026-02-13","2026-02-13","Beverages",""
"2026-02-16 16:17:16","991628314","La Marca, Decoy or Kim Crawford","","","","11.99","ea member price when you buy 6 or more","","La Marca | Decoy | Kim Crawford","2026-02-11","2026-02-17","Beverages",""
"2026-02-16 16:17:16","991628322","Fresh Sushi Made Fresh Daily SPAM Musubi 2 - ct","","","","5.0","ea member price","","","2026-02-13","2026-02-13","Deli & Prepared Foods",""
"2026-02-16 16:17:16","991628359","Lucerne® Sliced Cheese","","","2 for","5.0","member price","","Lucerne®","2026-02-13","2026-02-13","Dairy & Eggs",""
"2026-02-16 16:17:17","991628342","Marie's Salad Dressing O Organics® Salad Blend","","","2 for","5.0","member price","","Marie's","2026-02-13","2026-02-13","Produce",""
"2026-02-16 16:17:17","991628356","Value Corner® Bath Tissue 12-Rolls. Paper Towels 6-Rolls.","","","","5.0","ea member price","","Value Corner®","2026-02-13","2026-02-13","Household",""
"2026-02-16 16:17:17","991628362","Miss Vickie's Chips 8-oz. Fritos 9.25 to 10-oz","","","2 for","5.0","member price","","Miss Vickie's | Fritos","2026-02-13","2026-02-13","Snacks",""
"2026-02-16 16:17:18","991628397","Chobani Greek, Less Sugar or Zero Sugar Yogurt","","","10 for","10.0","member price","","Chobani","2026-02-11","2026-02-17","Dairy & Eggs",""
"2026-02-16 16:17:18","991628402","Dave's Killer Thin-Sliced Bread 20.5-oz. English Muffins or Bagels 13.2 to 16.75-oz. Jumbo Cookies 8-ct. Fresh Baked","","","","4.99","member price","","Dave's Killer","2026-02-11","2026-02-17","Bakery",""
"2026-02-16 16:17:18","991628405","Lays, Tostitos, Doritos or Baked Chips","BUY 2 GET 2 FREE Member Price When you Buy 4","","Single price up to","5.49","ea.","","Lays | Tostitos | Doritos | Chips","2026-02-11","2026-02-17","Snacks",""
"2026-02-16 16:17:19","991628392","Signature SELECT® Assorted Pork Loin Chops","","","","2.99","lb member price","","Signature SELECT®","2026-02-11","2026-02-17","Meat & Seafood",""
"2026-02-16 16:17:19","991628378","Green Asparagus","","","","2.49","lb member price","","","2026-02-11","2026-02-17","Produce",""
"2026-02-16 16:17:19","991628390","Fresh Atlantic Salmon Portion 7-oz., Wild Caught Lobster Tail 3-oz.","Save up to 20% weekly with for u**","","","4.99","ea member price","","","2026-02-11","2026-02-17","Meat & Seafood",""
"2026-02-16 16:17:19","991628415","Modelo or Sierra Nevada 12-pack, 12-oz. Coors or Michelob 18-pack, 12-oz.","","","","14.99","member price","","Modelo | Sierra Nevada | Coors| Michelob","2026-02-11","2026-02-17","Beverages",""
"2026-02-16 16:17:20","991628416","JaM Cellars Butter, La Crema Monterey, Josh Cellars or Mumm","","","","11.99","ea member price when you buy 6 or more","","JaM Cellars Butter | La Crema Monterey | Josh Cellars | Mumm","2026-02-11","2026-02-17","Beverages",""
"2026-02-16 16:17:20","991628396","Lucerne® Butter 16-oz. Milk Gallon.","Save up to 20% weekly with for U**","","","3.99","ea member price","","Lucerne®","2026-02-11","2026-02-17","Dairy & Eggs",""
"2026-02-16 16:17:20","991628499","USDA Choice Boneless Beef Top Sirloin Steak Value Pack. Boneless Beef Tri Tip Roast Untrimmed Twin Pack","","","","5.99","lb member price","","","2026-02-11","2026-02-17","Meat & Seafood",""
"2026-02-16 16:17:21","991628504","Ben & Jerry's Ice Cream or Non-Dairy Ice Cream Pint. Tillamook Ice Cream or Ice Cream Bars 1.5 - qt. Ice Cream or 4 - pack Bars.","Save up to 20% weekly with for u**","","","3.99","ea member price","","Ben & Jerry's | Tillamook","2026-02-11","2026-02-17","Frozen",""
"2026-02-16 16:17:21","991628509","Coca-Cola, Pepsi or 7UP","","","","4.99","when you buy 4 member price","","Coca-Cola | Pepsi | 7UP","2026-02-11","2026-02-17","Beverages",""
"2026-02-16 16:17:21","991628501","Autumn Crisp Green or Red Seedless Grapes","Save up to 20% weekly with for U**","","","1.99","lb member price","","","2026-02-11","2026-02-17","Produce",""
"2026-02-16 16:17:22","991628502","Strawberries","","","","4.99","ea member price","","","2026-02-11","2026-02-17","Produce",""
"2026-02-16 16:17:22","991628503","Lucerne® Chunk or Shredded Cheese","EARN 4X POINTS, Save up to 20% weekly with for u**","","","5.99","ea member price","","Lucerne®","2026-02-11","2026-02-17","Dairy & Eggs",""
"2026-02-16 16:17:22","991628603","Signature SELECT® Pork Tenderloin","","","","4.99","lb member price","","Signature SELECT®","2026-02-11","2026-02-17","Meat & Seafood",""
"2026-02-16 16:17:22","991628720","Kellogg's Giant Size Cereal","EARN 4X POINTS","","","3.99","ea member price when you buy 2","","Kellogg's","2026-02-11","2026-02-17","Pantry",""
"2026-02-16 16:17:23","991628705","USDA Choice Beef Ribeye Steak","","","","14.99","lb member price","","","2026-02-11","2026-02-17","Meat & Seafood",""
"2026-02-16 16:17:23","991628709","Sockeye Salmon Fillet","","","","12.99","lb member price","","","2026-02-11","2026-02-17","Meat & Seafood",""
"2026-02-16 16:17:23","991628507","Small Hand-Dipped Belgian Chocolate Strawberries Gift Box","","","","14.0","","","","2026-02-11","2026-02-17","Bakery",""
"2026-02-16 16:17:24","991628488","Hand-Dipped Belgian Chocolate Covered Strawberries","","","Starting at","7.99","ea","","","2026-02-11","2026-02-17","Bakery",""
"2026-02-16 16:17:24","991628506","Pepperidge Farm Goldfish Crackers 4 to 8-oz., Kettle Potato Chips 5 to 8.5-oz.","Save up to 20% weekly with for u**","","","1.99","ea member price","","Pepperidge Farm | Kettle","2026-02-11","2026-02-17","Snacks",""
"2026-02-16 16:17:24","991628412","Martinelli's Sparkling Cider","Save up to 20% weekly with for u**","","","2.49","ea member price","","Martinelli's","2026-02-11","2026-02-17","Beverages",""
"2026-02-16 16:17:25","991628717","Safeway Stock up","","","","","","","","2026-02-11","2026-02-17","Other",""
"2026-02-16 16:17:25","991628722","Bogle, La Vieille Ferme or Cupcake","","","","6.99","ea member price when you buy 6 or more","","Bogle | La Vieille Ferme | Cupcake","2026-02-11","2026-02-17","Beverages",""
"2026-02-16 16:17:25","991628725","High Noon 12-pack, 355-ml. cans. Aperol or Espolòn 750-ml.","","","","26.99","member price","","High Noon | Aperol | Espolòn","2026-02-11","2026-02-17","Beverages",""
"2026-02-16 16:17:26","991628723","Snapple Tea","EARN 4X POINTS","","","5.99","member price","","Snapple","2026-02-11","2026-02-17","Beverages",""
"2026-02-16 16:17:26","991628756","Silva Linguica Sausage","","","","5.99","ea member price","","Silva","2026-02-11","2026-02-17","Meat & Seafood",""
"2026-02-16 16:17:26","991628766","Waterfront Bistro® Shrimp Ring","","","","7.99","ea member price","","WATERFRONT BISTRO®","2026-02-11","2026-02-17","Meat & Seafood",""
"2026-02-16 16:17:27","991628815","MorningStar Farms Meatless","","","","3.99","ea member price","","Morning Star Farms","2026-02-11","2026-02-17","Frozen",""
"2026-02-16 16:17:27","991628822","Cottonelle Bath Tissue or Flushable Wipes 12-Mega Rolls or 336-ct. Wipes, Viva Signature Paper Towels 8-Double Rolls","EARN 4X POINTS","","","11.99","ea member price","","Cottonelle | Viva","2026-02-11","2026-02-17","Household",""
"2026-02-16 16:17:27","991628835","Safeway for u",", get $5 off","","","","","","","2026-02-11","2026-02-17","Other",""
"2026-02-16 16:17:27","991628830","Vitali","","","","8.99","ea member price","","Vitali","2026-02-11","2026-02-17","Other",""
"2026-02-16 16:17:28","991628715","Lemon","","","","0.99","ea","","","2026-02-11","2026-02-17","Produce",""
"2026-02-16 16:17:28","991628710","Grapefruit","","","","1.49","ea member price","","","2026-02-11","2026-02-17","Produce",""
"2026-02-16 16:17:28","991628661","Boar's Head BourbonRidge Ham","","","","12.99","lb member price","","Boar's Head","2026-02-11","2026-02-17","Deli & Prepared Foods",""
"2026-02-16 16:17:29","991628708","Open Nature® Lamb Loin Chops","","","","12.99","lb member price","","OPEN NATURE®","2026-02-11","2026-02-17","Meat & Seafood",""
"2026-02-16 16:17:29","991628634","Cosmic Crisp Apples","","","","1.99","lb member price","","","2026-02-11","2026-02-17","Produce",""
"2026-02-16 16:17:29","991628724","Sonoma-Cutrer, Chateau D'Esclans or Daou","","","","18.99","ea member price when you buy 6 or more","","Sonoma-Cutrer | Chateau D'Esclans | Daou","2026-02-11","2026-02-17","Beverages",""
"2026-02-16 16:17:30","991628706","Rosie Organic Boneless Skinless Chicken Breasts","","","","8.99","lb member price","","Rosie","2026-02-11","2026-02-17","Meat & Seafood",""
"2026-02-16 16:17:30","991628726","Coors or Bud 30-pack, 12-oz. Selected varieties. Golden State 8-pack, 16-oz.","","","","22.99","member price","","Coors | Bud | Golden State","2026-02-11","2026-02-17","Beverages",""
"2026-02-16 16:17:30","991628607","USDA Choice Round Strips for Stir Fry or Cube Steak","EARN 2X POINTS","","","9.99","lb member price","","","2026-02-11","2026-02-17","Meat & Seafood",""
"2026-02-16 16:17:31","991628611","Fresh Large BBQ Oysters","","","","9.99","ea member price","","","2026-02-11","2026-02-17","Meat & Seafood",""
"2026-02-16 16:17:31","991628595","Jennie-O 93% Lean Ground Turkey or Patties","","","","5.99","ea member price","","Jennie-O","2026-02-11","2026-02-17","Meat & Seafood",""
"2026-02-16 16:17:31","991628669","Chicken Nuggets","","","","5.0","ea member price","","","2026-02-11","2026-02-17","Frozen",""
"2026-02-16 16:17:31","991628816","Gatorade 28-oz. Rockstar Energy Drink 16-oz.","","","","1.69","ea member price","","Gatorade | Rockstar","2026-02-11","2026-02-17","Beverages",""
"2026-02-16 16:17:32","991628787","Betty Crocker Frosting 12 to 16-0z. Phi Cake Mix 13.25 to 16.3-oz.","","","","1.79","ea member price","","Betty Crocker","2026-02-11","2026-02-17","Pantry",""
"2026-02-16 16:17:32","991628329","Red, Orange, Yellow or Green Bell Pepper","","","5 for","5.0","member price","","","2026-02-13","2026-02-13","Produce",""
"2026-02-16 16:17:32","991628301","XOXO Bouquet","","","","12.99","","","XOXO","2026-02-11","2026-02-17","Floral",""
"2026-02-16 16:17:33","991628334","Signature SELECT® Bacon 16-oz. Sukhi's Entrée 15 to 16-oz.","","","","5.0","ea member price","","Signature SELECT®","2026-02-13","2026-02-13","Meat & Seafood",""
"2026-02-16 16:17:33","991628368","M&M's Share Size Bag","","","","5.0","ea member price","","M&Ms","2026-02-13","2026-02-13","Snacks",""
"2026-02-16 16:17:33","991628317","Lindt LINDOR Milk Chocolate, Assorted or Strawberries & Cream Heart","","","","14.99","member price","","Lindor","2026-02-11","2026-02-17","Snacks",""
"2026-02-16 16:17:34","991628949","Overjoyed™ Boutique Heart Orchid","","","","21.99","","","Overjoyed™","2026-02-11","2026-02-17","Floral",""
"2026-02-16 16:17:34","991628977","Bonduelle Bistro Grande Bowl","","","","5.99","ea member price","","Bonduelle Bistro","2026-02-11","2026-02-17","Deli & Prepared Foods",""
"2026-02-16 16:17:34","991628931","Signature SELECT® Pork Spareribs","","","2 lbs for","5.0","member price","","Signature SELECT®","2026-02-13","2026-02-13","Meat & Seafood",""
"2026-02-16 16:17:34","991628952","Signature Select® Unsalted Walnut Halves & Pieces","","","","5.99","ea member price","","Signature SELECT®","2026-02-11","2026-02-17","Pantry",""
"2026-02-16 16:17:35","991628960","Smartwater","Buy $25 of participating products, SAVE $5 with for U Plus be automatically entered for a chance to SCORE A TRIP TO A FIFA WORLD CUP 26™ MATCH","","","23.99","member price","","Smartwater","2026-02-11","2026-02-17","Beverages",""
"2026-02-16 16:17:35","991628976","Nasoya Organic Dumplings","EARN 4x POINTS, BUY 1 GET 1 FREE Member Price When you Buy 2","","","","","","Nasoya","2026-02-11","2026-02-17","Frozen",""
"2026-02-16 16:17:35","991628994","Horizon Organic Milk","","","","6.49","member price","","Horizon","2026-02-11","2026-02-17","Dairy & Eggs",""
"2026-02-16 16:17:36","991629004","Président Feta Cheese","","","","5.99","ea member price","","Président®","2026-02-11","2026-02-17","Dairy & Eggs",""
"2026-02-16 16:17:36","991629171","Easter Home Décor","25% OFF Member Price","","","","","","","2026-02-11","2026-03-03","Household",""
"2026-02-16 16:17:36","991629160","Hot Wheels Basic Car","","","4 for","5.0","member price","","Hot Wheels","2026-02-11","2026-03-03","Other",""
"2026-02-16 16:17:37","991629147","Listerine Mouthwash","","","","8.99","member price","","Listerine","2026-02-11","2026-03-03","Personal Care",""
"2026-02-16 16:17:37","991629165","Pepto Bismol Liquid or Tablets","","","","7.99","member price","","Pepto-Bismol","2026-02-11","2026-03-03","Health & Wellness",""
"2026-02-16 16:17:37","991628927","Domaine Chandon, Chalk Hill or Meiomi","","","","15.99","ea member price when you buy 6 or more","","Domaine Chandon | Chalk Hill | Meiomi","2026-02-11","2026-02-17","Beverages",""
"2026-02-16 16:17:38","991628918","Waterfront Bistro® Extra Jumbo Raw Shrimp","","","","5.0","lb member price","","WATERFRONT BISTRO®","2026-02-13","2026-02-13","Meat & Seafood",""
"2026-02-16 16:17:38","991629199","Kinder Bueno","","","10 for","10.0","member price","","Kinder Bueno","2026-02-11","2026-03-03","Snacks",""
"2026-02-16 16:17:38","991629197","Mars Share Size Candy","","","2 for","5.0","member price","","","2026-02-11","2026-03-03","Snacks",""
"2026-02-16 16:17:38","991629213","Zyrtec Allergy Relief","","","","24.99","member price","","Zyrtec","2026-02-11","2026-03-03","Health & Wellness",""
"2026-02-16 16:17:39","991629264","Signature SELECT® Utility Lighter","","","2 for","7.0","member price","","Signature SELECT®","2026-02-11","2026-03-03","Household",""
"2026-02-16 16:17:39","991629288","Schick Hydro or Intuition Razor","","","","6.99","ea","10.99","","2026-02-11","2026-03-03","Personal Care",""
"2026-02-16 16:17:39","991628950","Starbucks Creamer","","","","3.99","ea member price","","Starbucks","2026-02-11","2026-02-17","Dairy & Eggs",""
"2026-02-16 16:17:40","991628951","Powerade 8-pack, 20-oz. Topo Chico Sabores 8-pack, 12-oz.","Buy $25 of participating products, SAVE $5 with for U Plus be automatically entered for a chance to SCORE A TRIP TO A FIFA WORLD CUP 26™ MATCH","","","6.99","member price","","Topo Chico | Powerade","2026-02-11","2026-02-17","Beverages",""
"2026-02-16 16:17:40","991628982","Jackson's Sweet Potato Chips","EARN 2X POINTS","","2 for","7.0","member price","","Jackson's","2026-02-11","2026-02-17","Snacks",""
"2026-02-16 16:17:40","991629010","Pepperidge Farm Goldfish Crackers","","","","7.99","ea member price","","Pepperidge Farm","2026-02-11","2026-02-17","Snacks",""
"2026-02-16 16:17:41","991629188","Betty Crocker Cake Décor","25% OFF Member Price","","","","","","Betty Crocker","2026-02-11","2026-03-03","Pantry",""
"2026-02-16 16:17:41","991629157","Kids Spring Tableware","25% OFF Member Price","","","","","","","2026-02-11","2026-03-03","Household",""
"2026-02-16 16:17:41","991629105","Ferrero Rocher Squares","","","","4.49","member price","","Ferrero Rocher","2026-02-11","2026-03-03","Snacks",""
"2026-02-16 16:17:41","991629149","Bubbles or Chalk","25% OFF Member Price","","","","","","","2026-02-11","2026-03-03","Other",""
"2026-02-16 16:17:42","991629116","M & M's Easter Lay Down Bag","","","","4.99","member price","","M&Ms","2026-02-11","2026-03-03","Snacks",""
"2026-02-16 16:17:42","991629114","Dove Chocolate Candy","","","","9.99","member price","","Dove","2026-02-11","2026-03-03","Snacks",""
"2026-02-16 16:17:42","991629119","Band-Aid Bandages or Q-Tips Cotton Swabs","","","","5.99","member price","","Q-tips","2026-02-11","2026-03-03","Personal Care",""
"2026-02-16 16:17:43","991629247","Signature SELECT® Travel Size Hand Sanitizer","EARN 2X POINTS","","2 for","3.0","member price","","Signature SELECT®","2026-02-11","2026-03-03","Personal Care",""
"2026-02-16 16:17:43","991629321","Lysol Air Sanitizer Spray","","","","8.99","ea","10.99","Lysol","2026-02-11","2026-03-03","Household",""
"2026-02-16 16:17:43","991629301","Yankee Candle","BUY 1 GET 1 FREE MEMBER PRICE When you buy 2","","","","","","YANKEE","2026-02-11","2026-03-03","Household",""
"2026-02-16 16:17:44","991629248","Signature Care® Cough Drops","EARN 2X POINTS","","2 for","4.0","member price","","Signature Care®","2026-02-11","2026-03-03","Health & Wellness",""
"2026-02-16 16:17:44","991629279","Legendary Foods Protein Donuts","","","2 for","7.0","member price","","Legendary Foods","2026-02-11","2026-03-03","Snacks",""
"2026-02-16 16:17:44","991629309","Muscle Milk Pro Shakes","","","","8.99","member price","","MUSCLE MILK","2026-02-11","2026-03-03","Beverages",""
"2026-02-16 16:17:45","991629305","Signature Care® Vitamins","BUY 1 GET 1 FREE Member Price When you Buy 2, EARN 2x POINTS","","","","","","Signature Care®","2026-02-11","2026-03-03","Health & Wellness",""
"2026-02-16 16:17:45","991628508","Overjoyed™ Boutique Unforgettable Rose Arrangement","","","","69.99","","","","2026-02-11","2026-02-17","Floral",""
"2026-02-16 16:17:45","991629223","Pharmacy","","","","","","","","2026-02-11","2026-02-17","Health & Wellness",""
"2026-02-16 16:17:45","991629277","Native Shampoo, Conditioner or Body Wash","EARN 2X POINTS","","","10.99","member price","","Native","2026-02-11","2026-03-03","Personal Care",""
"2026-02-16 16:17:46","991628954","Coca-Cola","BUY 2 GET 1 FREE Member Price When you Buy 3, Buy $25 of participating products, SAVE $5 with for U Plus be automatically entered for a chance to SCORE A TRIP TO A FIFA WORLD CUP 26™ MATCH","","","","","","Coca-Cola","2026-02-11","2026-02-17","Beverages",""
"2026-02-16 16:17:46","991629331","Boost High Protein Shakes","","","","10.99","member price","","Boost","2026-02-11","2026-03-03","Beverages",""
"2026-02-16 16:17:46","991629328","Gatorade Protein Bars","","","","12.99","member price","","Gatorade","2026-02-11","2026-03-03","Snacks",""
"2026-02-16 16:17:47","991629133","Kids Plush","25% OFF Member Price","","","","","","","2026-02-11","2026-03-03","Other",""
"2026-02-16 16:17:47","991628309","Overjoyed™ Boutique Amore Grand Bouquet","","","","21.99","","","","2026-02-11","2026-02-17","Floral",""
"2026-02-16 16:17:47","991629216","Nerds Gummy Clusters Bag","","","","7.99","member price","","Nerds","2026-02-11","2026-03-03","Snacks",""
"2026-02-16 16:17:48","991628660","Cucumber","","","","0.99","ea","","","2026-02-11","2026-02-17","Produce",""
"2026-02-16 16:17:48","991629325","GE Light Bulbs","Spend $10 Save $5 with your Member Account","","","","","","GE","2026-02-11","2026-03-03","Household",""
"2026-02-16 16:17:48","991629139","Paas Egg Coloring Kits","25% OFF Member Price","","","","","","PAAS","2026-02-11","2026-03-03","Other",""
"2026-02-16 16:17:49","991629267","Signature Care® or Signature SELECT® Pain Relief","","","","13.99","member price","","Signature Care® | Signature SELECT®","2026-02-11","2026-03-03","Health & Wellness",""
"2026-02-16 16:17:49","991628986","O Organics® Tofu","EARN 4X POINTS","","","2.99","ea member price","","O Organics®","2026-02-11","2026-02-17","Produce",""
"2026-02-16 16:17:49","991628935","Overjoyed™ Boutique Unforgettable Deluxe Arrangement","","","Starting at","79.99","","","","2026-02-11","2026-02-17","Floral",""
"2026-02-16 16:17:50","991628629","Signature SELECT® Russet Potatoes","","","","3.99","ea member price","","Signature SELECT®","2026-02-11","2026-02-17","Produce",""
"2026-02-16 16:17:50","991629198","Bendon Coloring or Activity Book","20% OFF Member Price","","","","","","Bendon","2026-02-11","2026-03-03","Other",""
"2026-02-16 16:17:50","991628803","Freschetta Pizza","","","","4.99","ea member price","","Freschetta Pizza","2026-02-11","2026-02-17","Frozen",""
"2026-02-16 16:17:50","991629302","LÄRABAR","","","","6.99","member price","","Lärabar","2026-02-11","2026-03-03","Snacks",""
"2026-02-16 16:17:51","991628996","Sweet Loren's Cookie Dough","","","","5.99","member price","","Sweet Loren's","2026-02-11","2026-02-17","Dairy & Eggs",""
"2026-02-16 16:17:51","991628757","Applegate Farms Bacon","","","","4.99","ea member price","","Applegate Farms","2026-02-11","2026-02-17","Meat & Seafood",""
"2026-02-16 16:17:51","991628762","Signature SELECT® Soup","","","","3.99","ea member price","","Signature SELECT®","2026-02-11","2026-02-17","Pantry",""
"2026-02-16 16:17:52","991629367","RSV, pneumonia & shingle vaccines in one easy stop","","","","","","","","2026-02-11","2026-02-17","Health & Wellness",""
"2026-02-16 16:17:52","991629208","Tylenol Pain Relief","","","","16.99","member price","","Tylenol","2026-02-11","2026-03-03","Health & Wellness",""
"2026-02-16 16:17:52","991628933","Signature SELECT® Pork Shoulder Country Style Ribs or Blade Steak","","","2 lbs for","5.0","member price","","Signature SELECT®","2026-02-13","2026-02-13","Meat & Seafood",""
"2026-02-16 16:17:52","991629126","Crest Pro Health or 3D White","","","","6.99","member price","","Crest","2026-02-11","2026-03-03","Personal Care",""
"2026-02-16 16:17:53","991628713","Totino's Pizza Rolls","EARN 4X POINTS","","","6.99","member price","","Totino's","2026-02-11","2026-02-17","Frozen",""
"2026-02-16 16:17:53","991628718","Signature SELECT® Pasta","EARN 4X POINTS","","4 for","5.0","member price","","Signature SELECT®","2026-02-11","2026-02-17","Pantry",""
"2026-02-16 16:17:53","991629117","Ferrero Rocher Diamond Box","","","","12.99","member price","","Ferrero Rocher","2026-02-11","2026-03-03","Snacks",""
"2026-02-16 16:17:54","991628993","Président Brie or Camembert","","","","6.99","ea member price","","President","2026-02-11","2026-02-17","Dairy & Eggs",""
"2026-02-16 16:17:54","991628955","Pictsweet Farms Vegetables","","","","2.99","member price","","PictSweet Farms","2026-02-11","2026-02-17","Frozen",""
"2026-02-16 16:17:54","991628967","Chicken of the Sea Chunk Light Tuna 5-oz., Tuna Pouch 2.5-oz.","","","","0.99","member price","","Chicken of the Sea","2026-02-11","2026-02-17","Pantry",""
"2026-02-16 16:17:55","991628941","SAVE with Gas Rewards","","","","","","","","2026-02-11","2026-02-17","Other",""
"2026-02-16 16:17:55","991628806","The Original Donut Shop Coffee or Philz Coffee","","","","5.99","ea member price","","The Original Donut Shop","2026-02-11","2026-02-17","Beverages",""
"2026-02-16 16:17:55","991628940","FOR YOUR Valentine","","","","","","","","2026-02-11","2026-02-17","Floral",""
"2026-02-16 16:17:55","991628790","Nabisco Premium Crackers 9 to 17-oz. Ritz Sandwich Crackers 8-ct.","","","","2.49","ea member price","","Nabisco","2026-02-11","2026-02-17","Pantry",""
"2026-02-16 16:17:56","991628975","Sun Luck Sesame or Chili Oil","","","","2.99","member price","","Sun Luck","2026-02-11","2026-02-17","Pantry",""
"2026-02-16 16:17:56","991628698","Cupcakes","","","","9.99","member price","","","2026-02-11","2026-02-17","Bakery",""
"2026-02-16 16:17:56","991628617","Navel Oranges","EARN 4X POINTS","","","5.99","ea member price","","","2026-02-11","2026-02-17","Produce",""
"2026-02-16 16:17:57","991628658","Garlic or Shallot","","","","0.59","ea member price","","","2026-02-11","2026-02-17","Produce",""
"2026-02-16 16:17:57","991628671","Signature SELECT® Classic Salad","EARN 2X POINTS","","","7.99","ea member price","","Signature SELECT®","2026-02-11","2026-02-17","Produce",""
"2026-02-16 16:17:57","991628719","Tide Liquid Laundry Detergent","EARN 4x POINTS","","","19.99","member price","","Tide","2026-02-11","2026-02-17","Household",""
"2026-02-16 16:17:57","991628939","freshpass","5% off","","","","","","","2026-02-11","2026-02-17","Other",""
"2026-02-16 16:17:58","991629329","Beechnut Organics Jar","","","","1.79","member price","","Beech-Nut","2026-02-11","2026-03-03","Pantry",""
"2026-02-16 16:17:58","991629357","Huggies Jumbo Pack Little Movers or Snugglers","","","","11.99","member price","","Huggies","2026-02-11","2026-03-03","Personal Care",""
"2026-02-16 16:17:58","991628758","Primo Taglio® Lunchmeat","","","","7.99","ea member price","","Primo Taglio®","2026-02-11","2026-02-17","Deli & Prepared Foods",""
"2026-02-16 16:17:59","991628794","General Mills Cereal 8.9 to 12-oz. Quaker Instant Oatmeal 8.4 to 14.1-oz.","","","","1.99","ea member price","","General Mills | Quaker","2026-02-11","2026-02-17","Pantry",""
"2026-02-16 16:17:59","991629006","Challenge Spreadable Butter Tub","","","","2.99","member price","","Challenge Butter","2026-02-11","2026-02-17","Dairy & Eggs",""
"2026-02-16 16:17:59","991629012","Ricotta Cheese 32-oz. Galbani Mozzarella Cheese","","","","4.99","ea member price","","Galbani","2026-02-11","2026-02-17","Dairy & Eggs",""
"2026-02-16 16:18:00","991628805","Nabisco Newtons Cookies 10-oz., Nilla Wafers 11-oz., Honey Maid Grahams 12.2 to 14.4-oz.","","","","2.99","ea member price","","Nabisco","2026-02-11","2026-02-17","Snacks",""
"2026-02-16 16:18:00","991628824","All Laundry Detergent 73-oz. Liquid or 39-ct. Pacs. Persil 84-oz. Liquid or 42-ct. Pacs.","","","","9.99","ea member price","","All | Persil","2026-02-11","2026-02-17","Household",""
"2026-02-16 16:18:00","991628971","Signature SELECT® or Fresh Express Salad","EARN 2X POINTS","","2 for","3.0","member price","","Signature SELECT®","2026-02-11","2026-02-17","Produce",""
"2026-02-16 16:18:00","991628626","Hass Avocado","","","2 for","3.0","member price","","","2026-02-11","2026-02-17","Produce",""
"2026-02-16 16:18:01","991628649","Signature SELECT® or Bonduelle Salad Bowl","","","","2.49","ea member price","","Signature SELECT®","2026-02-11","2026-02-17","Produce",""
"2026-02-16 16:18:01","991628677","Boar's Head Antipasto Salad","","","","8.99","lb","","Boar's Head","2026-02-11","2026-02-17","Deli & Prepared Foods",""
"2026-02-16 16:18:01","991628682","Boston Cream Cake","","","","12.99","member price","","","2026-02-11","2026-02-17","Bakery",""
"2026-02-16 16:18:02","991628770","Chobani Flip, Creations or Protein Greek Yogurt","","","","0.99","ea member price","","Chobani","2026-02-11","2026-02-17","Dairy & Eggs",""
"2026-02-16 16:18:02","991628773","San Luis Sourdough Bread","","","","4.99","ea member price","","San Luis","2026-02-11","2026-02-17","Bakery",""
"2026-02-16 16:18:02","991628781","Mission Fajita Flour Tortillas","","","","2.99","ea member price","","Mission","2026-02-11","2026-02-17","Bakery",""
"2026-02-16 16:18:03","991628795","Nestlé Drumstick","","","","6.99","ea member price","","Nestle","2026-02-11","2026-02-17","Frozen",""
"2026-02-16 16:18:03","991628369","Carmenet","","","","5.0","ea member price","","Carmenet","2026-02-13","2026-02-13","Beverages",""
"2026-02-16 16:18:03","991628500","Overjoyed™ Boutique Dozen Roses","","","","24.99","","","","2026-02-11","2026-02-17","Floral",""
"2026-02-16 16:18:04","991628690","Dinner Rolls","","","","4.99","","","","2026-02-11","2026-02-17","Bakery",""
"2026-02-16 16:18:04","991628716","Eclairs or Cream Puffs","","","","5.49","member price","","","2026-02-11","2026-02-17","Bakery",""
"2026-02-16 16:18:04","991628780","Tropicana Orange Juice 46-oz. Chobani Oatmilk 52-oz.","","","","3.49","ea member price","","Tropicana | Chobani","2026-02-11","2026-02-17","Beverages",""
"2026-02-16 16:18:04","991628819","Corona, Stella Artois or Firestone Walker","","","","15.99","ea member price","","","2026-02-11","2026-02-17","Beverages",""
"2026-02-16 16:18:05","991629150","Easter Kids Toys","25% OFF Member Price","","","","","","","2026-02-11","2026-03-03","Other",""
"2026-02-16 16:18:05","991629170","Crayola Crayons or Markers","20% OFF Member Price","","","","","","Crayola","2026-02-11","2026-03-03","Other",""
"2026-02-16 16:18:05","991629220","Lindor Truffle Candy","BUY 1 GET 1 50% OFF Member Price","","","","","","Lindor","2026-02-11","2026-03-03","Snacks",""
"2026-02-16 16:18:06","991629228","Hershey Share Size Bag","","","","7.49","member price","","Hershey's","2026-02-11","2026-03-03","Snacks",""
"2026-02-16 16:18:06","991629268","GoMacro Bar","","","2 for","5.0","member price","","GoMacro","2026-02-11","2026-03-03","Snacks",""
"2026-02-16 16:18:06","991629327","Baby Club Savings","SAVE $10 when you buy 2","","","","","","","2026-02-11","2026-03-03","Other",""
"2026-02-16 16:18:07","991628643","Lucerne® Real Milk Creamer","EARN 4x POINTS","","","3.99","member price","","Lucerne®","2026-02-11","2026-02-17","Dairy & Eggs",""
"2026-02-16 16:18:07","991628778","Swanson Broth or Stock","","","","2.49","ea member price","","Swanson","2026-02-11","2026-02-17","Pantry",""
"2026-02-16 16:18:07","991628779","Coffee mate Creamer","","","","2.99","ea member price","","Coffee-mate","2026-02-11","2026-02-17","Dairy & Eggs",""
"2026-02-16 16:18:07","991628836","Purina Cat Chow Cat Food 15-lb. Beneful Dog Food 14-lb.","","","","15.99","ea member price","","Purina","2026-02-11","2026-02-17","Other",""
"2026-02-16 16:18:08","991628953","Simply Orange Juice","Buy $25 of participating products, SAVE $5 with for U Plus be automatically entered for a chance to SCORE A TRIP TO A FIFA WORLD CUP 26™ MATCH","","","8.99","","","Simply Orange","2026-02-11","2026-02-17","Beverages",""
"2026-02-16 16:18:08","991629196","Lifesavers, Skittles or Starburst Candy","","","2 for","5.0","member price","","Lifesavers | Skittles | Starburst","2026-02-11","2026-03-03","Snacks",""
"2026-02-16 16:18:08","991629374","Johnson & Johnson Baby Care","","","","5.99","member price","","JOHNSON & JOHNSON","2026-02-11","2026-03-03","Personal Care",""
"2026-02-16 16:18:09","991628631","Farmer John Bacon","EARN 4x POINTS","","","5.99","ea member price","","Farmer John","2026-02-11","2026-02-17","Meat & Seafood",""
"2026-02-16 16:18:09","991629179","Easter Plush","25% OFF Member Price","","","","","","","2026-02-11","2026-03-03","Other",""
"2026-02-16 16:18:09","991629260","Dove or Dove Men's Deodorant","","","","8.99","member price","","Dove","2026-02-11","2026-03-03","Personal Care",""
"2026-02-16 16:18:10","991629295","Always Ultra Thin or Maxi Pads","","","","10.99","member price","","Always","2026-02-11","2026-03-03","Personal Care",""
"2026-02-16 16:18:10","991629297","OGX Shampoo or Conditioner","","","","6.99","ea when you buy 2","8.99","ogx®","2026-02-11","2026-03-03","Personal Care",""
"2026-02-16 16:18:10","991629333","O Organics® Baby Food Pouch","EARN 2X POINTS","","4 for","5.0","member price","","O Organics®","2026-02-11","2026-03-03","Pantry",""
"2026-02-16 16:18:10","991629107","Hershey's Kisses Lay Down Bag","","","","5.49","member price","","Hershey's","2026-02-11","2026-03-03","Snacks",""
"2026-02-16 16:18:11","991629326","Air Wick Essential Mist Diffuser Starter Kit","","","","13.99","ea","15.99","Air Wick","2026-02-11","2026-03-03","Household",""
"2026-02-16 16:18:11","991629134","Russell Stover Chocolate Bunny","","","2 for","6.0","member price","","Russell Stover","2026-02-11","2026-03-03","Snacks",""
"2026-02-16 16:18:11","991629177","Funny Bunny Paper Party Goods","","","4 for","5.0","member price","","","2026-02-11","2026-03-03","Household",""
"2026-02-16 16:18:12","991629183","Children's Tylenol or Motrin","","","","8.99","member price","","Children's","2026-02-11","2026-03-03","Health & Wellness",""
"2026-02-16 16:18:12","991629246","Signature Care® or Signature SELECT® Liquid Hand Soap","EARN 2X POINTS","","2 for","3.0","member price","","Signature Care®","2026-02-11","2026-03-03","Personal Care",""
"2026-02-16 16:18:12","991629252","Signature Care® Dental Flossers","","","2 for","6.0","member price","","Signature Care®","2026-02-11","2026-03-03","Health & Wellness",""
"2026-02-16 16:18:12","991629286","Dove Bar Soap","","","","12.99","member price","","Dove","2026-02-11","2026-03-03","Personal Care",""
"2026-02-16 16:18:13","991629376","Signature Care® Food Storage","","","2 for","7.0","member price","","Signature Care®","2026-02-11","2026-03-03","Household",""
"2026-02-16 16:18:13","991629353","Gerber Puffs Snacks","","","","2.99","member price","","Gerber","2026-02-11","2026-03-03","Snacks",""
"2026-02-16 16:18:13","991629358","Pampers Swaddlers Super Pack","","","","33.99","member price","","Pampers","2026-02-11","2026-03-03","Personal Care",""
"2026-02-16 16:18:14","991629330","Clorox Cleaning Products","15% OFF Member Price","","","","","","Clorox","2026-02-11","2026-03-03","Household",""
"2026-02-16 16:18:14","991629351","CLIF, Luna or CLIF Builders Bar","","","3 /","4.0","when you buy 3","5.0","","2026-02-11","2026-03-03","Snacks",""
"2026-02-19 14:56:57","993193633","Lay's Potato Chips or Poppables 5 to 8-oz. Smartfood Popcorn 5 to 10-oz.","","","2 for","5.0","member price","","Lay's | Smartfood","2026-02-20","2026-02-20","Snacks",""
"2026-02-19 14:56:58","993193777","CARANDO","","","","","","","","2026-02-18","2026-02-24","Meat & Seafood",""
"2026-02-19 14:56:58","993193283","White Claw, Twisted Tea or Bear Republic","","","","19.99","member price","","White Claw | Twisted Tea | Bear Republic","2026-02-18","2026-02-24","Beverages",""
"2026-02-19 14:56:59","993193541","Red Bull Energy Drink","","","","2.29","ea member price","","Red Bull","2026-02-18","2026-02-24","Beverages",""
"2026-02-19 14:57:00","993194120","Mars Share Size Candy","","","2 for","5.0","member price","","","2026-02-18","2026-02-24","Snacks",""
"2026-02-19 14:57:00","993193831","Magnum Ice Cream Bars 3-ct., Yasso Novelties 4-ct.","EARN 2X POINTS","","","5.99","member price","","Magnum | Yasso","2026-02-18","2026-02-24","Frozen",""
"2026-02-19 14:57:01","993193532","Mission Large Flour Tortillas","","","","2.99","ea member price","","Mission","2026-02-18","2026-02-24","Pantry",""
"2026-02-19 14:57:01","993193668","Spray of Roses","","","","5.0","ea member price","","","2026-02-20","2026-02-20","Floral",""
"2026-02-19 14:57:02","993193872","Red Lobster Biscuit Mix","","","","2.49","ea member price","","Red Lobster","2026-02-18","2026-02-24","Pantry",""
"2026-02-19 14:57:02","993194310","Beechnut Organics Jar","","","","1.79","member price","","Beech-Nut","2026-02-18","2026-02-24","Pantry",""
"2026-02-19 14:57:03","993193901","FIJI Artesian Water","EARN 2X POINTS","","","5.99","member price","","FIJI Water","2026-02-18","2026-02-24","Beverages",""
"2026-02-19 14:57:04","993194105","Nerds Gummy Clusters Bag","","","","7.99","member price","","Nerds","2026-02-18","2026-02-24","Snacks",""
"2026-02-19 14:57:04","993193892","POM Wonderful Tea","EARN 2X POINTS","","2 for","4.0","member price","","POM Wonderful","2026-02-18","2026-02-24","Beverages",""
"2026-02-19 14:57:05","993193273","Josh Cellars, Korbel or Joel Gott 750-ml.","","","","10.79","ea member price when you buy 6 or more","","","2026-02-18","2026-02-24","Beverages",""
"2026-02-19 14:57:05","993193307","Safeway Stock Up","","","","","","","","2026-02-18","2026-02-24","Other",""
"2026-02-19 14:57:06","993193248","Rana Pasta 10-oz. Sauce 7 to 11-oz.","BUY 1 GET 1 FREE When you Buy 2 Member Price","","","","","","Rana","2026-02-18","2026-02-24","Deli & Prepared Foods",""
"2026-02-19 14:57:06","993193891","Smartwater","","","","23.99","member price","","Smartwater","2026-02-18","2026-02-24","Beverages",""
"2026-02-19 14:57:07","993193616","$5 lb. Member Price Boneless Chicken Wings General Tso's, Honey BBQ or Buffalo.Tater Kegs Original or Bacon Cheddar. $5 ea. Member Price Reser's American Classics Salad 48-oz.","","","","5.0","member price","","Reser's","2026-02-20","2026-02-20","Deli & Prepared Foods",""
"2026-02-19 14:57:07","993193881","Fresh Pass","5% off","","","","","","","2026-02-18","2026-02-24","Other",""
"2026-02-19 14:57:08","993194187","Groceries","","","","","","","","2026-02-18","2026-02-24","Other",""
"2026-02-19 14:57:08","993193621","Sourdough Rounds or Loaves Bread","","","","2.49","member price","","","2026-02-18","2026-02-24","Bakery",""
"2026-02-19 14:57:09","993193599","Seafood Meal Deal","","","4 for","20.0","member price when you buy 4","","","2026-02-18","2026-02-24","Meat & Seafood",""
"2026-02-19 14:57:09","993193048","Broccoli Crowns Signature SELECT® Peeled Baby-Cut Carrots 1-lb. bag. Green Bell Pepper","","","","0.99","member price","","Signature SELECT","2026-02-18","2026-02-24","Produce",""
"2026-02-19 14:57:09","993193052","Signature SELECT® 90% Lean Ground Beef Value Pack. Sold by the pound. Oscar Mayer Bacon 12-oz","","","","5.99","member price","","Signature SELECT® | Oscar Mayer","2026-02-18","2026-02-24","Meat & Seafood",""
"2026-02-19 14:57:10","993193665","Tide Liquid Laundry Detergent 32 to 34-oz.Gain Laundry Detergent 46-oz. Liquid or 16-ct. Flings. Bounty Essentials Paper Towels 2-Triple Rolls.","","","","5.0","ea member price","","Tide | Gain | Bounty","2026-02-20","2026-02-20","Household",""
"2026-02-19 14:57:11","993193050","Nabisco Family Size Oreo Cookies 10.68 to 18.71-oz. Snack Crackers 11.5 to 14-oz. Chips Ahoy! Cookies 9.31 to 19.5-oz.","","","","3.49","ea member price","","Nabisco","2026-02-18","2026-02-24","Snacks",""
"2026-02-19 14:57:11","993193521","Waterfront Bistro® Fin Fish Fillets","","","","9.99","ea member price","","WATERFRONT BISTRO®","2026-02-18","2026-02-24","Meat & Seafood",""
"2026-02-19 14:57:12","993193522","Foster Farms Shredded Chicken Breast","","","","6.99","ea member price","","Foster Farms","2026-02-18","2026-02-24","Meat & Seafood",""
"2026-02-19 14:57:12","993193534","Dannon Greek, Triple Zero or Too Good Greek Yogurt","","","","3.99","ea member price","","","2026-02-18","2026-02-24","Dairy & Eggs",""
"2026-02-19 14:57:13","993193524","McCormick Seasoning Mix","EARN 2x POINTS","","","0.69","ea member price","","McCormick","2026-02-18","2026-02-24","Pantry",""
"2026-02-19 14:57:13","993193540","General Mills Family Size Cereal 18.4 to 24-oz. Nature Valley Protein Bars 5-ct. Annie's Homegrown Fruit Snacks 10-ct.","","","","3.99","ea member price","","General Mills | Nature Valley | Annie's","2026-02-18","2026-02-24","Pantry",""
"2026-02-19 14:57:14","993193650","Lindsay Olives Hunt's Snack Pack Pudding","","","4 for","5.0","member price","","Lindsay | Snack Pack","2026-02-20","2026-02-20","Pantry",""
"2026-02-19 14:57:14","993193890","Powerade, 8-pack, 12-oz., Topo Chico Sabores 8-pack, 12-oz","Buy† $25 of participating products SAVE $5 with for U","","","6.99","member price","","Topo Chico | Powerade","2026-02-18","2026-02-24","Beverages",""
"2026-02-19 14:57:15","993193870","Krusteaz Cornbread Mix","","","","2.49","ea member price","","Krusteaz","2026-02-18","2026-02-24","Pantry",""
"2026-02-19 14:57:15","993193614","Fresh Whole Dungeness Crab","","","","9.99","lb member price","","","2026-02-18","2026-02-24","Meat & Seafood",""
"2026-02-19 14:57:15","993194227","Signature Care® or Signature SELECT® Pain Relief","","","","13.99","member price","","Signature Care | Signature SELECT","2026-02-18","2026-02-24","Health & Wellness",""
"2026-02-19 14:57:16","993193859","Pepperidge Farm Goldfish Crackers","EARN 4X POINTS","","","7.99","ea member price","","Pepperidge Farm","2026-02-18","2026-02-24","Snacks",""
"2026-02-19 14:57:17","993193899","Jackson's Sweet Potato Chips","EARN 2X POINTS","","2 for","7.0","member price","","Jackson's","2026-02-18","2026-02-24","Snacks",""
"2026-02-19 14:57:17","993193896","Sumo Citrus","EARN 2X POINTS","","","5.99","ea member price","","Sumo Citrus","2026-02-18","2026-02-24","Produce",""
"2026-02-19 14:57:18","993193233","Broccoli Crunch Salad","","","","7.99","lb","","","2026-02-18","2026-02-24","Deli & Prepared Foods",""
"2026-02-19 14:57:18","993193646","Half Pie 9-inch. Fresh Baked., Overjoyed® Snack Bites","","","","5.0","ea member price","","Overjoyed®","2026-02-20","2026-02-20","Bakery",""
"2026-02-19 14:57:19","993193905","Gas Rewards","","","","","","","","2026-02-18","2026-02-24","Other",""
"2026-02-19 14:57:19","993193287","Lucerne® Flavored Creamer","EARN 4X POINTS","","","2.99","member price","","Lucerne®","2026-02-18","2026-02-24","Dairy & Eggs",""
"2026-02-19 14:57:20","993193249","La Brea Twin Baguettes or Rolls","","","Starting at","4.99","","","La Brea Bakery","2026-02-18","2026-02-24","Bakery",""
"2026-02-19 14:57:20","993193538","Pepperidge Farm Milano, Sweet & Simple or Chunk Cookies","","","","3.99","ea member price","","Pepperidge Farm","2026-02-18","2026-02-24","Snacks",""
"2026-02-19 14:57:21","993193828","Chobani Greek, Less Sugar or Zero Sugar Greek Yogurt","","","10 for","10.0","member price","","Chobani","2026-02-18","2026-02-24","Dairy & Eggs",""
"2026-02-19 14:57:21","993193840","Kellogg's Giant Size Cereal","EARN 4X POINTS","","","4.99","ea member price","","Kellogg's","2026-02-18","2026-02-24","Pantry",""
"2026-02-19 14:57:22","993193904","ALL Fresh Cut","BUY 2 GET 1 FREE","","","","","","","2026-02-18","2026-02-24","Floral",""
"2026-02-19 14:57:23","993193903","Clamato","","","2 for","5.0","member price","","clamato","2026-02-18","2026-02-24","Beverages",""
"2026-02-19 14:57:23","993193291","smartwater","EARN 4x for U POINTS STOCK UP SALE!","","3 for","5.0","member price","","Smartwater","2026-02-18","2026-02-24","Beverages",""
"2026-02-19 14:57:24","993193292","Cheez-It Family Size Crackers","EARN 4X POINTS","","","4.99","member price","","Cheez-It","2026-02-18","2026-02-24","Snacks",""
"2026-02-19 14:57:24","993193542","Tito's","","","","14.99","ea member price","","Tito's","2026-02-18","2026-02-24","Beverages",""
"2026-02-19 14:57:25","993193543","Bertolli Dinner Entrée","","","","5.99","ea member price","","Bertolli","2026-02-18","2026-02-24","Frozen",""
"2026-02-19 14:57:25","993193041","Thomas' Bagels, English Muffins or Swirl Bread 10.5 to 20-oz. Entenmann's 8.25 to 18-oz.","BUY 1 GET 1 FREE, Member Price When you Buy 2","","","","","","","2026-02-18","2026-02-24","Bakery",""
"2026-02-19 14:57:26","993193043","Waterfront Bistro® Salmon Fillets 16-oz. Frozen. Selected varieties. Cod Fillets 16-oz. Frozen. Large Cooked Shrimp 31 to 40-ct. Sold in a 2-lb. bag. Frozen. Gorton's, Van de Kamp's or SeaPak Seafood 9 to 24.5-oz. Selected varieites. Northern Chef seafood","BUY 1 GET 1 FREE Member Price When you Buy 2","","","","","","Waterfront Bistro® | Gorton's | Van de Kamp's | SeaPak | Northern Chef","2026-02-18","2026-02-24","Frozen",""
"2026-02-19 14:57:26","993193306","Kleenex Facial Tissue","EARN 4x POINTS","","","7.99","member price","","Kleenex","2026-02-18","2026-02-24","Household",""
"2026-02-19 14:57:26","993193539","AriZona Tea 22-oz. can. Signature SELECT® Sparkling Water Beverage Liter.","","","","0.79","ea member price","","AriZona | Signature SELECT®","2026-02-18","2026-02-24","Beverages",""
"2026-02-19 14:57:27","993193221","Hot House Tomatoes","","","","2.99","lb member price","","","2026-02-18","2026-02-24","Produce",""
"2026-02-19 14:57:28","993193895","Rockit Apples","EARN 2X POINTS","","","6.99","ea member price","","Rockit","2026-02-18","2026-02-24","Produce",""
"2026-02-19 14:57:28","993193604","Chicken of the Sea or StarKist Chunk Light Tuna","","","","0.99","member price","","Chicken of the Sea | StarKist","2026-02-18","2026-02-24","Pantry",""
"2026-02-19 14:57:28","993193893","Wonderful Pistachios","EARN 2x POINTS","","","5.99","ea member price","","Wonderful","2026-02-18","2026-02-24","Snacks",""
"2026-02-19 14:57:29","993194041","Easter Kids Toys","25% OFF Member Price","","","","","","","2026-02-18","2026-02-24","Other",""
"2026-02-19 14:57:29","993194128","Hot Wheels Basic Car","","","4 for","5.0","member price","","Hot Wheels","2026-02-18","2026-02-24","Other",""
"2026-02-19 14:57:30","993193036","Signature SELECT® Chicken Drumsticks or Thighs Value Pack. Sold by the pound., Butterball 93% Lean Ground Turkey 16-oz. Sold by the each. 16 - oz. Sold by the each.","BUY 1 GET 1 FREE Member Price When you Buy 2","","","","","","Signature SELECT® | Butterball","2026-02-18","2026-02-24","Meat & Seafood",""
"2026-02-19 14:57:31","993193045","Kellogg's Cereal 11.6 to 12.2-oz. Frosted Flakes, 14.3 to 18-oz. Frosted Mini-Wheats or 7.8 to 9.3-oz. Froot Loops. Pop-Tarts 8-ct. Nature Valley Bars 5 to 12-ct.","","","","2.49","ea member price when you buy 3","","Kellogg's | Pop-Tarts | Nature Valley","2026-02-18","2026-02-24","Pantry",""
"2026-02-19 14:57:31","993194228","Dove or Dove Men's Deodorant","","","","8.99","member price","","Dove","2026-02-18","2026-02-24","Personal Care",""
"2026-02-19 14:57:32","993193037","Hass Avocado or Mango","","","4 for","5.0","member price","","","2026-02-18","2026-02-24","Produce",""
"2026-02-19 14:57:32","993193040","Cheetos, Doritos, NKD, Simply or Miss Vickie's Chips","BUY 2 GET 2 FREE Member Price When you Buy 4","","","","","","Cheetos | Doritos | Simply | Miss Vickie's","2026-02-18","2026-02-24","Snacks",""
"2026-02-19 14:57:33","993193535","Land O'Lakes Butter","","","","3.99","ea member price","","Land O'Lakes","2026-02-18","2026-02-24","Dairy & Eggs",""
"2026-02-19 14:57:33","993193537","Philadelphia Cream Cheese","","","","2.49","ea member price","","PHILADELPHIA","2026-02-18","2026-02-24","Dairy & Eggs",""
"2026-02-19 14:57:34","993194011","Kids Plush","25% OFF Member Price","","","","","","","2026-02-18","2026-02-24","Other",""
"2026-02-19 14:57:34","993194219","Signature SELECT® Utility Lighter","","","2 for","7.0","member price","","Signature SELECT®","2026-02-18","2026-02-24","Household",""
"2026-02-19 14:57:35","993194061","Paas Egg Coloring Kits","25% OFF Member Price","","","","","","","2026-02-18","2026-02-24","Other",""
"2026-02-19 14:57:36","993194089","M&M's Easter Lay Down Bag","","","","4.99","member price","","M&Ms","2026-02-11","2026-03-03","Snacks",""
"2026-02-19 14:57:37","993194153","Tylenol Pain Relief","","","","16.99","member price","","Tylenol","2026-02-18","2026-03-03","Health & Wellness",""
"2026-02-19 14:57:37","993194237","Schick Hydro or Intuition Razor","","","","6.99","ea","10.99","Schick | Intuition","2026-02-18","2026-03-03","Personal Care",""
"2026-02-19 14:57:37","993194281","Yankee Candle","BUY 1 GET 1 FREE Member Price When you Buy 2","","","","","","Yankee Candle","2026-02-18","2026-02-24","Household",""
"2026-02-19 14:57:38","993194311","Johnson & Johnson Baby Care","","","","5.99","member price","","JOHNSON & JOHNSON","2026-02-18","2026-02-24","Personal Care",""
"2026-02-19 14:57:39","993193038","Signature SELECT® Mandarins","","","","3.99","ea member price","","Signature SELECT®","2026-02-18","2026-02-24","Produce",""
"2026-02-19 14:57:40","993193196","USDA Choice Beef for Stew Meat or Cube Steak","EARN 2X POINTS","","","9.99","lb member price","","","2026-02-18","2026-02-24","Meat & Seafood",""
"2026-02-19 14:57:41","993193212","Jumbo Cooked Shrimp","","","","9.99","lb member price","","","2026-02-18","2026-02-24","Meat & Seafood",""
"2026-02-19 14:57:41","993193536","Tropicana Orange Juice 46-oz. Chobani Oatmilk 52-oz.","","","","3.49","ea member price","","","2026-02-18","2026-02-24","Beverages",""
"2026-02-19 14:57:42","993193900","Wonderful Seedless Lemons","EARN 2X POINTS","","","3.99","ea member price","","Wonderful","2026-02-18","2026-02-24","Produce",""
"2026-02-19 14:57:43","993194297","GE Light Bulbs","Spend $10 Save $5 with your Member Account","","","","","","GE","2026-02-18","2026-02-24","Household",""
"2026-02-19 14:57:44","993193531","Progresso Soup","EARN 4X POINTS","","","2.49","ea member price","","Progresso","2026-02-18","2026-02-24","Pantry",""
"2026-02-19 14:57:44","993193049","Sargento Shredded or Sliced Cheese","","","","1.99","ea member price","","Sargento","2026-02-18","2026-02-24","Dairy & Eggs",""
"2026-02-19 14:57:45","993194349","GoMacro Bar","","","2 for","5.0","member price","","GoMacro","2026-02-18","2026-02-24","Health & Wellness",""
"2026-02-19 14:57:45","993193533","Dave's Killer Bread","","","","5.99","ea member price","","Dave's Killer","2026-02-18","2026-02-24","Bakery",""
"2026-02-19 14:57:46","993193638","Soleil® Sparkling Water","","","2 for","5.0","member price","","Soleil®","2026-02-20","2026-02-20","Beverages",""
"2026-02-19 14:57:46","993193546","Safeway for u","","","","","","","","2026-02-18","2026-02-24","Other",""
"2026-02-19 14:57:47","993193657","Lobster Tail","","","","5.0","ea member price","","","2026-02-20","2026-02-20","Meat & Seafood",""
"2026-02-19 14:57:47","993193054","Safeway for U","","","","","","","","2026-02-18","2026-02-24","Other",""
"2026-02-19 14:57:47","993193902","KICKIN' Chicken MEAL DEAL","","","","15.0","ea member price","","","2026-02-18","2026-05-26","Deli & Prepared Foods",""
"2026-02-19 14:57:48","993193887","Coca-Cola","BUY 2 GET 1 FREE Member Price When you buy 3, Buy† $25 of participating products SAVE $5 with for u Plus be automatically entered for a chance to SCORE A TRIP TO A FIFA WORLD CUP 26™ MATCH","","","","","","Coca-Cola","2026-02-18","2026-02-24","Beverages",""
"2026-02-19 14:57:49","993193898","Nasoya Organic Dumplings","EARN 4X POINTS. BUY 1 GET 1 FREE When you Buy 2 Member Price","","","","","","Nasoya","2026-02-18","2026-02-24","Frozen",""
"2026-02-19 14:57:49","993193894","Coca-Coca Products","Buy† $25 of participating product SAVE $5 with for U Plus be automatically entered for a chance to SCORE A TRIP TO A FIFA WORLD CUP 26™ MATCH","","","","","","","2026-02-18","2026-02-24","Beverages",""
"2026-02-19 14:57:50","993193889","Simply Orange Juice","","","","8.99","","","","2026-02-18","2026-02-24","Beverages",""
"2026-02-19 14:57:51","993193897","Fresh Express Family Size Iceberg Shreds","EARN 2X POINTS","","","2.99","ea member price","","Fresh Express","2026-02-18","2026-02-24","Produce",""
"2026-02-19 14:57:51","993194019","Hershey's Kisses Lay Down Bag","","","","5.49","","","Hershey's","2026-02-18","2026-02-24","Snacks",""
"2026-02-19 14:57:52","993194081","Bubbles or Chalk","25% OFF Member Price","","","","","","","2026-02-18","2026-02-24","Other",""
"2026-02-19 14:57:53","993194214","Signature Care® Cough Drops","EARN 2X POINTS","","2 for","4.0","member price","","Signature Care®","2026-02-18","2026-02-24","Health & Wellness",""
"2026-02-19 14:57:54","993194343","Signature Care® Vitamins","EARN 2x POINTS, BUY 1 GET 1 FREE When You Buy 2 Member Price","","","","","","Signature Care®","2026-02-18","2026-02-24","Health & Wellness",""
"2026-02-19 14:57:55","993193044","Starbucks Coffee","","","","7.99","ea member price when you buy 2","","Starbucks","2026-02-18","2026-02-24","Beverages",""
"2026-02-19 14:57:55","993193053","Corona, Lagunitas, Sierra Nevada or Pacifico","","","","12.99","ea member price","","Corona | Lagunitas | Sierra Nevada | Pacifico","2026-02-18","2026-02-24","Beverages",""
"2026-02-19 14:57:55","993193034","Fresh Atlantic Salmon Whole Fillet","","","","7.99","lb member price","","","2026-02-18","2026-02-24","Meat & Seafood",""
"2026-02-19 14:57:56","993193035","USDA Choice Boneless Beef Top Round London Broil Value Pack. Boneless Beef Bottom Round Roast Mega Pack","","","","5.99","lb member price","","","2026-02-18","2026-02-24","Meat & Seafood",""
"2026-02-19 14:57:56","993193039","Fresh Cut Produce","BUY 2 GET 1 FREE Member Price When you Buy 3","","","","","","","2026-02-18","2026-02-24","Produce",""
"2026-02-19 14:57:57","993193046","Coca-Cola, Pepsi, 7UP or Dr Pepper","","","","12.99","member price","","Coca-Cola | Pepsi | 7UP | Dr Pepper","2026-02-18","2026-02-24","Beverages",""
"2026-02-19 14:57:57","993193047","Lucerne® Cage Free Eggs","","","","2.99","ea member price","","Lucerne®","2026-02-18","2026-02-24","Dairy & Eggs",""
"2026-02-19 14:57:58","993193051","Lean Cuisine Entrée 6 to 11-oz. Favorites 8.5 to 11.5-oz. Stouffer's Mid Tier Entrée 8.37 to 12.62-oz. Side 12-oz.","","","","1.99","ea member price","","Lean Cuisine | Stouffer's","2026-02-18","2026-02-24","Frozen",""
"2026-02-19 14:57:58","993193192","Signature SELECT® Pork Spareribs","","","","3.99","lb member price","","Signature SELECT®","2026-02-18","2026-02-24","Meat & Seafood",""
"2026-02-19 14:57:59","993193194","Chef's Counter™ Marinated Tri Tip Roast","","","","8.99","lb member price","","Chef's Counter","2026-02-18","2026-02-24","Meat & Seafood",""
"2026-02-19 14:57:59","993193042","Dreyer's 1.5-qt. Nestlé Outshine Fruit Bars 4 to 6-ct.","","","2 for","6.0","member price","","","2026-02-18","2026-02-24","Frozen",""
"2026-02-19 14:57:59","993193261","Signature SELECT® Mini Carnations","","","","4.99","member price","","Signature SELECT®","2026-02-18","2026-02-24","Floral",""
"2026-02-19 14:58:00","993193195","Rocky Free Range Whole Chicken","","","","1.99","lb member price","","ROCKY®","2026-02-18","2026-02-24","Meat & Seafood",""
"2026-02-19 14:58:00","993193204","Fresh Steelhead Trout Fillet","","","","9.99","lb member price","","","2026-02-18","2026-02-24","Meat & Seafood",""
"2026-02-19 14:58:01","993193242","Navel Oranges","EARN 4x POINTS","","","5.99","ea member price","","","2026-02-18","2026-02-24","Produce",""
"2026-02-19 14:58:01","993193216","Signature SELECT® Boneless Pork Top Loin Chops","EARN 2X POINTS","","","3.99","lb member price","","Signature SELECT®","2026-02-18","2026-02-24","Meat & Seafood",""
"2026-02-19 14:58:02","993193523","Oscar Mayer Lunchmeat","","","","4.99","ea member price","","Oscar Mayer","2026-02-18","2026-02-24","Deli & Prepared Foods",""
"2026-02-19 14:58:02","993193544","Birds Eye Steamfresh Vegetables","","","","1.99","ea member price","","Birds Eye","2026-02-18","2026-02-24","Frozen",""
"2026-02-19 14:58:02","993193528","Tide Laundry Pods 45, 57 or 76-ct. Liquid Laundry Detergent 117 to 132-oz.","EARN 4X POINTS","","","14.99","ea member price","","Tide","2026-02-18","2026-02-24","Household",""
"2026-02-19 14:58:03","993193545","1800 Tequila","","","","19.99","ea member price","","1800 Tequila","2026-02-18","2026-02-24","Beverages",""
"2026-02-19 14:58:03","993193818","Signature SELECT® Unsalted Walnut Halves & Pieces","","","","5.99","ea member price","","Signature SELECT®","2026-02-18","2026-02-24","Pantry",""
"2026-02-19 14:58:04","993193223","Green or Red Seedless Grapes","","","","4.99","lb","","","2026-02-18","2026-02-24","Produce",""
"2026-02-19 14:58:04","993193229","O Organics® Salad Blends","","","","5.0","ea member price","","O Organics®","2026-02-18","2026-02-24","Produce",""
"2026-02-19 14:58:05","993193239","Primo Taglio® Parmesan Cheese","","","","3.99","ea member price","","Primo Taglio®","2026-02-18","2026-02-24","Dairy & Eggs",""
"2026-02-19 14:58:05","993193277","Duckhorn, Ferrari-Carano or St. Francis","","","","17.99","ea member price when you buy 6 or more","","Duckhorn | Ferrari-Carano | St. Francis","2026-02-18","2026-02-24","Beverages",""
"2026-02-19 14:58:06","993193218","Smoked Applewood or Peppered Bacon","","","","7.99","lb member price","","","2026-02-18","2026-02-24","Meat & Seafood",""
"2026-02-19 14:58:06","993193231","Lemon","","","","0.99","ea","","","2026-02-18","2026-02-24","Produce",""
"2026-02-19 14:58:07","993193213","Red, Orange or Yellow Bell Pepper","","","2 for","4.0","member price","","","2026-02-18","2026-02-24","Produce",""
"2026-02-19 14:58:07","993193215","SugarBee Apples","","","","2.99","lb member price","","","2026-02-18","2026-02-24","Produce",""
"2026-02-19 14:58:08","993193222","Cucumber","","","","0.99","ea","","","2026-02-18","2026-02-24","Produce",""
"2026-02-19 14:58:08","993193250","Mini Croissants","","","","4.99","member price","","","2026-02-18","2026-02-24","Bakery",""
"2026-02-19 14:58:08","993193237","Signature SELECT® Whole Roasted Chicken","","","Starting at","8.99","ea","","Signature SELECT®","2026-02-18","2026-02-24","Deli & Prepared Foods",""
"2026-02-19 14:58:09","993193258","Hostess Multi-Pack","","","","4.99","member price","","Hostess","2026-02-18","2026-02-24","Snacks",""
"2026-02-19 14:58:10","993193256","Danishes","","","","5.99","member price","","","2026-02-18","2026-02-24","Bakery",""
"2026-02-19 14:58:10","993193262","Radiant Hydrangea Rose Mini Bouquet","","","","14.99","","","","2026-02-18","2026-02-24","Floral",""
"2026-02-19 14:58:11","993193290","Kellogg's Eggo Waffles","EARN 4X POINTS","","","5.99","member price","","Kellogg's","2026-02-18","2026-02-24","Frozen",""
"2026-02-19 14:58:11","993193276","Signature SELECT® Hybrid Lilies","","","","6.99","member price","","Signature SELECT®","2026-02-18","2026-02-24","Floral",""
"2026-02-19 14:58:12","993193282","California Grown Bouquet","","","","16.99","","","","2026-02-18","2026-02-24","Floral",""
"2026-02-19 14:58:12","993193288","Bacardi, Jose Cuervo or Evan Williams","","","","21.99","member price","","Bacardi | Jose Cuervo | Evan Williams","2026-02-18","2026-02-24","Beverages",""
"2026-02-19 14:58:13","993193301","Huggies Little Movers or Little Snugglers Giga Pack","EARN 4X POINTS","","","34.99","member price","","Huggies","2026-02-18","2026-02-24","Personal Care",""
"2026-02-19 14:58:13","993193302","Signature SELECT® Canned Vegetables","EARN 4X POINTS","","4 for","5.0","member price","","Signature SELECT®","2026-02-18","2026-02-24","Pantry",""
"2026-02-19 14:58:14","993193304","Signature SELECT® Mayonnaise","EARN 4X POINTS","","","3.99","member price","","Signature SELECT®","2026-02-18","2026-02-24","Pantry",""
"2026-02-19 14:58:14","993193525","Kellogg's Club or Town House Crackers 9.5 to 13.8-oz., Keebler Sandwich Crackers 8-pack, 1.38-oz., Quaker Chewy Granola Bars 5 to 8-ct.","","","","2.99","ea member price","","Kellogg's | Keebler | Quaker","2026-02-18","2026-02-24","Snacks",""
"2026-02-19 14:58:14","993193530","Charmin Bath Tissue 12-Mega Rolls. Bounty Paper Towels 6-Double Plus Rolls.","","","","14.99","ea member price","","Charmin | Bounty","2026-02-18","2026-02-24","Household",""
"2026-02-19 14:58:15","993193526","Signature SELECT® refreshe® Purified Drinking Water","","","","2.49","ea member price","","Signature SELECT®","2026-02-18","2026-02-24","Beverages",""
"2026-02-19 14:58:16","993193527","DiGiorno Rising Crust or Hand Tossed Pizza","","","","4.99","ea member price","","DiGiorno","2026-02-18","2026-02-24","Frozen",""
"2026-02-19 14:58:16","993193529","Sukhi's Rice Bowl","","","","6.99","ea member price","","Sukhi's","2026-02-18","2026-02-24","Deli & Prepared Foods",""
"2026-02-19 14:58:17","993193628","Strawberries","","","","5.0","ea member price","","","2026-02-20","2026-02-20","Produce",""
"2026-02-19 14:58:17","993193596","Fresh Large BBQ Oysters","","","","9.99","ea member price","","","2026-02-18","2026-02-24","Meat & Seafood",""
"2026-02-19 14:58:18","993193603","Fresh Atlantic Salmon Portion","","","","6.99","ea member price","","Fresh Atlantic","2026-02-18","2026-02-24","Meat & Seafood",""
"2026-02-19 14:58:18","993193608","Waterfront Bistro® or Open Nature® Mussels","","","2 for","5.0","member price","","Waterfront Bistro® | Open Nature®","2026-02-18","2026-02-24","Meat & Seafood",""
"2026-02-19 14:58:19","993193618","Waterfront Bistro® Jumbo Raw Shrimp","","","","5.0","lb member price","","WATERFRONT BISTRO®","2026-02-20","2026-02-20","Meat & Seafood",""
"2026-02-19 14:58:19","993193617","Signature SELECT® Pasta","","","4 for","5.0","member price","","Signature SELECT®","2026-02-18","2026-02-24","Pantry",""
"2026-02-19 14:58:20","993193635","Fresh Sushi Made Fresh Daily. Selected varieties. Wild Alaskan Pollock 4-Piece.","","","","5.0","ea member price","","","2026-02-20","2026-02-20","Deli & Prepared Foods",""
"2026-02-19 14:58:20","993193641","Fuji Apples or Large Navel Oranges","","","5 lbs for","5.0","member price","","","2026-02-20","2026-02-20","Produce",""
"2026-02-19 14:58:20","993193626","Primo Taglio® Ham or American Cheese","","","","5.0","lb member price","","Primo Taglio®","2026-02-20","2026-02-20","Deli & Prepared Foods",""
"2026-02-19 14:58:21","993193645","Signature SELECT® Extra Meaty Pork Loin Back Ribs","","","","5.0","lb member price","","Signature SELECT®","2026-02-20","2026-02-20","Meat & Seafood",""
"2026-02-19 14:58:22","993193658","Signature SELECT® Thick Cut Bacon","","","","5.0","lb member price","","Signature SELECT®","2026-02-20","2026-02-20","Meat & Seafood",""
"2026-02-19 14:58:22","993193655","MontPellier","","","","5.0","ea member price","","Montpellier","2026-02-20","2026-02-20","Beverages",""
"2026-02-19 14:58:23","993193662","Lucerne® Chunk Cheese","","","2 for","5.0","member price","","Lucerne®","2026-02-20","2026-02-20","Dairy & Eggs",""
"2026-02-19 14:58:23","993193830","Lifeway Kefir Smoothie","EARN 2x POINTS","","","3.99","member price","","Lifeway","2026-02-18","2026-02-24","Dairy & Eggs",""
"2026-02-19 14:58:24","993193827","Cacique Queso Fresco 10-oz. Crema 15-oz.","","","","3.99","member price","","Cacique","2026-02-18","2026-02-24","Dairy & Eggs",""
"2026-02-19 14:58:24","993193837","Panera Soup","","","","9.99","ea member price","","Panera","2026-02-18","2026-02-24","Deli & Prepared Foods",""
"2026-02-19 14:58:25","993193863","Krusteaz Pancake or Waffle Mix","","","","2.49","ea member price","","Krusteaz","2026-02-18","2026-02-24","Pantry",""
"2026-02-19 14:58:25","993193888","Health-Ade Kombucha","EARN 2x POINTS","","2 for","7.0","member price","","Health-Ade","2026-02-18","2026-02-24","Beverages",""
"2026-02-19 14:58:25","993194170","Listerine Mouthwash","","","","8.99","member price","","Listerine","2026-02-18","2026-02-24","Personal Care",""
"2026-02-19 14:58:26","993194198","Signature SELECT® Travel Size Hand Sanitizer","EARN 2x POINTS","","2 for","3.0","member price","","Signature SELECT®","2026-02-18","2026-02-24","Personal Care",""
"2026-02-19 14:58:27","993194327","Gerber Puffs Snacks","","","","2.99","member price","","Gerber","2026-02-18","2026-02-24","Snacks",""
"2026-02-19 14:58:27","993194350","Pharmacy","","","","","","","","2026-02-18","2026-02-24","Health & Wellness",""
"2026-02-26 15:37:21","994608793","Driscolls Strawberries","","","2 for","4.0","member price","","Driscoll's","2026-02-25","2026-03-03","Produce",""
"2026-02-26 15:37:22","994611744","4-Piece Fried Chicken","","","","4.99","ea member price","","","2026-02-25","2026-03-03","Deli & Prepared Foods",""
"2026-02-26 15:37:22","994612366","Frito Lay Variety Pack","","","","8.99","ea member price","","Frito-Lay","2026-02-25","2026-03-03","Snacks",""
"2026-02-26 15:37:23","994612320","Hormel Black Label Bacon","","","","7.99","ea member price","","Hormel","2026-02-25","2026-03-03","Meat & Seafood",""
"2026-02-26 15:37:23","994613319","Lifesavers, Skittles or Starburst Candy","","","2 for","5.0","member price","","Lifesavers | Skittles | Starburst","2026-02-25","2026-03-03","Snacks",""
"2026-02-26 15:37:24","994612376","belVita Breakfast Biscuits 5 to 8.8-oz. Nabisco Ritz Sandwich Crackers 8-ct.","","","","2.99","ea member price","","belVita | Nabisco","2026-02-25","2026-03-03","Snacks",""
"2026-02-26 15:37:25","994612365","Healthy Choice Simply Steamers 9 to 10-oz. Marie Callender's Pot Pie 14 to 15-oz.","","","","3.49","ea member price","","Healthy Choice | Marie Callender's","2026-02-25","2026-03-03","Frozen",""
"2026-02-26 15:37:25","994613419","Lysol Air Sanitizer Spray","","","","8.99","ea","10.99","Lysol","2026-02-25","2026-03-03","Household",""
"2026-02-26 15:37:26","994612705","Cheesecake Platter","","","","5.0","ea member price","","","2026-02-27","2026-02-27","Bakery",""
"2026-02-26 15:37:26","994612686","Chicken Tenders Original or Nashville Hot. Smoked Sausage With Mango Habanero Sauce. JoJo Potato Wedges","","","","5.0","lb member price","","","2026-02-27","2026-02-27","Deli & Prepared Foods",""
"2026-02-26 15:37:27","994613304","Children's Tylenol or Motrin","","","","8.99","member price","","Tylenol | Motrin","2026-02-25","2026-03-03","Health & Wellness",""
"2026-02-26 15:37:28","994613401","Always Ultra Thin or Maxi Pads","","","","10.99","member price","","Always","2026-02-25","2026-03-03","Personal Care",""
"2026-02-26 15:37:28","994613443","Dove Bar Soap","","","","12.99","member price","","Dove","2026-02-25","2026-03-03","Personal Care",""
"2026-02-26 15:37:29","994613468","Pampers Swaddlers Super Pack","","","","33.99","member price","","Pampers","2026-02-25","2026-03-03","Household",""
"2026-02-26 15:37:29","994613474","Beechnut Organics Jar","","","","1.79","member price","","Beech-Nut","2026-02-25","2026-03-03","Pantry",""
"2026-02-26 15:37:30","994612730","Boston Cream Cake","","","","5.0","ea member price","","","2026-02-27","2026-02-27","Bakery",""
"2026-02-26 15:37:30","994613250","Pepto Bismol Liquid or Tablets","","","","7.99","member price","","Pepto-Bismol","2026-02-25","2026-03-03","Health & Wellness",""
"2026-02-26 15:37:31","994613265","Easter Plush","25% OFF Member Price","","","","","","","2026-02-25","2026-03-03","Other",""
"2026-02-26 15:37:32","994613302","Bendon Coloring or Activity Book","20% OFF Member Price","","","","","","Bendon","2026-02-25","2026-03-03","Other",""
"2026-02-26 15:37:32","994613395","Clorox Cleaning Products","15% OFF Member Price","","","","","","Clorox","2026-02-25","2026-03-03","Household",""
"2026-02-26 15:37:33","994613425","OGX Shampoo or Conditioner","","","","6.99","ea when you buy 2","8.99","OGX","2026-02-25","2026-03-03","Personal Care",""
"2026-02-26 15:37:34","994612681","Wild Alaskan Pollock 4-Piece. Fresh Sushi Made Fresh Daily.","","","","5.0","ea member price","","","2026-02-27","2026-02-27","Deli & Prepared Foods",""
"2026-02-26 15:37:34","994612701","Breyers Ice Cream 1.5-qt. Klondike Novelties 4 to 6-ct.","","","2 for","5.0","member price","","Breyers | Klondike","2026-02-27","2026-02-27","Frozen",""
"2026-02-26 15:37:35","994612715","Frito-Lay Baked! Chips 6.25 to 7.62-oz. Lay's Potato Chips or Poppables 5 to 8-oz.","","","2 for","5.0","member price","","Frito-Lay","2026-02-27","2026-02-27","Snacks",""
"2026-02-26 15:37:35","994613318","Zyrtec Allergy Relief","","","","24.99","member price","","Zyrtec","2026-02-25","2026-03-03","Health & Wellness",""
"2026-02-26 15:37:36","994613467","O Organics® Baby Food Pouch","Earn 2x POINTS","","4 for","5.0","member price","","O Organics®","2026-02-25","2026-03-03","Pantry",""
"2026-02-26 15:37:36","994613370","Signature Care® Cough Drops","EARN 2X POINTS","","2 for","4.0","member price","","Signature Care®","2026-02-25","2026-04-28","Health & Wellness",""
"2026-02-26 15:37:37","994613379","Signature Care® Vitamins","BUY 1 GET 1 FREE Member Price When you Buy 2","","","","","","Signature Care","2026-02-25","2026-03-03","Health & Wellness",""
"2026-02-26 15:37:37","994612723","Buitoni Family Size Filled Pasta 20-oz. Sauce 11 to 15-oz.","","","","5.0","ea member price","","Buitoni","2026-02-27","2026-02-27","Deli & Prepared Foods",""
"2026-02-26 15:37:38","994612741","Blueberries, Raspberries or Blackberries","","","2 for","5.0","member price","","","2026-02-27","2026-02-27","Produce",""
"2026-02-26 15:37:39","994613075","De Cecco Pasta","","","2 for","5.0","member price","","DeCecco","2026-02-25","2026-03-03","Pantry",""
"2026-02-26 15:37:39","994613378","Legendary Foods Protein Donuts","","","2 for","7.0","member price","","Legendary Foods","2026-02-25","2026-03-03","Snacks",""
"2026-02-26 15:37:40","994613400","Muscle Milk Pro Shakes","","","","8.99","member price","","MUSCLE MILK","2026-02-25","2026-03-03","Beverages",""
"2026-02-26 15:37:41","994613421","Yankee Candle","BUY 1 GET 1 FREE When you buy 2 Member Price","","","","","","Yankee Candle","2026-02-25","2026-03-03","Household",""
"2026-02-26 15:37:42","994613462","Johnson & Johnson Baby Care","","","","5.99","member price","","JOHNSON & JOHNSON","2026-02-25","2026-03-03","Personal Care",""
"2026-02-26 15:37:43","994613480","CLIF, Luna or CLIF Builders Bar","","","3 /","4.0","when you buy 3","","CLIF | Luna","2026-02-25","2026-03-03","Snacks",""
"2026-02-26 15:37:43","994613482","Huggies Jumbo Pack Little Movers or Snugglers","","","","11.99","member price","","Huggies","2026-02-25","2026-03-03","Household",""
"2026-02-26 15:37:44","994608785","Lucerne® Milk","","","","1.99","ea member price","","Lucerne","2026-02-25","2026-03-03","Dairy & Eggs",""
"2026-02-26 15:37:45","994608817","Autumn Crisp Green or Red Seedless Grapes","","","","2.49","lb member price","","","2026-02-25","2026-03-03","Produce",""
"2026-02-26 15:37:45","994608857","Doritos Tortilla Chips 6 to 10.75-oz. Cheetos 6.5 to 10-oz. Lay's Kettle Potato Chips 7 to 8-oz. Frito-Lay Simply Snacks 4.5 to 6.5-oz.","","","","1.99","ea member price when you buy 4","","Doritos | Cheetos | Kettle | Frito-Lay","2026-02-25","2026-03-03","Snacks",""
"2026-02-26 15:37:46","994608928","Yoplait Yogurt 4 to 6-oz. Protein Yogurt 5.6-oz.","","","","0.39","ea member price","","Yoplait","2026-02-25","2026-03-03","Dairy & Eggs",""
"2026-02-26 15:37:47","994608658","Fresh Atlantic Salmon Portion 7-oz. Farm raised. Wild Caught Lobster Tail 3-oz.","","","","5.99","ea member price","","","2026-02-25","2026-03-03","Meat & Seafood",""
"2026-02-26 15:37:47","994608688","USDA Choice Boneless Beef Top Sirloin Steak","","","","5.99","lb member price","","","2026-02-25","2026-03-03","Meat & Seafood",""
"2026-02-26 15:37:48","994608758","Waterfront Bistro® Jumbo Raw Shrimp","","","","5.99","lb member price","","WATERFRONT BISTRO®","2026-02-25","2026-03-03","Meat & Seafood",""
"2026-02-26 15:37:48","994608759","Jennie-O 93% Lean Ground Turkey or Patties 16-oz. Signature SELECT® Pork Country Style Ribs","BUY 1 GET 1 FREE When you buy 2 Member Price","","","","","","Jennie-O | Signature SELECT®","2026-02-25","2026-03-03","Meat & Seafood",""
"2026-02-26 15:37:49","994608876","Nabisco Snack Crackers 3.5 to 9.1-oz. Ritz Crackers 8.8 to 13.7-oz. Chips Ahoy! Cookies 9.5 to 13-oz. Cheez-It or Snap'd Crackers 7.5 to 12.4-oz.","","","","2.49","ea member price when you buy 2","","Nabisco | Cheez-It","2026-02-25","2026-03-03","Snacks",""
"2026-02-26 15:37:49","994608807","Assorted Products","","","10 for","10.0","","","","2026-02-25","2026-03-03","Other",""
"2026-02-26 15:37:50","994608897","Coca-Cola, Pepsi, 7UP or Dr Pepper","BUY 2 GET 2 FREE Member Price When you Buy 4","","","","","","Coca-Cola | Pepsi | 7UP | Dr Pepper","2026-02-25","2026-03-03","Beverages",""
"2026-02-26 15:37:50","994608916","Oroweat Variety Bread 24-oz. Sun-Maid Raisin Bread 16-oz.","BUY 1 GET 1 FREE Member Price When you Buy 2","","","","","","Oroweat | Sun-Maid","2026-02-25","2026-03-03","Bakery",""
"2026-02-26 15:37:51","994608936","Campbell's Soup 16.1 to 19-oz. Swanson Broth 32-oz. O Organics® Dry Pasta 16-oz.","BUY 2 GET 3 FREE Member Price When you Buy 5","","","","","","Campbell's | Swanson | O Organics®","2026-02-25","2026-03-03","Pantry",""
"2026-02-26 15:37:51","994608960","Signature SELECT® Ice Cream 1.5-qt. Novelties 4-ct. Baskin Robbins Ice Cream","","","","2.99","ea member price","","Signature SELECT® | Baskin Robbins","2026-02-25","2026-03-03","Frozen",""
"2026-02-26 15:37:52","994608984","Lucerne® Shredded, Sliced or Chunk Cheese","","","","1.99","ea member price","","Lucerne®","2026-02-25","2026-03-03","Dairy & Eggs",""
"2026-02-26 15:37:52","994608968","Modelo 18-pack, 12-oz. Athletic 12-pack, 12-oz. Coors or Bud 30-pack, 12-oz. Michelob 24-pack, 12-oz.","","","","19.99","member price","","Modelo | Athletic Brewing Company | Coors | Budweiser | Michelob","2026-02-25","2026-03-03","Beverages",""
"2026-02-26 15:37:53","994611707","Signature SELECT® or Fresh Express Salad","EARN 2X POINTS","","2 for","3.0","member price","","Signature SELECT® | Fresh Express","2026-02-25","2026-04-28","Produce",""
"2026-02-26 15:37:54","994611710","Health-Ade Kombucha","Earn 2x POINTS","","2 for","7.0","member price","","Health-Ade","2026-02-25","2026-04-28","Beverages",""
"2026-02-26 15:37:54","994612158","Sumo Citrus","EARN 4x POINTS","","","3.99","lb member price","","Sumo Citrus","2026-02-25","2026-03-03","Produce",""
"2026-02-26 15:37:55","994612368","Red Baron Pizza","","","","3.99","ea member price","","Red Baron","2026-02-25","2026-03-03","Frozen",""
"2026-02-26 15:37:55","994612341","Guerrero Tostadas","","","","2.99","ea member price","","Guerrero","2026-02-25","2026-03-03","Pantry",""
"2026-02-26 15:37:56","994612665","Frank Family Chardonnay","Up to 20% OFF ALL 750-ML. WINE SPIRITS*","","","29.99","ea member price when you buy 6 or more","","Frank Family","2026-02-28","2026-03-01","Beverages",""
"2026-02-26 15:37:56","994612672","Tito's","","","","13.99","ea member price when you buy 6 or more","","Tito's","2026-02-28","2026-03-01","Beverages",""
"2026-02-26 15:37:57","994612731","Vitali or J. Brandt 750-ml., Barefoot Cellars 750-ml.","","","","5.0","ea member price","","Vitali | J. Brandt | Barefoot","2026-02-27","2026-02-27","Beverages",""
"2026-02-26 15:37:57","994613361","Signature SELECT® Utility Lighter","","","2 for","7.0","member price","","Signature SELECT®","2026-02-25","2026-03-03","Household",""
"2026-02-26 15:37:58","994611771","Dyed Daisy Poms","","","","6.99","member price","","","2026-02-25","2026-03-03","Floral",""
"2026-02-26 15:37:58","994611793","Platinum 7X 1.75-ltr. Bacardi 750-ml. VMC Cocktails 4-pack, 355-ml.","","","","11.99","member price","","Platinum 7X | Bacardi | VMC Cocktails","2026-02-25","2026-03-03","Beverages",""
"2026-02-26 15:37:58","994612398","Gatorade","","","","7.99","ea member price","","Gatorade","2026-02-25","2026-03-03","Beverages",""
"2026-02-26 15:37:59","994612668","Bogle","UP TO 20% OFF MIX & MATCH OVER 1,500 ITEMS ALL 750-ML. WINE & SPIRITS*","","","6.99","ea member price when you buy 6 or more","","Bogle","2026-02-28","2026-03-01","Beverages",""
"2026-02-26 15:37:59","994612669","Jameson","UP TO 20% OFF MIX & MATCH OVER 1,500 ITEMS ALL 750-ML. WINE & SPIRITS*","","","16.99","ea member price when you buy 6 or more","","Jameson","2026-02-28","2026-03-01","Beverages",""
"2026-02-26 15:38:00","994612739","7UP 10-pack, 7.5-oz. Lipton Tea 12-pack, 16.9-oz. Pure Leaf 6-pack, 16.9-oz.","","","","5.0","ea member price","","7UP | Lipton | Pure Leaf","2026-02-27","2026-02-27","Beverages",""
"2026-02-26 15:38:01","994613213","Dove Chocolate Candy","","","","9.99","member price","","Dove","2026-02-25","2026-03-03","Snacks",""
"2026-02-26 15:38:01","994613219","M & M's Easter Lay Down Bag","","","","4.99","member price","","M&Ms","2026-02-25","2026-03-03","Snacks",""
"2026-02-26 15:38:02","994613355","Signature SELECT® Travel Size Hand Sanitizer","EARN 2x POINTS","","2 for","3.0","member price","","Signature SELECT®","2026-02-25","2026-03-03","Personal Care",""
"2026-02-26 15:38:03","994613360","Signature Care® or Signature SELECT® Pain Relief","","","","13.99","member price","","Signature Care® | Signature SELECT®","2026-02-25","2026-03-03","Health & Wellness",""
"2026-02-26 15:38:04","994613380","Signature Care® Dental Flossers","","","2 for","6.0","member price","","Signature Care®","2026-02-25","2026-03-03","Personal Care",""
"2026-02-26 15:38:04","994613394","GoMacro Bar","","","2 for","5.0","member price","","GoMacro","2026-02-25","2026-03-03","Snacks",""
"2026-02-26 15:38:05","994613397","LÄRABAR","","","","6.99","member price","","Lärabar","2026-02-25","2026-03-03","Snacks",""
"2026-02-26 15:38:05","994613424","Signature Care® Food Storage","","","2 for","7.0","member price","","Signature Care®","2026-02-25","2026-03-03","Household",""
"2026-02-26 15:38:05","994613426","Schick Hydro or Intuition Razor","","","","6.99","ea","10.99","Schick","2026-02-25","2026-03-03","Personal Care",""
"2026-02-26 15:38:06","994613452","Boost High Protein Shakes","","","","10.99","member price","","Boost","2026-02-25","2026-03-03","Health & Wellness",""
"2026-02-26 15:38:07","994611661","Large Mango, Red, Orange, Yellow or Green Bell Pepper","","","4 for","5.0","member price","","","2026-02-25","2026-03-03","Produce",""
"2026-02-26 15:38:07","994611658","Signature SELECT® Chicken Boneless Skinless Breasts, Thighs or Wings","","","","2.99","lb member price","","Signature SELECT®","2026-02-25","2026-03-03","Meat & Seafood",""
"2026-02-26 15:38:08","994611750","Muffins","","","","4.99","member price","","","2026-02-25","2026-03-03","Bakery",""
"2026-02-26 15:38:08","994611742","Signature SELECT® or O Organics® Coffee","EARN 2x POINTS","","","29.99","member price","","Signature SELECT® | O Organics®","2026-02-25","2026-04-28","Beverages",""
"2026-02-26 15:38:09","994611659","Nabisco Snack Crackers 3.5 to 9.1-oz. Ritz Crackers 8.8 to 13.7-oz. Chips Ahoy! Cookies 9.5 to 13-oz. Cheez-It or Snap'd Crackers 7.5 to 12.4-oz.","","","","2.49","ea member price when you buy 2","","Nabisco | Cheez-It","2026-02-25","2026-03-03","Snacks",""
"2026-02-26 15:38:10","994611781","Open Nature® Granola","Earn 2x POINTS","","","3.99","member price","","Open Nature","2026-02-25","2026-04-28","Pantry",""
"2026-02-26 15:38:10","994611765","Boar's Head Green Salad","","","","8.99","ea","","Boar's Head","2026-02-25","2026-03-03","Deli & Prepared Foods",""
"2026-02-26 15:38:11","994611800","Decoy, La Crema or Gérard Bertrand","","","","14.99","ea member price when you buy 6 or more","","Decoy | La Crema | Gérard Bertrand","2026-02-25","2026-03-03","Beverages",""
"2026-02-26 15:38:12","994611748","Signature SELECT® Trash Bags","EARN 2x POINTS","","","8.99","member price","","Signature SELECT","2026-02-25","2026-04-28","Household",""
"2026-02-26 15:38:12","994611799","Kendall-Jackson Vintner's Reserve, Ferrari-Carano or Oyster Bay","","","","10.99","ea member price when you buy 6 or more","","Kendall-Jackson | Ferrari-Carano |Oyster Bay","2026-02-25","2026-03-03","Beverages",""
"2026-02-26 15:38:13","994611662","Signature SELECT® or Bonduelle Salad Bowl","","","","1.99","ea member price","","Signature SELECT® | Bonduelle","2026-02-25","2026-03-03","Deli & Prepared Foods",""
"2026-02-26 15:38:13","994611766","Brownies","","","","7.99","","","","2026-02-25","2026-03-03","Bakery",""
"2026-02-26 15:38:14","994611773","Festival of Flowers Bouquet","","","","14.99","","","","2026-02-25","2026-03-03","Floral",""
"2026-02-26 15:38:14","994611792","Painted Sunflowers","","","","7.99","","","","2026-02-25","2026-03-03","Floral",""
"2026-02-26 15:38:15","994611788","Dennison's Chili with Beans","Earn 2x POINTS","","3 for","5.0","member price","","Dennison's","2026-02-25","2026-04-28","Pantry",""
"2026-02-26 15:38:16","994611784","Signature SELECT® Baby Wipes","EARN 2X POINTS","","","5.99","member price","","Signature SELECT","2026-02-25","2026-04-28","Personal Care",""
"2026-02-26 15:38:16","994611786","Happy Holi Bouquet","","","","16.99","","","","2026-02-25","2026-03-03","Floral",""
"2026-02-26 15:38:17","994611698","Pork Shoulder Picnic Roast","EARN 2X POINTS","","","1.99","lb member price","","","2026-02-25","2026-04-28","Meat & Seafood",""
"2026-02-26 15:38:18","994611733","Boar's Head Cracked Peppermill Turkey","","","","12.99","lb member price","","Boar's Head","2026-02-25","2026-03-03","Deli & Prepared Foods",""
"2026-02-26 15:38:18","994611687","Signature SELECT® 80% Lean Ground Beef","","","","6.99","lb member price","","Signature SELECT®","2026-02-25","2026-03-03","Meat & Seafood",""
"2026-02-26 15:38:19","994611675","Signature SELECT® Pork Tenderloin","","","","4.99","lb member price","","Signature SELECT®","2026-02-25","2026-03-03","Meat & Seafood",""
"2026-02-26 15:38:19","994611713","Sockeye Salmon Fillet","","","","14.99","lb member price","","","2026-02-25","2026-03-03","Meat & Seafood",""
"2026-02-26 15:38:20","994611683","Signature SELECT® Boneless Skinless Chicken Breasts or Thighs","EARN 2x POINTS","","","9.99","ea member price","","Signature SELECT®","2026-02-25","2026-04-28","Meat & Seafood",""
"2026-02-26 15:38:21","994611738","Signature Cafe® Breakfast Burrito","","","","5.99","ea","","Signature Cafe®","2026-02-25","2026-03-03","Deli & Prepared Foods",""
"2026-02-26 15:38:21","994611758","Artisan Garlic Bread","","","","4.49","","","","2026-02-25","2026-03-03","Bakery",""
"2026-02-26 15:38:22","994611714","Hass Avocado","","","3 for","5.0","member price","","","2026-02-25","2026-03-03","Produce",""
"2026-02-26 15:38:22","994611703","Jumbo Snow Crab Clusters","","","","12.99","lb member price","","","2026-02-25","2026-03-03","Meat & Seafood",""
"2026-02-26 15:38:23","994611678","Open Nature® Assorted Lamb Shoulder Chops","","","","8.99","lb member price","","Open Nature","2026-02-25","2026-03-03","Meat & Seafood",""
"2026-02-26 15:38:24","994611693","USDA Choice Round Strips for Stir Fry or Cube Steak","Earn 2x POINTS","","","9.99","lb member price","","","2026-02-25","2026-04-28","Meat & Seafood",""
"2026-02-26 15:38:24","994612150","Signature SELECT® Boneless Pork Top Loin Chops","EARN 2x POINTS","","","3.99","lb member price","","Signature SELECT®","2026-02-25","2026-04-28","Meat & Seafood",""
"2026-02-26 15:38:25","994612148","Broccoli Crowns","","","","2.99","lb member price","","","2026-02-25","2026-03-03","Produce",""
"2026-02-26 15:38:25","994612154","Lemon","","","","0.99","ea","","","2026-02-25","2026-03-03","Produce",""
"2026-02-26 15:38:26","994612152","Hot House Tomatoes","","","","2.99","lb member price","","","2026-02-25","2026-03-03","Produce",""
"2026-02-26 15:38:26","994612392","Coca-Cola, Pepsi or 7UP","","","","2.29","ea member price","","Coca-Cola | Pepsi | 7UP","2026-02-25","2026-03-03","Beverages",""
"2026-02-26 15:38:27","994612328","Primo Taglio® Ham Off the Bone or Cheddar Cheese","","","","7.99","lb member price","","Primo Taglio®","2026-02-25","2026-03-03","Deli & Prepared Foods",""
"2026-02-26 15:38:27","994612345","Ragú Pasta Sauce","","","","1.99","ea member price","","Ragu","2026-02-25","2026-03-03","Pantry",""
"2026-02-26 15:38:28","994612344","Yakult Probiotic Drink","","","","2.99","ea member price","","Yakult","2026-02-25","2026-03-03","Dairy & Eggs",""
"2026-02-26 15:38:28","994612331","Signature SELECT® Thin Sliced Bread","","","","2.99","ea member price","","Signature SELECT®","2026-02-25","2026-03-03","Bakery",""
"2026-02-26 15:38:29","994612335","Chobani Flip, Creations or Protein Greek Yogurt","","","","0.99","ea member price","","Chobani","2026-02-25","2026-03-03","Dairy & Eggs",""
"2026-02-26 15:38:29","994612324","Waterfront Bistro® Tempura Shrimp with Sauce","","","","2.99","ea member price","","WATERFRONT BISTRO","2026-02-25","2026-03-03","Frozen",""
"2026-02-26 15:38:30","994612354","Coffee mate Creamer","","","","2.99","ea member price","","Coffee-mate","2026-02-25","2026-03-03","Dairy & Eggs",""
"2026-02-26 15:38:31","994612353","Morning Star Farms Meatless","","","","3.49","ea member price","","Morning Star Farms","2026-02-25","2026-03-03","Frozen",""
"2026-02-26 15:38:31","994612385","Charmin Bath Tissue 6-Mega XL or 9-Mega Rolls. Bounty Paper Towels 4-Triple or 6-Double Rolls.","","","","9.99","ea member price","","Charmin | Bounty","2026-02-25","2026-03-03","Household",""
"2026-02-26 15:38:32","994612382","Waterloo Sparkling Water","","","","3.99","ea member price","","Waterloo Sparkling Water","2026-02-25","2026-03-03","Beverages",""
"2026-02-26 15:38:32","994612393","High Noon 8-pack, 355-ml. cans. Firestone or Heineken 12-pack, 12-oz.","","","","15.99","ea member price","","High Noon | Firestone | Heineken","2026-02-25","2026-03-03","Beverages",""
"2026-02-26 15:38:33","994612396","Jack Daniel's","","","","16.99","ea member price","","Jack Daniel s","2026-02-25","2026-03-03","Beverages",""
"2026-02-26 15:38:33","994612397","Arm & Hammer Laundry Detergent 100.5 to 105-oz. Liquid. OxiClean Laundry Stain Remover 3-lb. Tub or 24-ct. Packs.","","","","6.99","ea member price","","Arm & Hammer | OxiClean","2026-02-25","2026-03-03","Household",""
"2026-02-26 15:38:34","994612160","Nature's Own Sandwich Bread","EARN 2X POINTS","","","3.99","member price","","Nature's Own","2026-02-25","2026-04-28","Bakery",""
"2026-02-26 15:38:34","994612156","Pacifico, Topo Chico or New Belgium","","","","17.99","member price","","Pacifico | Topo Chico | New Belgium","2026-02-25","2026-03-03","Beverages",""
"2026-02-26 15:38:35","994612167","Cucumber","","","","0.99","ea","","","2026-02-25","2026-03-03","Produce",""
"2026-02-26 15:38:35","994612168","SugarBee Apples","","","","2.99","lb member price","","","2026-02-25","2026-03-03","Produce",""
"2026-02-26 15:38:36","994612162","Signature SELECT® Hot Dog or Hamburger Buns","EARN 2X POINTS","","","3.49","member price","","Signature SELECT®","2026-02-25","2026-04-28","Bakery",""
"2026-02-26 15:38:37","994612405","Tidy Cats Litter","","","","9.99","ea member price","","Tidy Cats","2026-02-25","2026-03-03","Household",""
"2026-02-26 15:38:38","994612355","Lucerne® Butter","","","","3.99","ea member price","","Lucerne®","2026-02-25","2026-03-03","Dairy & Eggs",""
"2026-02-26 15:38:38","994612688","Fuji Apples or Large Navel Oranges","","","5 lbs for","5.0","member price","","","2026-02-27","2026-02-27","Produce",""
"2026-02-26 15:38:39","994612677","JaM Cellars Butter","","","","12.49","ea member price when you buy 6 or more","","JaM Cellars","2026-02-28","2026-03-01","Beverages",""
"2026-02-26 15:38:39","994612675","USDA Choice Beef Chuck Short Ribs","","","","5.0","lb member price","","","2026-02-27","2026-02-27","Meat & Seafood",""
"2026-02-26 15:38:40","994612695","Signature SELECT® Lunchmeat or Dibrova Sausage 16-oz. Miller's Premium Beef Franks 14-oz.","","","","5.0","ea member price","","Signature SELECT® | Dibrova | Miller's","2026-02-27","2026-02-27","Meat & Seafood",""
"2026-02-26 15:38:40","994612683","Folie à Deux Ménage à Trois","UP TO 20% OFF MIX & MATCH OVER 1,500 ITEMS ALL 750-ML. WINE & SPIRITS*","","","6.29","ea member price when you buy 6 or more","","Menage a'Trois","2026-02-28","2026-03-01","Beverages",""
"2026-02-26 15:38:41","994612716","Value Corner® Bath Tissue 12-Rolls. Paper Towels 6-Rolls.","","","","5.0","ea member price","","Value Corner®","2026-02-27","2026-02-27","Household",""
"2026-02-26 15:38:42","994612678","La Marca Prosecco","UP TO 20% OFF MIX & MATCH OVER 1,500 ITEMS ALL 750-ML. WINE & SPIRITS*","","","13.99","ea member price when you buy 6 or more","","La Marca","2026-02-28","2026-03-01","Beverages",""
"2026-02-26 15:38:42","994613368","Dove or Dove Men's Deodorant","","","","8.99","member price","","","2026-02-25","2026-03-03","Personal Care",""
"2026-02-26 15:38:43","994613084","Galbani String or Stick Cheese","","","","3.99","ea member price","","Galbani","2026-02-25","2026-03-03","Dairy & Eggs",""
"2026-02-26 15:38:43","994613221","Band-Aid Bandages or Q-Tips Cotton Swabs","","","","5.99","member price","","Band-Aid | Q-Tips","2026-02-25","2026-03-03","Health & Wellness",""
"2026-02-26 15:38:44","994613215","Ferrero Rocher Squares","","","","4.49","member price","","Ferrero Rocher","2026-02-25","2026-03-03","Snacks",""
"2026-02-26 15:38:44","994613225","Ferrero Rocher Diamond Box","","","","12.99","member price","","Ferrero Rocher","2026-02-25","2026-03-03","Snacks",""
"2026-02-26 15:38:45","994613231","Russell Stover Chocolate Bunny","","","2 for","6.0","member price","","Russell Stover","2026-02-25","2026-03-03","Snacks",""
"2026-02-26 15:38:45","994613248","Listerine Mouthwash","","","","8.99","member price","","Listerine","2026-02-25","2026-03-03","Personal Care",""
"2026-02-26 15:38:46","994613125","Blue Diamond Almondmilk","","","","3.99","member price","","Blue Diamond","2026-02-25","2026-03-03","Dairy & Eggs",""
"2026-02-26 15:38:46","994613112","Lactaid Milk 52 to 64-oz. Creamer Quart.","","","","4.49","member price","","LACTAID®","2026-02-25","2026-03-03","Dairy & Eggs",""
"2026-02-26 15:38:47","994613095","Trans-Ocean Crab Classics","","","2 for","5.0","member price","","Trans-Ocean","2026-02-25","2026-03-03","Meat & Seafood",""
"2026-02-26 15:38:47","994613100","Clam Shack Soup","","","","9.99","ea member price","","Clam Shack","2026-02-25","2026-03-03","Deli & Prepared Foods",""
"2026-02-26 15:38:48","994613077","Naked Juice","EARN 2X POINTS","","2 for","7.0","member price","","Naked","2026-02-25","2026-03-03","Beverages",""
"2026-02-26 15:38:48","994613102","Priscilla Quiche Wedge","","","","3.99","ea member price","","","2026-02-25","2026-03-03","Deli & Prepared Foods",""
"2026-02-26 15:38:49","994613114","Happy Egg Organic Free Range Eggs","","","","5.99","ea member price","","The Happy Egg Co.","2026-02-25","2026-03-03","Dairy & Eggs",""
"2026-02-26 15:38:49","994613091","Signature SELECT® Peeled Baby-Cut Carrots","Earn 4x Points","","","1.99","ea member price","","Signature SELECT®","2026-02-25","2026-03-03","Produce",""
"2026-02-26 15:38:50","994613080","Nonni's Biscotti","","","","3.99","member price","","Nonni's","2026-02-25","2026-03-03","Snacks",""
"2026-02-26 15:38:51","994613092","Challenge Spreadable Butter Tub","","","","2.99","member price","","Challenge Butter","2026-02-25","2026-03-03","Dairy & Eggs",""
"2026-02-26 15:38:51","994613121","Kellogg's All-Bran Cereal","","","","4.99","ea member price","","Kellogg's","2026-02-25","2026-03-03","Pantry",""
"2026-02-26 15:38:52","994613289","Betty Crocker Cake Décor","25% OFF Member Price","","","","","","Betty Crocker","2026-02-25","2026-03-03","Pantry",""
"2026-02-26 15:38:52","994613255","Easter Home Décor","25% OFF Member Price","","","","","","","2026-02-25","2026-03-03","Other",""
"2026-02-26 15:38:53","994613264","Kids Spring Tableware","25% OFF Member Price","","","","","","","2026-02-25","2026-03-03","Other",""
"2026-02-26 15:38:53","994613247","Kids Plush","25% OFF Member Price","","","","","","","2026-02-25","2026-03-03","Other",""
"2026-02-26 15:38:54","994613288","Kinder Bueno","","","10 for","10.0","member price","","Kinder","2026-02-25","2026-03-03","Snacks",""
"2026-02-26 15:38:54","994613313","Nerds Gummy Clusters Bag","","","","7.99","member price","","Nerds","2026-02-25","2026-03-03","Snacks",""
"2026-02-26 15:38:55","994613295","Crayola Crayons or Markers","20% OFF Member Price","","","","","","Crayola","2026-02-25","2026-03-03","Other",""
"2026-02-26 15:38:55","994613281","Easter Kids Toys","25% OFF Member Price","","","","","","","2026-02-25","2026-03-03","Other",""
"2026-02-26 15:38:56","994613257","Paas Egg Coloring Kits","25% OFF Member Price","","","","","","PAAS","2026-02-25","2026-03-03","Other",""
"2026-02-26 15:38:56","994613305","Mars Share Size Candy","","","2 for","5.0","member price","","","2026-02-25","2026-03-03","Snacks",""
"2026-02-26 15:38:57","994613331","Lindor Truffle Candy","BUY 1 GET 1 50% OFF Member Price","","","","","","Lindor","2026-02-25","2026-03-03","Snacks",""
"2026-02-26 15:38:57","994613282","Hot Wheels Basic Car","","","4 for","5.0","member price","","Hot Wheels","2026-02-25","2026-03-03","Other",""
"2026-02-26 15:38:58","994613262","Bubbles or Chalk","25% OFF Member Price","","","","","","","2026-02-25","2026-03-03","Other",""
"2026-02-26 15:38:58","994613332","Hershey Share Size Bag","","","","7.49","member price","","Hershey's","2026-02-25","2026-03-03","Snacks",""
"2026-02-26 15:38:59","994613303","Tylenol Pain Relief","","","","16.99","member price","","Tylenol","2026-02-25","2026-03-03","Health & Wellness",""
"2026-02-26 15:39:00","994613446","Baby essentials**","SAVE $10 when you buy 2","","","","","","","2026-02-25","2026-03-03","Personal Care",""
"2026-02-26 15:39:00","994613415","Native Shampoo, Conditioner or Body Wash","EARN 2x POINTS","","","10.99","member price","","Native","2026-02-25","2026-03-03","Personal Care",""
"2026-02-26 15:39:01","994613413","Air Wick Essential Mist Diffuser Starter Kit","","","","13.99","ea","15.99","Air Wick","2026-02-25","2026-03-03","Household",""
"2026-02-26 15:39:01","994613129","Banquet Pot Pie","","","10 for","10.0","member price","","Banquet","2026-02-25","2026-03-03","Frozen",""
"2026-02-26 15:39:02","994613113","Starbucks","Earn 4x POINTS","","","11.99","member price","","Starbucks","2026-02-25","2026-03-03","Beverages",""
"2026-02-26 15:39:02","994611663","Wine & Spirits","UP TO 20% OFF* when you buy 6 or more bottles","","","","","","","2026-02-28","2026-03-01","Beverages",""
"2026-02-26 15:39:03","995635302","Pharmacy","","","","","","","","2026-02-25","2026-03-03","Health & Wellness",""
"2026-02-26 15:39:03","994613070","Signature SELECT® Roasted & Salted In-Shell Pistachios","EARN 2X POINTS","","","5.0","ea member price","","Signature SELECT®","2026-02-25","2026-04-28","Snacks",""
"2026-02-26 15:39:04","994612748","Overjoyed™ Boutique Rose Alstroemeria Bouquet","","","","5.0","ea member price","","Overjoyed™","2026-02-27","2026-02-27","Floral",""
"2026-02-26 15:39:04","994612708","Waterfront Bistro® Extra Jumbo Raw Shrimp","","","","5.0","lb member price","","WATERFRONT BISTRO®","2026-02-27","2026-02-27","Meat & Seafood",""
"2026-02-26 15:39:05","994613453","Gerber Puffs Snacks","","","","2.99","member price","","Gerber","2026-02-25","2026-03-03","Snacks",""
"2026-02-26 15:39:06","994613229","Crest Pro Health or 3D White","","","","6.99","member price","","Crest","2026-02-25","2026-03-03","Personal Care",""
"2026-02-26 15:39:06","994612697","Sonoma-Cutrer Sonoma Coast Chardonnay","Up to 20% OFF All 750-ml. Wine & Spirits","","","16.99","ea member price when you buy 6 or more","","","2026-02-28","2026-03-01","Beverages",""
"2026-02-26 15:39:07","994612699","Signature SELECT® Pork Spareribs","","","2 lbs for","5.0","member price","","Signature SELECT®","2026-02-27","2026-02-27","Meat & Seafood",""
"2026-02-26 15:39:07","994612671","Cazadores","","","","19.99","ea member price when you buy 6 or more","","Cazadores","2026-02-28","2026-03-01","Beverages",""
"2026-02-26 15:39:08","994613329","Pharmacy","","","","","","","","2026-02-25","2026-03-03","Health & Wellness",""
"2026-02-26 15:39:09","994613437","GE Light Bulbs","Spend $10 Save $5","","","","","","GE","2026-02-25","2026-03-03","Household",""
"2026-02-26 15:39:09","994612874","Fresh Pass","5% off","","","","","","","2026-02-25","2026-03-03","Other",""
"2026-02-26 15:39:09","994612402","Safeway for u","","","","","","","","2026-02-25","2026-03-03","Other",""
"2026-02-26 15:39:10","994612377","Quaker Cap'n Crunch's or Life Cereal","","","","2.99","ea member price","","Quaker","2026-02-25","2026-03-03","Pantry",""
"2026-02-26 15:39:10","994612166","Safeway for u","","","","","","","","2026-02-25","2026-03-03","Other",""
"2026-02-26 15:39:11","994612317","Land O'Frost Sub Kit","","","","4.99","ea member price","","Land O'Frost","2026-02-25","2026-03-03","Deli & Prepared Foods",""
"2026-03-04 15:47:50","996534490","Safeway Stock up","","","","","","","","2026-03-04","2026-03-10","Other",""
"2026-03-04 15:47:51","996534580","Scotch-Brite Sponges","EARN 4x POINTS","","","5.99","ea","6.99","Scotch-Brite","2026-03-04","2026-03-10","Household",""
"2026-03-04 15:47:51","996534596","Pharmacy","","","","","","","","2026-03-04","2026-03-10","Health & Wellness",""
"2026-03-04 15:47:52","996534149","Signature SELECT® or Bonduelle Bistro Salad Bowl","","","2 for","5.0","member price","","Signature SELECT® | Bonduelle","2026-03-06","2026-03-06","Produce",""
"2026-03-04 15:47:52","996535158","Baby essentials**","SPEND $25 SAVE $5","","","","","","","2026-03-04","2026-03-10","Personal Care",""
"2026-03-04 15:47:53","996534370","Starbucks","","","","11.99","member price","","Starbucks","2026-03-04","2026-03-10","Beverages",""
"2026-03-04 15:47:53","996534864","Puffs Facial Tissue","","","","4.99","ea member price","","Puffs","2026-03-04","2026-03-10","Household",""
"2026-03-04 15:47:54","996534583","Vicks ZzzQuil Sleep-Aid","","","","10.99","member price","","Vicks","2026-03-04","2026-03-10","Health & Wellness",""
"2026-03-04 15:47:54","996535043","Hershey Easter Candy","","","","5.49","member price","","Hershey's","2026-03-04","2026-03-10","Snacks",""
"2026-03-04 15:47:55","996534354","Foster's, Coors, Bud, Lagunitas, Michelob or Kirin","","","2 for","5.0","member price","","Foster's | Coors | Bud | Lagunitas | Michelob | Kirin","2026-03-06","2026-03-06","Beverages",""
"2026-03-04 15:47:56","996534377","Sargento String or Stick Cheese 9 to 12-oz. Shareables 6-oz.","EARN 2X POINTS","","","4.99","member price","","Sargento","2026-03-04","2026-03-10","Dairy & Eggs",""
"2026-03-04 15:47:56","996534568","Mucinex Fast-Max Cold & Flu Relief","","","","18.99","member price","","Mucinex","2026-03-04","2026-03-10","Health & Wellness",""
"2026-03-04 15:47:57","996535152","Pampers Swaddlers or Easy Ups Super Pack","EARN 4X POINTS","","","27.99","ea","30.99","Pampers","2026-03-04","2026-03-10","Personal Care",""
"2026-03-04 15:47:58","996535159","Desitin Rash Cream or Aveeno Baby Care","","","","7.99","member price","","Desitin | Aveeno","2026-03-04","2026-03-17","Personal Care",""
"2026-03-04 15:47:58","996533899","Fresh Atlantic Salmon Whole Fillet","","","","8.99","lb member price","","","2026-03-04","2026-03-10","Meat & Seafood",""
"2026-03-04 15:47:59","996533915","Waterfront Bistro® Colossal Raw Shrimp","","","","5.99","lb member price","","WATERFRONT BISTRO®","2026-03-04","2026-03-10","Meat & Seafood",""
"2026-03-04 15:47:59","996533928","Modelo, Corona, Pacifico, Stella Artois or Michelob 12-pack, 11.2 to 12-oz. Lucky One 8-pack, 355-ml.","","","","13.99","member price","","Modelo | Corona | Pacifico | Stella Artois | Michelob | Lucky One","2026-03-04","2026-03-10","Beverages",""
"2026-03-04 15:48:00","996533941","Lucerne® Milk Gallon. Challenge or Danish Creamery Butter 16-oz. Sticks or Cubes. Challenge Spreadable Butter 13 to 15-oz.","","","","3.99","ea member price","","Lucerne® | Challenge | Danish","2026-03-04","2026-03-10","Dairy & Eggs",""
"2026-03-04 15:48:01","996533942","Häagen-Dazs Ice Cream 14-oz. Novelties 3-ct. Dreyer's 1.5-qt.","EARN 4X POINTS","","2 for","6.0","member price","","Häagen-Dazs | Dreyer's","2026-03-04","2026-03-10","Frozen",""
"2026-03-04 15:48:01","996534571","CLIF Bars","EARN 4X POINTS","","","6.99","member price","","Clif Bar","2026-03-04","2026-03-17","Snacks",""
"2026-03-04 15:48:02","996534616","Align Probiotics","","","","29.99","member price","","Align","2026-03-04","2026-03-10","Health & Wellness",""
"2026-03-04 15:48:03","996535078","Easter Egg Dye Kit","25% OFF Member Price","","","","","","","2026-03-04","2026-03-10","Other",""
"2026-03-04 15:48:04","996534073","Signature SELECT® Canned Fruit","EARN 4x POINTS","","","1.99","member price","","Signature SELECT","2026-03-04","2026-03-10","Pantry",""
"2026-03-04 15:48:04","996534610","Ensure Max Protein Shakes","EARN 4X POINTS","","","12.99","member price","","Ensure","2026-03-04","2026-03-10","Health & Wellness",""
"2026-03-04 15:48:05","996535177","Earth's Best Organic Crunchy Sticks","","","2 for","5.0","member price","","Earth's Best","2026-03-04","2026-03-10","Snacks",""
"2026-03-04 15:48:05","996535131","Signature SELECT® Baby Wipes","EARN 2x POINTS","","","5.99","member price","","Signature SELECT®","2026-03-04","2026-03-10","Personal Care",""
"2026-03-04 15:48:06","996533919","Artesano Bread 20-oz. Buns 13.55 to 19-oz.","","","","4.49","member price","","Artesano","2026-03-04","2026-03-10","Bakery",""
"2026-03-04 15:48:06","996533945","Best Foods Mayonnaise","","","","3.99","ea member price","","Best Foods","2026-03-04","2026-03-10","Pantry",""
"2026-03-04 15:48:07","996533904","Signature SELECT® 90% Lean Ground Beef Value Pack. Premium Bacon 1-lb.","","","","4.99","lb member price","","Signature SELECT®","2026-03-04","2026-03-10","Meat & Seafood",""
"2026-03-04 15:48:07","996535062","5-hour Energy Shots","","","2 for","5.0","member price","","5 Hour Energy","2026-03-04","2026-03-10","Beverages",""
"2026-03-04 15:48:08","996533922","Peet's Coffee","","","","7.99","ea member price when you buy 2","","Peet's Coffee","2026-03-04","2026-03-10","Beverages",""
"2026-03-04 15:48:08","996533935","Barilla Pasta","","","","0.99","ea member price","","Barilla","2026-03-04","2026-03-10","Pantry",""
"2026-03-04 15:48:08","996534022","White Claw or Lagunitas 12-pack, 12-oz. Pabst 30-pack, 12-oz.","","","","19.99","member price","","White Claw | Lagunitas | Pabst","2026-03-04","2026-03-10","Beverages",""
"2026-03-04 15:48:09","996534062","Nabisco Family Size Snack Crackers","EARN 4X POINTS","","","3.99","ea member price when you buy 2","","Nabisco","2026-03-04","2026-03-10","Snacks",""
"2026-03-04 15:48:10","996534873","Tide Laundry Detergent 73 to 84-oz. Liquid. Pods 25 to 42-ct. Pods.","","","","7.99","ea member price","","Tide","2026-03-04","2026-03-10","Household",""
"2026-03-04 15:48:10","996534787","Hormel Natural Choice Lunchmeat","","","","2.99","ea member price","","Hormel","2026-03-04","2026-03-10","Deli & Prepared Foods",""
"2026-03-04 15:48:11","996534530","Dove Dry Spray Deodorant","","","","9.99","member price","","Dove","2026-03-04","2026-03-10","Personal Care",""
"2026-03-04 15:48:11","996535053","M&M's or Dove Easter Candy","","","","4.99","member price","","M&M's | Dove","2026-03-04","2026-03-10","Snacks",""
"2026-03-04 15:48:12","996534538","Colgate Twin Pack","EARN 4x POINTS","","","7.99","ea","9.99","Colgate","2026-03-04","2026-03-10","Personal Care",""
"2026-03-04 15:48:12","996534755","Safeway Stock up","EARN 4X POINTS","","","","","","","2026-03-04","2026-03-10","Other",""
"2026-03-04 15:48:13","996535115","STEM Light Trap Kit","$5 OFF Member Price","","","","","","STEM","2026-03-04","2026-03-10","Household",""
"2026-03-04 15:48:13","996533989","Green Asparagus","","","","3.99","lb member price","","","2026-03-04","2026-03-10","Produce",""
"2026-03-04 15:48:14","996534000","NatureSweet Cherubs","","","2 for","5.0","member price","","Nature Sweet","2026-03-04","2026-03-10","Produce",""
"2026-03-04 15:48:14","996534030","Gain Flings 60-ct. Laundry Detergent 144-oz.","EARN 4X POINTS","","","15.99","member price","","Gain","2026-03-04","2026-03-10","Household",""
"2026-03-04 15:48:15","996533995","Fresh Express Family Size Iceberg Shreds","EARN 2X POINTS","","","2.99","ea member price","","Fresh Express","2026-03-04","2026-03-10","Produce",""
"2026-03-04 15:48:15","996534024","Primo Taglio® Roast Beef","","","","13.99","lb member price","","Primo Taglio®","2026-03-04","2026-03-10","Deli & Prepared Foods",""
"2026-03-04 15:48:16","996534066","Fresh Cut Tulips","","","","9.99","","","","2026-03-04","2026-03-10","Floral",""
"2026-03-04 15:48:16","996533909","Strawberries 2-lb. Raspberries or Blackberries 12-oz.","","","","4.99","ea member price","","","2026-03-04","2026-03-10","Produce",""
"2026-03-04 15:48:17","996534077","McCormick Perfect Pinch Seasoning","EARN 4X POINTS","","","3.99","member price","","McCormick","2026-03-04","2026-03-10","Pantry",""
"2026-03-04 15:48:17","996534014","Irish Soda Bread","","","","4.99","","","","2026-03-04","2026-03-10","Bakery",""
"2026-03-04 15:48:18","996534031","Cazadores, Crown Royal or Ketel One","","","","19.79","ea member price when you buy 6 or more","","Cazadores | Crown Royal | Ketel One","2026-03-04","2026-03-10","Beverages",""
"2026-03-04 15:48:18","996534054","Moonseries Carnations","","","","5.99","member price","","","2026-03-04","2026-03-10","Floral",""
"2026-03-04 15:48:19","996534057","Seafood Salad","","","","8.99","lb","","","2026-03-04","2026-03-10","Deli & Prepared Foods",""
"2026-03-04 15:48:19","996533964","Jennie-O 99% Lean Ground Turkey Breast","","","","8.99","ea mem","","Jennie-O","2026-03-04","2026-03-10","Meat & Seafood",""
"2026-03-04 15:48:20","996534028","Sweet Paradise Bread","","","","6.99","","","Sweet Paradise","2026-03-04","2026-03-10","Bakery",""
"2026-03-04 15:48:20","996534039","Rombauer, Frank Family or Domaine Carneros","","","","37.99","member price","","Rombauer | Frank Family | Domaine Carneros","2026-03-04","2026-03-10","Beverages",""
"2026-03-04 15:48:21","996533999","Cosmic Crisp Apples","","","","1.99","lb member price","","","2026-03-04","2026-03-10","Produce",""
"2026-03-04 15:48:21","996534067","BelGioioso Fresh Mozzarella","","","","7.99","ea member price","","Belgioioso","2026-03-04","2026-03-10","Dairy & Eggs",""
"2026-03-04 15:48:22","996534072","Danish Strip","","","","5.99","member price","","","2026-03-04","2026-03-10","Bakery",""
"2026-03-04 15:48:23","996534046","La Crema, J Vineyards or J. Lohr","","","","13.99","ea member price when you buy 6 or more","","La Crema | J Vineyards | J. Lohr","2026-03-04","2026-03-10","Beverages",""
"2026-03-04 15:48:23","996533973","Large Cooked Shrimp","","","","6.99","lb member price","","","2026-03-04","2026-03-10","Meat & Seafood",""
"2026-03-04 15:48:24","996534070","Smoked Applewood or Peppered Bacon","","","","7.99","lb member price","","","2026-03-04","2026-03-10","Meat & Seafood",""
"2026-03-04 15:48:25","996534019","8-Piece Fried Chicken","","","","9.99","ea","","","2026-03-04","2026-03-10","Deli & Prepared Foods",""
"2026-03-04 15:48:25","996533996","Signature SELECT® Boneless Skinless Chicken Breasts","","","","3.99","lb","","Signature SELECT","2026-03-04","2026-03-10","Meat & Seafood",""
"2026-03-04 15:48:26","996534080","Mini Orchids in Ceramic","","","","9.99","","","","2026-03-04","2026-03-10","Floral",""
"2026-03-04 15:48:26","996534158","Classico Pasta Sauce","Earn 4x POINTS","","2 for","5.0","member price","","Classico","2026-03-04","2026-03-10","Pantry",""
"2026-03-04 15:48:27","996534137","Wild Alaskan Pollock 4-Piece. Fresh Sushi","","","","5.0","ea member price","","","2026-03-06","2026-03-06","Meat & Seafood",""
"2026-03-04 15:48:27","996534129","Hidden Valley Ranch Dressing","EARN 4x POINTS","","","3.49","member price","","Hidden Valley","2026-03-04","2026-03-10","Pantry",""
"2026-03-04 15:48:28","996534193","Foster Farms Frozen Prepared Chicken 16 to 24-oz. Amylu Sausage 12-oz.","","","","5.0","ea member price","","Foster FarmsV | Amylu","2026-03-06","2026-03-06","Frozen",""
"2026-03-04 15:48:28","996534152","McCormick Grill Mates Seasoning","EARN 4X POINTS","","","1.49","member price","","McCormick","2026-03-04","2026-03-10","Pantry",""
"2026-03-04 15:48:29","996534146","Pillsbury Cinnamon Rolls, Grands! Biscuits or Crescents","EARN 4X POINTS","","","1.99","ea when you buy 2 member price","","Pillsbury","2026-03-04","2026-03-10","Dairy & Eggs",""
"2026-03-04 15:48:29","996534164","Talenti Gelato or Layers","","","2 for","5.0","member price","","Talenti","2026-03-06","2026-03-06","Frozen",""
"2026-03-04 15:48:30","996534186","Wild Caught Lobster Tail 3-oz. Fresh Atlantic Salmon Portion 7-oz. Farm raised.","","","","5.0","ea member price","","","2026-03-06","2026-03-06","Meat & Seafood",""
"2026-03-04 15:48:31","996534274","Betty Crocker Fruit Snacks 6 to 10-ct. Nature Valley, Special K or Nutri-Grain Bars 5 to 12-ct. Kellogg's Pop-Tarts or Rice Krispies Treats 8-ct. General Mills Cereal 8.9 to 12-oz.","EARN 4X POINTS","","","1.99","ea when you buy 4 member price","","Betty Crocker | Nature Valley | Kellogg's | General Mills","2026-03-04","2026-03-10","Pantry",""
"2026-03-04 15:48:31","996534276","Nabisco Family Size Oreo Cookies 10.68 to 18.71-oz. Cheez-It or Snap'd Crackers 7.5 to 12.4-oz. Kellogg's Club or Town House Crackers 9.5 to 13.8-oz. Pringles Mingles 5.5-oz.","BUY 1 GET 1 FREE Member Price When you Buy 2, EARN 4X POINTS","","","","","","Nabisco | Cheez-It | Snap'd | Kellogg's | Pringles","2026-03-04","2026-03-10","Snacks",""
"2026-03-04 15:48:32","996534275","Sargento Sliced or Shredded Cheese 5 to 8-oz. Balanced Breaks 4 to 4.5-oz. Lucerne® Chunk Cheese 6 to 8-oz.","","","","2.49","ea member price","","Sargento | Lucerne","2026-03-04","2026-03-10","Dairy & Eggs",""
"2026-03-04 15:48:32","996534342","Safeway Stock up","","","","","","","","2026-03-04","2026-03-10","Other",""
"2026-03-04 15:48:33","996534357","Signature SELECT® Soda or Seltzer Water 2-ltr. Selected varieties. Crystal Geyser Alpine Spring Water Gallon.","","","5 for","5.0","member price","","Signature SELECT® | Crystal Geyser","2026-03-06","2026-03-06","Beverages",""
"2026-03-04 15:48:34","996534380","Snyder's Pretzels or Rounds 12 to 16-oz. Cape Cod Potato Chips 6.5 to 8-oz","","","2 for","5.0","member price","","Snyder's | Cape Cod","2026-03-06","2026-03-06","Snacks",""
"2026-03-04 15:48:35","996534447","Painterland Sisters Icelandic Yogurt","","","","2.79","member price","","Painterland Sisters","2026-03-04","2026-03-10","Dairy & Eggs",""
"2026-03-04 15:48:35","996534476","International Women's Day Bouquet","","","","14.99","","","","2026-03-04","2026-03-10","Floral",""
"2026-03-04 15:48:36","996534345","Apothecary Roses","","","","5.0","ea member price","","","2026-03-06","2026-03-06","Floral",""
"2026-03-04 15:48:36","996534350","Sparkling Ice","EARN 4X POINTS","","10 for","10.0","member price","","Sparkling Ice","2026-03-04","2026-03-10","Beverages",""
"2026-03-04 15:48:37","996534353","Betty Crocker Cake Mix 13.25 to 16.25-oz. Favorites Brownie Mix 16.3-oz.","","","4 for","5.0","member price","","Betty Crocker","2026-03-06","2026-03-06","Pantry",""
"2026-03-04 15:48:38","996534352","Hershey King Size Candy","EARN 4X POINTS","","2 for","5.0","member price","","Hershey's","2026-03-04","2026-03-10","Snacks",""
"2026-03-04 15:48:38","996534351","Purina or Friskies Cat Food 3.15-lb. Beneful incrediBITES Dog Food 3.5-lb.","","","","5.0","ea member price","","Purina | Friskies | Beneful","2026-03-06","2026-03-06","Other",""
"2026-03-04 15:48:38","996534368","Marie Callender's Dinner Bowl","","","","3.99","member price","","Marie Callender's","2026-03-04","2026-03-10","Frozen",""
"2026-03-04 15:48:39","996534404","McCain Fries or Rings","","","","3.49","member price","","McCain","2026-03-04","2026-03-10","Frozen",""
"2026-03-04 15:48:39","996534391","De Cecco Pasta","","","2 for","5.0","member price","","DeCecco","2026-03-04","2026-03-10","Pantry",""
"2026-03-04 15:48:40","996534431","Marieke Gouda","","","","7.99","ea member price","","Marieke Gouda","2026-03-04","2026-03-10","Dairy & Eggs",""
"2026-03-04 15:48:41","996534437","Kellogg's All-Bran Cereal","","","","4.99","ea member price","","Kellogg's","2026-03-04","2026-03-10","Pantry",""
"2026-03-04 15:48:41","996534444","Signature SELECT® or Fresh Express Salad","EARN 2x POINTS","","2 for","3.0","member price","","Signature SELECT® | Fresh Express","2026-03-04","2026-03-10","Produce",""
"2026-03-04 15:48:42","996534634","Fabuloso Multi-Purpose Cleaner","Earn 4x POINTS","","","7.99","ea","9.99","Fabuloso","2026-03-04","2026-03-10","Household",""
"2026-03-04 15:48:42","996534645","Sumo Citrus","EARN 4x POINTS","","","3.99","lb member price","","","2026-03-04","2026-03-10","Produce",""
"2026-03-04 15:48:43","996534832","King Arthur Flour","","","","4.99","ea member price","","King Arthur Flour","2026-03-04","2026-03-10","Pantry",""
"2026-03-04 15:48:44","996534810","Coffee mate Creamer Half gallon. Non Dairy Creamer","EARN 4x POINTS","","","4.99","ea member price","","Coffee-mate","2026-03-04","2026-03-10","Dairy & Eggs",""
"2026-03-04 15:48:44","996535029","7UP 2-ltr. Snapple Tea 15.9 to 16-oz. bai 18-oz. Selected varieties. Core Hydration Water 23.9-oz.","","","","1.29","ea member price","","7UP | Snapple | Core","2026-03-04","2026-03-10","Beverages",""
"2026-03-04 15:48:45","996534788","Johnsonville Breakfast Sausage","","","","4.99","ea member price","","Johnsonville","2026-03-04","2026-03-10","Meat & Seafood",""
"2026-03-04 15:48:45","996534850","Kellogg's Eggo Waffles","","","","1.99","ea member price","","Kellogg's","2026-03-04","2026-03-10","Frozen",""
"2026-03-04 15:48:46","996534993","Charmin Bath Tissue 9-Mega XXL or 12-Mega XL Rolls., Bounty Paper Towels 6-Triple or 8-Double","","","","16.99","ea member price","","Charmin | Bounty","2026-03-04","2026-03-10","Household",""
"2026-03-04 15:48:47","996534856","Sierra Nevada or Elysian","","","","16.99","ea member price","","Sierra Nevada | Elysian","2026-03-04","2026-03-10","Beverages",""
"2026-03-04 15:48:47","996534801","Simply or Simply Light Orange Juice","","","","3.49","ea member price","","Simply","2026-03-04","2026-03-10","Beverages",""
"2026-03-04 15:48:48","996534514","Pantene or Head & Shoulders Shampoo or Conditioner","EARN 4x POINTS","","","7.99","member price","","Pantene | Head & Shoulders","2026-03-04","2026-03-10","Personal Care",""
"2026-03-04 15:48:48","996534525","Secret or Old Spice Deodorant","","","","7.99","member price","","Secret | Old Spice","2026-03-04","2026-03-10","Personal Care",""
"2026-03-04 15:48:49","996534512","Axe Deodorant or Hair Care","EARN 4X POINTS","","","6.99","member price","","Axe","2026-03-04","2026-03-10","Personal Care",""
"2026-03-04 15:48:49","996534486","Dove Body Wash","EARN 4X POINTS","","","8.99","member price","","Dove","2026-03-04","2026-03-10","Personal Care",""
"2026-03-04 15:48:50","996534524","Olay Body Wash","Earn 4x POINTS","","","8.99","member price","","Olay","2026-03-04","2026-03-17","Personal Care",""
"2026-03-04 15:48:50","996534495","Dove Men's Deodorant","EARN 4X POINTS","","","8.99","member price","","Dove","2026-03-04","2026-03-10","Personal Care",""
"2026-03-04 15:48:51","996534554","Lysol Disinfectant Spray, Wipes or Toilet Bowl Cleaner","EARN 4X POINTS","","","7.49","ea","7.99","Lysol","2026-03-04","2026-03-17","Household",""
"2026-03-04 15:48:51","996534550","Always Infinity or Radiant Pads","EARN 4X POINTS","","","12.99","member price","","Always","2026-03-04","2026-03-10","Personal Care",""
"2026-03-04 15:48:52","996535052","Feastables Peanut Butter Egg","","","2 for","3.0","member price","","FEASTABLES","2026-03-04","2026-03-10","Snacks",""
"2026-03-04 15:48:52","996535076","Ghirardelli Bunny Bag","","","","5.99","member price","","Ghirardelli","2026-03-04","2026-03-10","Snacks",""
"2026-03-04 15:48:53","996535150","Pediasure","","","","13.99","member price","","PediaSure","2026-03-04","2026-03-10","Health & Wellness",""
"2026-03-04 15:48:54","996535063","Lindor Truffle or Gold Bunny Candy","","","","5.99","member price","","Lindor","2026-03-04","2026-03-10","Snacks",""
"2026-03-04 15:48:54","996535050","Hershey King Size Bar","","","2 for","4.0","member price","","Hershey's","2026-03-04","2026-03-10","Snacks",""
"2026-03-04 15:48:55","996535125","Bloom Greens & Superfoods Powder","","","","29.99","member price","","","2026-03-04","2026-03-10","Health & Wellness",""
"2026-03-04 15:48:55","996535106","Barebells Protein Bars","","","","8.99","member price","","Barebells","2026-03-04","2026-03-10","Snacks",""
"2026-03-04 15:48:56","996533905","Signature SELECT® Assorted Pork Loin Chops Bone-In. Value Pack. Pork Spareribs","","","","2.99","lb member price","","Signature SELECT®","2026-03-04","2026-03-10","Meat & Seafood",""
"2026-03-04 15:48:56","996533934","Coca-Cola, Pepsi or 7UP","BUY 2 GET 2 FREE Member Price When you Buy 4","","","","","","Coca-Cola | Pepsi | 7UP","2026-03-04","2026-03-10","Beverages",""
"2026-03-04 15:48:57","996533948","Lay's Potato Chips or Poppables","EARN 4x POINTS","","","1.99","ea member price","","Lay's","2026-03-04","2026-03-10","Snacks",""
"2026-03-04 15:48:57","996533956","USDA Choice Boneless Beef Tri Tip Steak","","","","9.99","lb member price","","USDA Choice","2026-03-04","2026-03-10","Meat & Seafood",""
"2026-03-04 15:48:58","996533976","Chef's Counter™ Marinated Boneless Skinless Chicken Breast or Thigh","","","","4.99","ea member price","","Chef's Counter","2026-03-04","2026-03-10","Meat & Seafood",""
"2026-03-04 15:48:59","996534185","Cake Slice","","","2 for","5.0","member price","","","2026-03-06","2026-03-06","Bakery",""
"2026-03-04 15:48:59","996534272","Taylor Farms Chopped Salad Kit 7.3 to 13.5-oz., Fresh Express Chopped Salad Kit 6.7 to 13.3-oz.","","","3 for","10.0","member price when you buy 3","","Taylor Farms | Fresh Express","2026-03-04","2026-03-10","Produce",""
"2026-03-04 15:48:59","996534273","Hass Avocado or Mango","","","4 for","5.0","member price","","","2026-03-04","2026-03-10","Produce",""
"2026-03-04 15:49:00","996534271","USDA Choice Boneless Beef Tri Tip Roast","","","","5.99","lb member price","","","2026-03-04","2026-03-10","Meat & Seafood",""
"2026-03-04 15:49:01","996534375","Zoi Greek Yogurt","","","","3.99","member price","","Zoi","2026-03-04","2026-03-10","Dairy & Eggs",""
"2026-03-04 15:49:01","996534395","La Tortilla Factory Carb Cutting Tortillas","","","","4.99","member price","","La Tortilla Factory","2026-03-04","2026-03-10","Pantry",""
"2026-03-04 15:49:02","996534412","Gas Rewards","","","","","","","","2026-03-04","2026-03-10","Other",""
"2026-03-04 15:49:02","996534422","Smithfield Prime Fresh Lunchmeat","","","","4.99","ea member price","","Smithfield","2026-03-04","2026-03-10","Deli & Prepared Foods",""
"2026-03-04 15:49:02","996534360","Califia Farms Almondmilk or Oatmilk","","","","2.99","member price","","Califia Farms","2026-03-04","2026-03-10","Dairy & Eggs",""
"2026-03-04 15:49:03","996534426","Athenos Feta Crumbles","","","","5.99","ea member price","","Athenos","2026-03-04","2026-03-10","Dairy & Eggs",""
"2026-03-04 15:49:03","996534445","Horizon Organic Creamer","","","","4.99","member price","","Horizon","2026-03-04","2026-03-10","Dairy & Eggs",""
"2026-03-04 15:49:04","996534388","Amy's Entrée","","","","5.99","member price","","Amy's","2026-03-04","2026-03-10","Frozen",""
"2026-03-04 15:49:05","996534407","Sensible Portions Veggie Straws or Chips","","","2 for","7.0","member price","","Sensible Portions","2026-03-04","2026-03-10","Snacks",""
"2026-03-04 15:49:05","996534750","Autumn Crisp Green or Red Seedless Grapes","","","","4.99","lb","","","2026-03-04","2026-03-10","Produce",""
"2026-03-04 15:49:05","996534855","Jose Cuervo","","","","10.99","ea member price","","Jose Cuervo","2026-03-04","2026-03-10","Beverages",""
"2026-03-04 15:49:06","996534462","Yoplait Fridge Pack","EARN 4X POINTS","","","3.99","ea member price","","Yoplait","2026-03-04","2026-03-10","Dairy & Eggs",""
"2026-03-04 15:49:06","996534459","FISH FILLET Sandwich","","","","5.0","ea","","","2026-03-04","2026-04-02","Deli & Prepared Foods",""
"2026-03-04 15:49:07","996534468","Trans-Ocean Simply Surimi Selections","","","","4.69","ea member price","","Trans-Ocean","2026-03-04","2026-03-10","Meat & Seafood",""
"2026-03-04 15:49:07","996534465","Horizon Organic Milk","","","","5.99","member price","","Horizon","2026-03-04","2026-03-10","Dairy & Eggs",""
"2026-03-04 15:49:08","996534751","Signature SELECT® Frozen Potatoes","EARN 4X POINTS","","","3.99","member price","","Signature SELECT®","2026-03-04","2026-03-10","Frozen",""
"2026-03-04 15:49:08","996534753","Lemon","","","","0.99","ea","","","2026-03-04","2026-03-10","Produce",""
"2026-03-04 15:49:09","996534581","Nature Made Vitamins","EARN 4X POINTS, BUY 1 GET 1 FREE When you Buy 2 Member Price","","","","","","Nature Made","2026-03-04","2026-03-10","Health & Wellness",""
"2026-03-04 15:49:09","996534502","Dove Bar Soap","EARN 4x POINTS","","","11.99","member price","","Dove","2026-03-04","2026-03-10","Personal Care",""
"2026-03-04 15:49:10","996534529","Dial Liquid Hand Soap","Earn 4x POINTS","","2 /","6.0","when you buy 2","7.0","Dial","2026-03-04","2026-03-10","Personal Care",""
"2026-03-04 15:49:11","996534543","Playtex Tampons","EARN 4X POINTS","","","7.99","ea","9.99","Playtex","2026-03-04","2026-03-10","Personal Care",""
"2026-03-04 15:49:11","996534544","Benadryl Allergy Relief","EARN 4x POINTS","","","8.99","member price","","Benadryl","2026-03-04","2026-03-10","Health & Wellness",""
"2026-03-04 15:49:12","996534551","Tylenol Pain Relief","","","","15.99","member price","","Tylenol","2026-03-04","2026-03-10","Health & Wellness",""
"2026-03-04 15:49:12","996534564","RXBAR","EARN 4X POINTS","","3 for","5.0","member price","","RxBars","2026-03-04","2026-03-10","Snacks",""
"2026-03-04 15:49:13","996534589","Premier Protein","EARN 4X POINTS","","","9.99","member price","","Premier Protein","2026-03-04","2026-03-10","Health & Wellness",""
"2026-03-04 15:49:13","996534614","Quest Bars","EARN 4X POINTS","","","9.99","member price","","Quest","2026-03-04","2026-03-10","Snacks",""
"2026-03-04 15:49:14","996534601","Zyrtec Allergy Relief","EARN 4x POINTS","","","24.99","member price","","Zyrtec","2026-03-04","2026-03-10","Health & Wellness",""
"2026-03-04 15:49:14","996534602","Swiffer Refills","EARN 4x POINTS","","","9.99","ea","11.99","Swiffer","2026-03-04","2026-03-10","Household",""
"2026-03-04 15:49:15","996534745","Fresh Halibut Portion","","","","10.99","ea member price","","","2026-03-04","2026-03-10","Meat & Seafood",""
"2026-03-04 15:49:15","996534747","Cucumber","","","","0.99","ea","","","2026-03-04","2026-03-10","Produce",""
"2026-03-04 15:49:16","996534748","GT's Kombucha","EARN 2x POINTS","","2 for","6.0","member price","","GT's Kombucha","2026-03-04","2026-03-10","Beverages",""
"2026-03-04 15:49:16","996534754","Snapple Tea","EARN 4x POINTS","","","5.99","member price","","Snapple","2026-03-04","2026-03-10","Beverages",""
"2026-03-04 15:49:17","996534797","Panera Mac & Cheese Bowl","","","","9.99","ea member price","","Panera","2026-03-04","2026-03-10","Deli & Prepared Foods",""
"2026-03-04 15:49:17","996534806","Open Nature® Fin Fish","","","","10.99","ea member price","","OPEN NATURE®","2026-03-04","2026-03-10","Meat & Seafood",""
"2026-03-04 15:49:18","996534833","Prego Pasta Sauce","","","","1.99","ea member price","","Prego","2026-03-04","2026-03-10","Pantry",""
"2026-03-04 15:49:18","996534843","DiGiorno Rising Crust or Hand Tossed Pizza","","","","4.99","ea member price","","DiGiorno","2026-03-04","2026-03-10","Frozen",""
"2026-03-04 15:49:19","996534799","Philadelphia Cream Cheese","","","","2.49","ea member price","","PHILADELPHIA","2026-03-04","2026-03-10","Dairy & Eggs",""
"2026-03-04 15:49:19","996534815","Ball Park Hot Dog or Hamburger Buns","","","","2.99","ea member price","","Ball Park","2026-03-04","2026-03-10","Bakery",""
"2026-03-04 15:49:20","996534821","Activia Dailies 8-pack, 3.1-oz. Dannon Activia Yogurt 12-pack, 4-oz. Danimals Smoothies 12-pack, 3.1-oz.","EARN 4x POINTS","","","4.99","ea member price","","Activia | Dannon | Danimals","2026-03-04","2026-03-10","Dairy & Eggs",""
"2026-03-04 15:49:20","996534823","Guerrero Riquisimas Flour Tortillas","","","","4.99","ea member price","","Guerrero","2026-03-04","2026-03-10","Bakery",""
"2026-03-04 15:49:20","996534842","Tate's Bake Shop Cookies 5.5 to 7-oz. Nabisco Family Size Ritz Crackers 17.8 to 20.5-oz. Nutter Butter Wafers or Family Size Cookies 10.5 to 16-oz.","","","","3.99","ea member price","","Tate's | Nabisco","2026-03-04","2026-03-10","Snacks",""
"2026-03-04 15:49:21","996534866","Nabisco Family Size Chips Ahoy! Cookies","","","","3.49","ea member price","","Nabisco","2026-03-04","2026-03-10","Snacks",""
"2026-03-04 15:49:21","996534992","Gatorade","","","","1.69","ea member price","","Gatorade","2026-03-04","2026-03-10","Beverages",""
"2026-03-04 15:49:22","996535037","Starburst Jelly Beans","","","2 for","9.0","member price","","Starbursts","2026-03-04","2026-03-10","Snacks",""
"2026-03-04 15:49:23","996535042","KIND Bar","","","5 for","5.0","member price","","Kind","2026-03-04","2026-03-10","Snacks",""
"2026-03-04 15:49:23","996535064","Nerds Clusters Candy","EARN 4X POINTS","","","3.49","member price","","Nerds","2026-03-04","2026-03-10","Snacks",""
"2026-03-04 15:49:24","996535069","Lindor Truffle Candy","","","","8.99","member price","","Lindor","2026-03-04","2026-03-10","Snacks",""
"2026-03-04 15:49:24","996535096","think! Protein Bars","","","","9.99","member price","","think!","2026-03-04","2026-03-10","Snacks",""
"2026-03-04 15:49:24","996535138","Premier Protein Powder","","","","27.99","member price","","Premier Protein","2026-03-04","2026-03-17","Health & Wellness",""
"2026-03-04 15:49:25","996535085","Easter Squishmallow","25% OFF Member Price","","","","","","","2026-03-04","2026-03-10","Other",""
"2026-03-04 15:49:25","996535086","Boost Shakes","","","","11.99","member price","","Boost","2026-03-04","2026-03-10","Health & Wellness",""
"2026-03-04 15:49:26","996535101","Signature SELECT® Spring Bubbles or Chalk","25% OFF Member Price","","","","","","Signature SELECT®","2026-03-04","2026-03-10","Household",""
"2026-03-04 15:49:26","996535129","Air Wick Plug-In Refills","BUY 1 GET 1 FREE When you Buy 2 Member Price","","","","","","Air Wick","2026-03-04","2026-03-10","Household",""
"2026-03-04 15:49:27","996534344","Signature SELECT® Pork Shoulder Country Style Ribs or Blade Steak","","","","5.0","member price","","Signature SELECT®","2026-03-06","2026-03-06","Meat & Seafood",""
"2026-03-04 15:49:28","996534849","Signature SELECT® refreshe® Purified Drinking Water","","","","3.99","ea member price","","Signature SELECT®","2026-03-04","2026-03-10","Beverages",""
"2026-03-04 15:49:28","996535121","Febreze Air Freshener","Buy 2 Save $3.50 with your Member Account, EARN 4x POINTS","","","","","","Febreze","2026-03-04","2026-03-10","Household",""
"2026-03-04 15:49:28","996534346","SToK Cold Brew","EARN 4x POINTS","","","4.99","member price","","Stok","2026-03-04","2026-03-10","Beverages",""
"2026-03-04 15:49:29","996534348","Monster Ultra","EARN 4x POINTS","","3 for","5.0","member price","","Monster","2026-03-04","2026-03-10","Beverages",""
"2026-03-04 15:49:29","996534496","Crest Toothpaste 3.3 to 5.1-oz. Scope Mouthwash 33.8-oz.","EARN 4X POINTS","","","6.99","member price","","Crest","2026-03-04","2026-03-10","Personal Care",""
"2026-03-04 15:49:30","996534195","Oscar Mayer Deli Fresh Family Pack Lunchmeat","","","","5.0","ea member price","","Oscar Mayer","2026-03-06","2026-03-06","Meat & Seafood",""
"2026-03-04 15:49:30","996534505","Dove Shampoo or Conditioner","EARN 4x POINTS","","","6.99","member price","","Dove","2026-03-04","2026-03-10","Personal Care",""
"2026-03-04 15:49:31","996534406","Biscoff Sandwich Cookies","","","","3.99","member price","","Biscoff","2026-03-04","2026-03-10","Snacks",""
"2026-03-04 15:49:32","996535093","Signature SELECT® Food Storage","","","2 for","7.0","member price","","Signature SELECT®","2026-03-04","2026-03-10","Household",""
"2026-03-04 15:49:32","996534513","Tresemmé Shampoo or Conditioner","EARN 4x POINTS","","","6.99","member price","","TRESemmé","2026-03-04","2026-03-10","Personal Care",""
"2026-03-04 15:49:33","996534150","Signature SELECT® Autumn Crisp Grapes 2-lb. Mandarins 3-lb.","","","","5.0","ea member price","","Signature SELECT®","2026-03-06","2026-03-06","Produce",""
"2026-03-04 15:49:33","996535141","Optimum Nutrition Protein Powder","EARN 4x POINTS","","","27.99","member price","","Optimum Nutrition","2026-03-04","2026-03-10","Health & Wellness",""
"2026-03-04 15:49:33","996534060","Cookies","","","","4.99","member price","","","2026-03-04","2026-03-10","Bakery",""
"2026-03-04 15:49:34","996534356","Fresh Pass","5% off","","","","","","","2026-03-04","2026-03-10","Other",""
"2026-03-04 15:49:34","996535026","Safeway for u","","","","","","","","2026-03-04","2026-03-10","Other",""
"2026-03-04 15:49:35","996534415","Jackson's Sweet Potato Chips","EARN 2x POINTS","","2 for","7.0","member price","","Jackson's","2026-03-04","2026-03-10","Snacks",""
"2026-03-04 15:49:36","996534178","Signature SELECT® Soup","EARN 4x POINTS","","","5.0","ea member price","","Signature SELECT®","2026-03-06","2026-03-06","Pantry",""
"2026-03-04 15:49:36","996534160","Chicken Wings or Reser's American Classics Salad","","","","5.0","member price","","Reser's","2026-03-06","2026-03-08","Deli & Prepared Foods",""
"2026-03-04 15:49:36","996535142","Happy Baby Pouch","","","3 for","5.0","member price","","Happy Baby","2026-03-04","2026-03-10","Pantry",""
"2026-03-04 15:49:37","996533972","Open Nature® Lamb Loin Chops","","","","9.99","lb member price","","OPEN NATURE®","2026-03-04","2026-03-10","Meat & Seafood",""
"2026-03-04 15:49:38","996534825","Keebler Sandwich Crackers 8-pack, 1.38-oz. Pringles Chips 5.2 to 5.57-oz.","EARN 4x POINTS","","","1.99","ea member price","","Keebler | Pringles","2026-03-04","2026-03-10","Snacks",""
"2026-03-04 15:49:38","996533992","Hormel Pepperoni Pillow Pack","EARN 4x POINTS","","","3.99","ea member price","","Hormel","2026-03-04","2026-03-10","Meat & Seafood",""
"2026-03-04 15:49:39","996535185","Pharmacy","","","","","","","","2026-03-04","2026-03-10","Health & Wellness",""
"2026-03-04 15:49:39","996534562","Venus Glide Razor","","","","12.99","ea","15.99","Venus","2026-03-04","2026-03-10","Personal Care",""
"2026-03-04 15:49:39","996535098","Tuscany Jar Candle","","","","9.99","member price","","Tuscany Candle","2026-03-04","2026-03-10","Household",""
"2026-03-04 15:49:40","996535114","Rubbermaid Take-Alongs Food Storage","","","","5.99","member price","","Rubbermaid","2026-03-04","2026-03-10","Household",""
"2026-03-12 5:19:42","998084209","Signature SELECT® Baby Wipes","Earn x POINTS","","","5.99","member price","","Signature SELECT®","2026-03-11","2026-03-17","Personal Care","https://f.wishabi.net/page_pdf_images/22845147/b11b1174-177b-11f1-95a7-1a7990af0ac2/x_large"
"2026-03-12 5:19:42","998084215","Starburst Jelly Beans","","","2 for","9.0","member price","","Starbursts","2026-03-11","2026-03-17","Snacks","https://f.wishabi.net/page_pdf_images/22845147/970942b0-177b-11f1-95a7-1a7990af0ac2/x_large"
"2026-03-12 5:19:42","998083595","Safeway for u","","","","","","","","2026-03-11","2026-03-17","Other","https://f.wishabi.net/page_items/411936459/1772605973/extra_large.jpg"
"2026-03-12 5:19:43","998082843","Fresh Fruit Tart or Cheesecake Platter","","","","19.99","member price","","","2026-03-11","2026-03-17","Bakery","https://f.wishabi.net/page_pdf_images/22845131/8f49d594-177b-11f1-aa0a-3e238e53c29c/x_large"
"2026-03-12 5:19:43","998083480","Keebler Sandwich Crackers 8-pack, 1.38-oz. Cheez-It or Snap'd 7.5 to 12.4-oz. Kellogg's Club or Town House 9.5 to 13.8-oz.","EARN 4x POINTS","","","2.99","ea member price","","Keebler | Cheez-It | Kellogg's | Town House","2026-03-11","2026-03-17","Snacks","https://f.wishabi.net/page_items/411926793/1772605965/extra_large.jpg"
"2026-03-12 5:19:44","998083503","Nestlé Outshine Fruit Bars 4 to 6-ct. Frollies Novelties 6-ct.","EARN 4x POINTS","","","2.99","ea member price","","Nestlé | Frollies","2026-03-11","2026-03-17","Frozen","https://f.wishabi.net/page_items/411926806/1772605968/extra_large.jpg"
"2026-03-12 5:19:44","998083424","Oscar Mayer Lunchmeat","","","","3.99","ea member price","","Oscar Mayer","2026-03-11","2026-03-17","Meat & Seafood","https://f.wishabi.net/page_pdf_images/22845138/8fff0f22-177b-11f1-a0c4-dead3f265e57/x_large"
"2026-03-12 5:19:45","998082776","Signature SELECT® Meatloaf","","","","7.99","ea member price","","Signature SELECT®","2026-03-11","2026-03-17","Deli & Prepared Foods","https://f.wishabi.net/page_pdf_images/22845131/94ecaff8-177b-11f1-aa0a-3e238e53c29c/x_large"
"2026-03-12 5:19:45","998085284","Earth's Best Organic Crunchy Sticks","","","2 for","5.0","member price","","Earth's Best Organic","2026-03-11","2026-03-17","Snacks","https://f.wishabi.net/page_pdf_images/22845147/b2bbe922-177b-11f1-95a7-1a7990af0ac2/x_large"
"2026-03-12 5:19:46","998085319","Lindor Truffle Candy","","","","8.99","member price","","Lindor","2026-03-11","2026-03-17","Snacks","https://f.wishabi.net/page_pdf_images/22845147/956d2d86-177b-11f1-95a7-1a7990af0ac2/x_large"
"2026-03-12 5:19:46","998085485","RXBAR","EARN 4x POINTS","","3 for","5.0","member price","","RxBars","2026-03-11","2026-03-17","Snacks","https://f.wishabi.net/page_pdf_images/22845146/a410250a-177b-11f1-9509-1e91a35e56ac/x_large"
"2026-03-12 5:19:46","998085563","Optimum Nutrition Protein Powder","EARN 4x POINTS","","","27.99","member price","","Optimum Nutrition","2026-03-11","2026-03-17","Health & Wellness","https://f.wishabi.net/page_pdf_images/22845147/a9a297be-177b-11f1-95a7-1a7990af0ac2/x_large"
"2026-03-12 5:19:47","998083409","Waterfront Bistro® or Open Nature® Mussels","","","2 for","4.0","member price","","Waterfront Bistro® | Open Nature®","2026-03-11","2026-03-17","Meat & Seafood","https://f.wishabi.net/page_items/411926759/1772605957/extra_large.jpg"
"2026-03-12 5:19:47","998085735","Daisy Sour Cream Squeeze","","","","2.99","member price","","Daisy","2026-03-11","2026-03-17","Dairy & Eggs","https://f.wishabi.net/page_pdf_images/22845145/a60fcac2-177b-11f1-ac4a-ce113e8ff2c5/x_large"
"2026-03-12 5:19:47","998085642","Premier Protein","EARN 4x POINTS","","","9.99","member price","","Premier Protein","2026-03-11","2026-03-17","Health & Wellness","https://f.wishabi.net/page_pdf_images/22845146/a57fc882-177b-11f1-9509-1e91a35e56ac/x_large"
"2026-03-12 5:19:48","998085651","Reser's American Classics Salad","","","","7.99","ea member price","","Reser's","2026-03-11","2026-03-17","Deli & Prepared Foods","https://f.wishabi.net/page_pdf_images/22845145/9f2348ba-177b-11f1-ac4a-ce113e8ff2c5/x_large"
"2026-03-12 5:19:48","998085747","Happy Baby Pouch","","","3 for","5.0","member price","","Happy Baby","2026-03-11","2026-03-17","Pantry","https://f.wishabi.net/page_pdf_images/22845147/a0791aa0-177b-11f1-95a7-1a7990af0ac2/x_large"
"2026-03-12 5:19:49","998083483","O Organics® Eggs","","","","5.99","ea member price","","O Organics®","2026-03-11","2026-03-17","Dairy & Eggs","https://f.wishabi.net/page_pdf_images/22845138/9318419c-177b-11f1-a0c4-dead3f265e57/x_large"
"2026-03-12 5:19:49","998086123","Air Wick Plug-In Refills","BUY 1 GET 1 FREE When you Buy 2 Member Price","","","","","","Air Wick","2026-03-11","2026-03-17","Household","https://f.wishabi.net/page_pdf_images/22845147/ac22ae3e-177b-11f1-95a7-1a7990af0ac2/x_large"
"2026-03-12 5:19:50","998086318","Baby Club Savings Save more on baby essentials**","SPEND $25 SAVE $5","","","","","","","2026-03-11","2026-03-17","Other","https://f.wishabi.net/page_items/411926996/1773167101/extra_large.jpg"
"2026-03-12 5:19:50","998086463","Dove Body Wash","EARN 4x POINTS","","","8.99","member price","","Dove","2026-03-11","2026-03-17","Personal Care","https://f.wishabi.net/page_pdf_images/22845146/99b0a12a-177b-11f1-9509-1e91a35e56ac/x_large"
"2026-03-12 5:19:51","998086531","Mucinex Fast-Max Cold & Flu Relief","","","","18.99","member price","","Mucinex","2026-03-11","2026-03-17","Health & Wellness","https://f.wishabi.net/page_pdf_images/22845146/ae8cda8c-177b-11f1-9509-1e91a35e56ac/x_large"
"2026-03-12 5:19:51","998086559","Scotch-Brite Sponges","EARN 4x POINTS","","","5.99","ea","6.99","Scotch-Brite","2026-03-11","2026-03-17","Household","https://f.wishabi.net/page_pdf_images/22845146/9853a200-177b-11f1-9509-1e91a35e56ac/x_large"
"2026-03-12 5:19:52","998083474","Kellogg's Large Size Cereal","Earn 4x POINTS","","","2.99","ea member price","","Kellogg's","2026-03-11","2026-03-17","Pantry","https://f.wishabi.net/page_items/411926790/1772605964/extra_large.jpg"
"2026-03-12 5:19:52","998086803","Farm Rich Frozen Appetizers","","","","6.99","member price","","Farm Rich","2026-03-11","2026-03-17","Frozen","https://f.wishabi.net/page_items/411926919/1772605958/extra_large.jpg"
"2026-03-12 5:19:53","998076220","Quilted Northern Bath Tissue 6-Mega Rolls. Angel Soft Bath Tissue 6-Mega Rolls. Brawny Paper Towels 2-Triple Rolls.","","","","5.0","ea member price","","Quilted Northern | Angel Soft | Brawny","2026-03-13","2026-03-13","Household","https://f.wishabi.net/page_pdf_images/22845141/94aedf16-177b-11f1-8513-d6972a7e48d7/x_large"
"2026-03-12 5:19:53","998087429","Horizon Organic Milk","","","","6.49","member price","","Horizon","2026-03-11","2026-03-17","Dairy & Eggs","https://f.wishabi.net/page_pdf_images/22845145/a643b9ea-177b-11f1-ac4a-ce113e8ff2c5/x_large"
"2026-03-12 5:19:53","998086895","Colgate Twin Pack","EARN 4x POINTS","","","7.99","ea","9.99","Colgate","2026-03-11","2026-03-17","Personal Care","https://f.wishabi.net/page_pdf_images/22845146/9c5ad5d0-177b-11f1-9509-1e91a35e56ac/x_large"
"2026-03-12 5:19:53","998087101","Quest Bars","EARN 4x POINTS","","","9.99","member price","","Quest","2026-03-11","2026-03-17","Snacks","https://f.wishabi.net/page_pdf_images/22845146/a57cbb6a-177b-11f1-9509-1e91a35e56ac/x_large"
"2026-03-12 5:19:54","998087187","Feastables Peanut Butter Egg","","","2 for","3.0","member price","","FEASTABLES","2026-03-11","2026-03-17","Snacks","https://f.wishabi.net/page_pdf_images/22845147/adf54424-177b-11f1-95a7-1a7990af0ac2/x_large"
"2026-03-12 5:19:54","998082749","Irish Stew Mix","","","","5.99","ea","","","2026-03-11","2026-03-17","Pantry","https://f.wishabi.net/page_pdf_images/22845131/92d1d18a-177b-11f1-aa0a-3e238e53c29c/x_large"
"2026-03-12 5:19:55","998087459","Fabuloso Multi-Purpose Cleaner","EARN 4x POINTS","","","7.99","ea","9.99","Fabuloso","2026-03-11","2026-03-17","Household","https://f.wishabi.net/page_pdf_images/22845146/95860ffe-177b-11f1-9509-1e91a35e56ac/x_large"
"2026-03-12 5:19:55","998082877","Fuji or Granny Smith Apples","","","","1.99","lb member price","","","2026-03-11","2026-03-17","Produce","https://f.wishabi.net/page_pdf_images/22845131/924c2a4e-177b-11f1-aa0a-3e238e53c29c/x_large"
"2026-03-12 5:19:55","998087602","Pampers Swaddlers or Easy Ups Super Pack","EARN 4x POINTS","","","27.99","ea","30.99","Pampers","2026-03-11","2026-03-17","Personal Care","https://f.wishabi.net/page_pdf_images/22845147/b6afb1da-177b-11f1-95a7-1a7990af0ac2/x_large"
"2026-03-12 5:19:56","998088149","think! Protein Bars","","","","9.99","member price","","think!","2026-03-11","2026-03-17","Snacks","https://f.wishabi.net/page_pdf_images/22845147/a5f66596-177b-11f1-95a7-1a7990af0ac2/x_large"
"2026-03-12 5:19:56","998088623","Tylenol Pain Relief","","","","15.99","member price","","Tylenol","2026-03-11","2026-03-17","Health & Wellness","https://f.wishabi.net/page_pdf_images/22845146/9cef6bbe-177b-11f1-9509-1e91a35e56ac/x_large"
"2026-03-12 5:19:57","998088760","Axe Deodorant or Hair Care","Earn 4x POINTS","","","6.99","member price","","Axe","2026-03-11","2026-03-17","Personal Care","https://f.wishabi.net/page_pdf_images/22845146/aa32990e-177b-11f1-9509-1e91a35e56ac/x_large"
"2026-03-12 5:19:57","998090102","Pediasure","","","","13.99","member price","","PediaSure","2026-03-11","2026-03-17","Health & Wellness","https://f.wishabi.net/page_pdf_images/22845147/b5a7b706-177b-11f1-95a7-1a7990af0ac2/x_large"
"2026-03-12 5:19:57","998076347","Freshpass","5% off","","","","","","","2026-03-11","2026-03-17","Other","https://f.wishabi.net/page_items/411970307/1772605957/extra_large.jpg"
"2026-03-12 5:19:57","998090565","Ensure Max Protein Shakes","EARN 4x POINTS","","","12.99","member price","","Ensure","2026-03-11","2026-03-17","Health & Wellness","https://f.wishabi.net/page_pdf_images/22845146/a6c7192a-177b-11f1-9509-1e91a35e56ac/x_large"
"2026-03-12 5:19:58","998082723","Wild Caught Dungeness Crab Sections","","","","16.99","lb member price","","Wild Caught","2026-03-11","2026-03-17","Meat & Seafood","https://f.wishabi.net/page_pdf_images/22845131/9aaeea46-177b-11f1-aa0a-3e238e53c29c/x_large"
"2026-03-12 5:19:59","998093721","Signature SELECT® Spring Bubbles or Chalk","25% OFF Member Price","","","","","","Signature SELECT®","2026-03-11","2026-03-17","Household","https://f.wishabi.net/page_pdf_images/22845147/9a121b9e-177b-11f1-95a7-1a7990af0ac2/x_large"
"2026-03-12 5:19:59","998094328","Always Infinity or Radiant Pads","EARN 4x POINTS","","","12.99","member price","","Always","2026-03-11","2026-03-17","Personal Care","https://f.wishabi.net/page_pdf_images/22845146/adfe281e-177b-11f1-9509-1e91a35e56ac/x_large"
"2026-03-12 5:20:00","998095012","Nerds Clusters Candy","EARN 4x POINTS","","","3.49","member price","","Nerds","2026-03-11","2026-03-17","Snacks","https://f.wishabi.net/page_pdf_images/22845147/a464bdd6-177b-11f1-95a7-1a7990af0ac2/x_large"
"2026-03-12 5:20:00","998095087","Blount's Family Kitchen Chicken Pot Pie","","","","11.99","ea member price","","Blount's Family","2026-03-11","2026-03-17","Deli & Prepared Foods","https://f.wishabi.net/page_pdf_images/22845145/9e7688a0-177b-11f1-ac4a-ce113e8ff2c5/x_large"
"2026-03-12 5:20:00","998095811","Amish Country Roll Butter","","","","10.99","member price","","Miller Amish Country","2026-03-11","2026-03-17","Dairy & Eggs","https://f.wishabi.net/page_pdf_images/22845145/a6f39d6a-177b-11f1-ac4a-ce113e8ff2c5/x_large"
"2026-03-12 5:20:01","998083490","Pringles Chips","EARN 4x POINTS","","","1.99","ea member price","","Pringles","2026-03-11","2026-03-17","Snacks","https://f.wishabi.net/page_items/411926797/1772605966/extra_large.jpg"
"2026-03-12 5:20:01","998099346","Nature Made Vitamins","Earn 4x POINTS, BUY 1 GET 1 FREE When you Buy 2 Member Price","","","","","","Nature Made","2026-03-11","2026-03-17","Health & Wellness","https://f.wishabi.net/page_pdf_images/22845146/a40c70ea-177b-11f1-9509-1e91a35e56ac/x_large"
"2026-03-12 5:20:01","998099322","Playtex Tampons","EARN 4x POINTS","","","7.99","ea","9.99","Playtex","2026-03-11","2026-03-17","Personal Care","https://f.wishabi.net/page_pdf_images/22845146/9b75ead8-177b-11f1-9509-1e91a35e56ac/x_large"
"2026-03-12 5:20:02","998101216","Tuscany Jar Candle","","","","9.99","member price","","Tuscany Candle","2026-03-11","2026-03-17","Household","https://f.wishabi.net/page_pdf_images/22845147/9c171dc2-177b-11f1-95a7-1a7990af0ac2/x_large"
"2026-03-12 5:20:02","998101286","Olay Body Wash","EARN 4x POINTS","","","8.99","member price","","Olay","2026-03-11","2026-03-17","Personal Care","https://f.wishabi.net/page_pdf_images/22845146/9d970bb2-177b-11f1-9509-1e91a35e56ac/x_large"
"2026-03-12 5:20:03","998101490","Zyrtec Allergy Relief","EARN 4x POINTS","","","24.99","member price","","Zyrtec","2026-03-11","2026-03-17","Health & Wellness","https://f.wishabi.net/page_pdf_images/22845146/9649dfd8-177b-11f1-9509-1e91a35e56ac/x_large"
"2026-03-12 5:20:03","998101532","5-hour Energy Shots","","","2 for","5.0","member price","","5 Hour Energy","2026-03-11","2026-03-17","Beverages","https://f.wishabi.net/page_pdf_images/22845147/a76ed552-177b-11f1-95a7-1a7990af0ac2/x_large"
"2026-03-12 5:20:04","998083464","La Victoria Salsa 15.5-oz. Enchilada Sauce 28-oz.","","","","2.49","ea member price","","LA VICTORIA","2026-03-11","2026-03-17","Pantry","https://f.wishabi.net/page_items/411926781/1772605962/extra_large.jpg"
"2026-03-12 5:20:04","998102771","Sargento String or Stick Cheese 9 to 12-oz. Shareables 6-oz.","","","","4.99","member price","","Sargento","2026-03-11","2026-03-17","Dairy & Eggs","https://f.wishabi.net/page_items/411926920/1772605958/extra_large.jpg"
"2026-03-12 5:20:04","998102993","GT's Kombucha","Earn 2x POINTS","","2 for","6.0","member price","","GT's Kombucha","2026-03-11","2026-03-17","Beverages","https://f.wishabi.net/page_pdf_images/22845145/a20fdf7a-177b-11f1-ac4a-ce113e8ff2c5/x_large"
"2026-03-12 5:20:04","998102999","Hershey King Size Bar","","","2 for","4.0","member price","","Hershey's","2026-03-11","2026-03-17","Snacks","https://f.wishabi.net/page_pdf_images/22845147/98ad0a66-177b-11f1-95a7-1a7990af0ac2/x_large"
"2026-03-12 5:20:05","998082820","French or Sourdough Baguette","","","","2.49","member price","","","2026-03-11","2026-03-17","Bakery","https://f.wishabi.net/page_items/411926546/1772605973/extra_large.jpg"
"2026-03-12 5:20:05","998103602","Signature SELECT® Classic Salad","EARN 2x POINTS","","","7.99","ea member price","","Signature SELECT®","2026-03-11","2026-03-17","Produce","https://f.wishabi.net/page_pdf_images/22845145/aa094b4e-177b-11f1-ac4a-ce113e8ff2c5/x_large"
"2026-03-12 5:20:06","998103914","Hershey Easter Candy","","","","5.49","member price","","Hershey's","2026-03-11","2026-03-17","Snacks","https://f.wishabi.net/page_pdf_images/22845147/9ac97960-177b-11f1-95a7-1a7990af0ac2/x_large"
"2026-03-12 5:20:06","998104002","O Organics® Tofu","EARN 4x POINTS","","","2.99","ea member price","","O Organics®","2026-03-11","2026-03-17","Produce","https://f.wishabi.net/page_pdf_images/22845145/a376533a-177b-11f1-ac4a-ce113e8ff2c5/x_large"
"2026-03-12 5:20:06","998104011","Dial Liquid Hand Soap","EARN 4x POINTS","","2 /","6.0","when you buy 2","7.0","Dial","2026-03-11","2026-03-17","Personal Care","https://f.wishabi.net/page_pdf_images/22845146/a162c556-177b-11f1-9509-1e91a35e56ac/x_large"
"2026-03-12 5:20:07","998104071","Ghirardelli Bunny Bag","","","","5.99","member price","","Ghirardelli","2026-03-11","2026-03-17","Snacks","https://f.wishabi.net/page_pdf_images/22845147/a2c2a2d6-177b-11f1-95a7-1a7990af0ac2/x_large"
"2026-03-12 5:20:07","998104307","Boost Shakes","","","","11.99","member price","","Boost","2026-03-11","2026-03-17","Health & Wellness","https://f.wishabi.net/page_pdf_images/22845147/a82afa98-177b-11f1-95a7-1a7990af0ac2/x_large"
"2026-03-12 5:20:08","998104349","Signature SELECT® Food Storage","","","2 for","7.0","member price","","Signature SELECT®","2026-03-11","2026-03-17","Household","https://f.wishabi.net/page_pdf_images/22845147/9cd12104-177b-11f1-95a7-1a7990af0ac2/x_large"
"2026-03-12 5:20:08","998104416","Swiffer Refills","EARN 4x POINTS","","","9.99","ea","11.99","Swiffer","2026-03-11","2026-03-17","Household","https://f.wishabi.net/page_pdf_images/22845146/97b57738-177b-11f1-9509-1e91a35e56ac/x_large"
"2026-03-12 5:20:09","998104468","Dove Dry Spray Deodorant","","","","9.99","member price","","Dove","2026-03-11","2026-03-17","Personal Care","https://f.wishabi.net/page_pdf_images/22845146/a89a1158-177b-11f1-9509-1e91a35e56ac/x_large"
"2026-03-12 5:20:09","998105409","Pantene or Head & Shoulders Shampoo or Conditioner","EARN 4x POINTS","","","7.99","member price","","Pantene | Head & Shoulders","2026-03-11","2026-03-17","Personal Care","https://f.wishabi.net/page_pdf_images/22845146/aceb7f44-177b-11f1-9509-1e91a35e56ac/x_large"
"2026-03-12 5:20:09","998104643","Rubbermaid Take-Alongs Food Storage","","","","5.99","member price","","Rubbermaid","2026-03-11","2026-03-17","Household","https://f.wishabi.net/page_pdf_images/22845147/9f032fd0-177b-11f1-95a7-1a7990af0ac2/x_large"
"2026-03-12 5:20:10","998082726","Red Tomatoes on the Vine","","","","2.99","lb member price","","","2026-03-11","2026-03-17","Produce","https://f.wishabi.net/page_pdf_images/22845131/9b4bed6e-177b-11f1-aa0a-3e238e53c29c/x_large"
"2026-03-12 5:20:10","998082872","Signature SELECT® Alstroemeria","","","","6.99","member price","","Signature SELECT®","2026-03-11","2026-03-17","Floral","https://f.wishabi.net/page_pdf_images/22845131/94f882a6-177b-11f1-aa0a-3e238e53c29c/x_large"
"2026-03-12 5:20:11","998076177","Chicken Wings, BBQ Rib Tips or Tater Kegs","","","","5.0","lb member price","","","2026-03-13","2026-03-13","Deli & Prepared Foods","https://f.wishabi.net/page_items/411926869/1772605963/extra_large.jpg"
"2026-03-12 5:20:11","998076188","Signature SELECT® Navel Oranges 8-lb. bag. Large Hass Avocados 4-ct. bag.","","","","5.0","ea member price","","Signature SELECT®","2026-03-13","2026-03-13","Produce","https://f.wishabi.net/page_pdf_images/22845141/a5533c9a-177b-11f1-8513-d6972a7e48d7/x_large"
"2026-03-12 5:20:11","998074577","Ruffles, Lay's, Lay's Baked or Lay's Kettle Chips","BUY 2 GET 2 FREE EQUAL OR LESSER VALUE Member Price When you Buy 4","","","","","","Ruffles | Lay's","2026-03-11","2026-03-17","Snacks","https://f.wishabi.net/page_pdf_images/22845123/980dc33e-177b-11f1-81ef-def410f6c50b/x_large"
"2026-03-12 5:20:12","998102550","Align Probiotics","","","","29.99","member price","","Align","2026-03-11","2026-03-17","Health & Wellness","https://f.wishabi.net/page_pdf_images/22845146/b01402e0-177b-11f1-9509-1e91a35e56ac/x_large"
"2026-03-12 5:20:12","998074615","Yoplait Yogurt 4 to 6-oz. Protein Yogurt 5.6-oz.","EARN 4x POINTS","","","0.39","ea member price when you buy 10","","Yoplait","2026-03-11","2026-03-17","Dairy & Eggs","https://f.wishabi.net/page_pdf_images/22845123/92a6f5be-177b-11f1-81ef-def410f6c50b/x_large"
"2026-03-12 5:20:12","998076187","Fresh Atlantic Salmon Portion 7-oz. Farm raised. Includes marinated portion. Wild Caught Lobster Tail 3-oz. Previously Frozen.","","","","5.0","ea member price","","","2026-03-13","2026-03-13","Meat & Seafood","https://f.wishabi.net/page_pdf_images/22845141/a389c5dc-177b-11f1-8513-d6972a7e48d7/x_large"
"2026-03-12 5:20:12","998085238","Jack Link's Jerky Mega Pack","EARN 4x POINTS","","","14.99","ea member price","","Jack Links","2026-03-11","2026-03-17","Snacks","https://f.wishabi.net/page_pdf_images/22845145/a95c2428-177b-11f1-ac4a-ce113e8ff2c5/x_large"
"2026-03-12 5:20:13","998088620","Vicks ZzzQuil Sleep-Aid","","","","10.99","member price","","Vicks","2026-03-11","2026-03-17","Health & Wellness","https://f.wishabi.net/page_pdf_images/22845146/98f7a8a0-177b-11f1-9509-1e91a35e56ac/x_large"
"2026-03-12 5:20:13","998089046","Briette Brie","","","","3.99","ea member price","","Briette","2026-03-11","2026-03-17","Dairy & Eggs","https://f.wishabi.net/page_pdf_images/22845145/a08f360a-177b-11f1-ac4a-ce113e8ff2c5/x_large"
"2026-03-12 5:20:14","998090605","Dove Bar Soap","EARN 4x POINTS","","","11.99","member price","","Dove","2026-03-11","2026-03-17","Personal Care","https://f.wishabi.net/page_pdf_images/22845146/a21384ea-177b-11f1-9509-1e91a35e56ac/x_large"
"2026-03-12 5:20:14","998093604","Yakult Probiotic Drink","","","","2.99","ea member price","","Yakult","2026-03-11","2026-03-17","Dairy & Eggs","https://f.wishabi.net/page_pdf_images/22845145/a77c100a-177b-11f1-ac4a-ce113e8ff2c5/x_large"
"2026-03-12 5:20:14","998074592","USDA Choice Boneless Beef Top Round London Broil","","","","6.99","lb member price","","USDA Choice","2026-03-11","2026-03-17","Meat & Seafood","https://f.wishabi.net/page_pdf_images/22845123/95b944be-177b-11f1-81ef-def410f6c50b/x_large"
"2026-03-12 5:20:14","998074637","Modelo or Corona 24-pack, 12-oz. High Noon 12-pack, 355-ml. cans. Tito's 1.75-ltr.","","","","25.99","member price","","Modelo | Corona | High Noon | Tito's","2026-03-11","2026-03-17","Beverages","https://f.wishabi.net/page_items/411926325/1772605969/extra_large.jpg"
"2026-03-12 5:20:15","998093614","Dove Shampoo or Conditioner","EARN 4x POINTS","","","6.99","member price","","Dove","2026-03-11","2026-03-17","Personal Care","https://f.wishabi.net/page_pdf_images/22845146/9f682dcc-177b-11f1-9509-1e91a35e56ac/x_large"
"2026-03-12 5:20:15","998097136","Venus Glide Razor","","","","12.99","ea","15.99","Venus","2026-03-11","2026-03-17","Personal Care","https://f.wishabi.net/page_pdf_images/22845146/959ade84-177b-11f1-9509-1e91a35e56ac/x_large"
"2026-03-12 5:20:15","998103742","Assorted Products","","","","","","","","2026-03-11","2026-03-17","Other","https://f.wishabi.net/page_items/411926921/1772605959/extra_large.jpg"
"2026-03-12 5:20:16","998101136","Desitin Rash Cream or Aveeno Baby Care 4 to 8-oz.","","","","7.99","member price","","Desitin | Aveeno","2026-03-11","2026-03-17","Health & Wellness","https://f.wishabi.net/page_pdf_images/22845147/b46d7d44-177b-11f1-95a7-1a7990af0ac2/x_large"
"2026-03-12 5:20:16","998082796","Signature SELECT® Breakfast or Raisin Bread","","","","3.99","member price","","Signature SELECT®","2026-03-11","2026-03-17","Bakery","https://f.wishabi.net/page_pdf_images/22845131/93d96b1a-177b-11f1-aa0a-3e238e53c29c/x_large"
"2026-03-12 5:20:16","998082830","Shamrock Foliage","","","","4.99","member price","","","2026-03-11","2026-03-17","Floral","https://f.wishabi.net/page_pdf_images/22845131/946d7878-177b-11f1-aa0a-3e238e53c29c/x_large"
"2026-03-12 5:20:17","998076151","Signature SELECT® Peeled Baby-Cut Carrots","","","","1.99","ea member price","","Signature SELECT®","2026-03-11","2026-03-17","Produce","https://f.wishabi.net/page_pdf_images/22845141/98edb520-177b-11f1-8513-d6972a7e48d7/x_large"
"2026-03-12 5:20:17","998076193","Signature Cafe® Pizza","","","","5.0","ea member price","","Signature Cafe®","2026-03-13","2026-03-13","Deli & Prepared Foods","https://f.wishabi.net/page_pdf_images/22845141/a588dd96-177b-11f1-8513-d6972a7e48d7/x_large"
"2026-03-12 5:20:17","998076221","California Pizza Kitchen or DiGiorno Detroit Pizza","","","","5.0","ea member price","","California Pizza Kitchen | DiGiorno","2026-03-13","2026-03-13","Frozen","https://f.wishabi.net/page_pdf_images/22845141/a1b6a040-177b-11f1-8513-d6972a7e48d7/x_large"
"2026-03-12 5:20:18","998088767","Benadryl Allergy Relief","EARN 4x POINTS","","","8.99","member price","","Benadryl","2026-03-11","2026-03-17","Health & Wellness","https://f.wishabi.net/page_pdf_images/22845146/9c438092-177b-11f1-9509-1e91a35e56ac/x_large"
"2026-03-12 5:20:18","998105210","Premier Protein Powder","","","","27.99","member price","","Premier Protein","2026-03-11","2026-03-17","Health & Wellness","https://f.wishabi.net/page_pdf_images/22845147/b73a86a2-177b-11f1-95a7-1a7990af0ac2/x_large"
"2026-03-12 5:20:18","998074589","Signature SELECT® Variety Bread 24-oz. Irish Soda Bread Selected varieties. Oroweat Rye Bread 16-oz.","","","","3.99","member price","","Signature SELECT® | Oroweat","2026-03-11","2026-03-17","Bakery","https://f.wishabi.net/page_pdf_images/22845123/9b255e2e-177b-11f1-81ef-def410f6c50b/x_large"
"2026-03-12 5:20:18","998074591","Strawberries 1-lb. Blueberries, Raspberries or Blackberries 6-oz.","BUY 1 GET 1 FREE Member Price When you Buy 2","","","","","","","2026-03-11","2026-03-17","Produce","https://f.wishabi.net/page_items/411926274/1772605961/extra_large.jpg"
"2026-03-12 5:20:19","998074598","Coca-Cola, Pepsi, 7UP or Dr Pepper","BUY 2 GET 2 FREE Member Price When you Buy 4","","","","","","Coca-Cola | Pepsi | 7UP | Dr Pepper","2026-03-11","2026-03-17","Beverages","https://f.wishabi.net/page_pdf_images/22845123/993a8634-177b-11f1-81ef-def410f6c50b/x_large"
"2026-03-12 5:20:19","998074599","Produce Sale","","","10 for","10.0","","","","2026-03-11","2026-03-17","Produce","https://f.wishabi.net/page_pdf_images/22845123/9fbb484a-177b-11f1-81ef-def410f6c50b/x_large"
"2026-03-12 5:20:20","998074621","8-Piece Fried Chicken","","","","5.99","ea member price","","","2026-03-11","2026-03-17","Deli & Prepared Foods","https://f.wishabi.net/page_items/411926278/1772605961/extra_large.jpg"
"2026-03-12 5:20:20","998087789","STEM Light Trap Kit","$5 OFF Member Price","","","","","","STEM","2026-03-11","2026-03-17","Household","https://f.wishabi.net/page_pdf_images/22845147/a1f42460-177b-11f1-95a7-1a7990af0ac2/x_large"
"2026-03-12 5:20:20","998102824","Lindor Truffle or Gold Bunny Candy","","","","5.99","member price","","Lindor","2026-03-11","2026-03-17","Snacks","https://f.wishabi.net/page_pdf_images/22845147/9b6e7104-177b-11f1-95a7-1a7990af0ac2/x_large"
"2026-03-12 5:20:21","998102867","Barebells Protein Bars","","","","8.99","member price","","Barebells","2026-03-11","2026-03-17","Snacks","https://f.wishabi.net/page_pdf_images/22845147/a6acabda-177b-11f1-95a7-1a7990af0ac2/x_large"
"2026-03-12 5:20:21","998086181","Secret or Old Spice Deodorant","","","","7.99","member price","","Secret | Old Spice","2026-03-11","2026-03-17","Personal Care","https://f.wishabi.net/page_pdf_images/22845146/ad768d78-177b-11f1-9509-1e91a35e56ac/x_large"
"2026-03-12 5:20:21","998096537","Bloom Greens & Superfoods Powder","","","","29.99","member price","","Bloom","2026-03-11","2026-03-17","Health & Wellness","https://f.wishabi.net/page_pdf_images/22845147/b85856ae-177b-11f1-95a7-1a7990af0ac2/x_large"
"2026-03-12 5:20:22","998088080","CLIF Bars","EARN 4x POINTS","","","6.99","member price","","Clif Bar","2026-03-11","2026-03-17","Snacks","https://f.wishabi.net/page_pdf_images/22845146/a4b75672-177b-11f1-9509-1e91a35e56ac/x_large"
"2026-03-12 5:20:22","998099234","Pharmacy","","","","","","","","2026-03-11","2026-03-17","Health & Wellness","https://f.wishabi.net/page_items/411958683/1773166956/extra_large.jpg"
"2026-03-12 5:20:23","998085379","Tresemmé Shampoo or Conditioner","EARN 4x POINTS","","","6.99","member price","","TRESemmé","2026-03-11","2026-03-17","Personal Care","https://f.wishabi.net/page_pdf_images/22845146/ab548c70-177b-11f1-9509-1e91a35e56ac/x_large"
"2026-03-12 5:20:23","998083248","Lemon","","","","0.99","ea","","","2026-03-11","2026-03-17","Produce","https://f.wishabi.net/page_pdf_images/22845131/9c1a440c-177b-11f1-aa0a-3e238e53c29c/x_large"
"2026-03-12 5:20:24","998101210","Crest Toothpaste 3.3 to 5.1-oz. Scope Mouthwash 33.8-oz.","EARN 4x POINTS","","","6.99","member price","","Crest | Scope","2026-03-11","2026-03-17","Personal Care","https://f.wishabi.net/page_pdf_images/22845146/a9a9f3d8-177b-11f1-9509-1e91a35e56ac/x_large"
"2026-03-12 5:20:24","998076189","Signature SELECT® Lunchmeat 16-oz. Hormel Black Label Bacon 12 to 16-oz.","","","","5.0","ea member price","","Signature SELECT® | Hormel","2026-03-13","2026-03-13","Deli & Prepared Foods","https://f.wishabi.net/page_pdf_images/22845141/96ec539e-177b-11f1-8513-d6972a7e48d7/x_large"
"2026-03-12 5:20:24","998098314","M&M's or Dove Easter Candy","","","","4.99","member price","","M&M's | Dove","2026-03-11","2026-03-17","Snacks","https://f.wishabi.net/page_pdf_images/22845147/9573b4a8-177b-11f1-95a7-1a7990af0ac2/x_large"
"2026-03-12 5:20:25","998097148","Pillsbury Cake Mix 15.25-oz. Creamy Supreme Frosting 16-oz.","EARN 2x POINTS","","2 for","5.0","member price","","Pillsbury","2026-03-11","2026-03-17","Pantry","https://f.wishabi.net/page_pdf_images/22845145/aab3806e-177b-11f1-ac4a-ce113e8ff2c5/x_large"
"2026-03-12 5:20:25","998102795","Easter Egg Dye Kit","25% OFF Member Price","","","","","","","2026-03-11","2026-03-17","Pantry","https://f.wishabi.net/page_pdf_images/22845147/965e8794-177b-11f1-95a7-1a7990af0ac2/x_large"
"2026-03-12 5:20:25","998083258","Safeway Stock up","","","","","","","","2026-03-11","2026-03-17","Other","https://f.wishabi.net/page_items/411936443/1772605983/extra_large.jpg"
"2026-03-12 5:20:26","998085525","Lysol Disinfectant Spray, Wipes or Toilet Bowl Cleaner","Earn 4x POINTS","","","7.49","ea","7.99","Lysol","2026-03-11","2026-03-17","Household","https://f.wishabi.net/page_pdf_images/22845146/9d028956-177b-11f1-9509-1e91a35e56ac/x_large"
"2026-03-12 5:20:26","998087621","KIND Bar","","","5 for","5.0","member price","","Kind","2026-03-11","2026-03-17","Snacks","https://f.wishabi.net/page_pdf_images/22845147/a52a6a72-177b-11f1-95a7-1a7990af0ac2/x_large"
"2026-03-12 5:20:26","998076169","New York Style Sausage","","","","5.0","ea member price","","NEW YORK STYLE","2026-03-13","2026-03-13","Meat & Seafood","https://f.wishabi.net/page_pdf_images/22845141/925f2432-177b-11f1-8513-d6972a7e48d7/x_large"
"2026-03-12 5:20:26","999227095","Stock Up Sale","","","","","","","","2026-03-11","2026-03-17","Other","https://f.wishabi.net/page_items/412601068/1773166957/extra_large.jpg"
"2026-03-12 5:20:27","999227216","Pharmacy","","","","","","","","2026-03-11","2026-03-17","Health & Wellness","https://f.wishabi.net/page_items/412603683/1773167107/extra_large.jpg"
"2026-03-12 5:20:27","998074573","Signature SELECT® 80% Lean Ground Beef Mega Pack 6-lbs. or more. Butterball 93% Lean Ground Turkey or New York Style 95% Lean Ground Pork 16-oz.","","","","4.99","lb member price","","Signature SELECT® | Butterball","2026-03-11","2026-03-17","Meat & Seafood","https://f.wishabi.net/page_items/411926262/1772605959/extra_large.jpg"
"2026-03-12 5:20:28","998074578","Tillamook Shredded, Sliced or Chunk Cheese","EARN 4x POINTS","","","2.49","ea member price","","Tillamook","2026-03-11","2026-03-17","Dairy & Eggs","https://f.wishabi.net/page_items/411926290/1772605963/extra_large.jpg"
"2026-03-12 5:20:28","998074557","Signature SELECT® Chicken Boneless Skinless Breasts or Thighs","","","","2.99","lb member price","","Signature SELECT®","2026-03-11","2026-03-17","Meat & Seafood","https://f.wishabi.net/page_pdf_images/22845123/91babf64-177b-11f1-81ef-def410f6c50b/x_large"
"2026-03-12 5:20:29","998074561","Green Asparagus","","","","1.99","lb member price","","","2026-03-11","2026-03-17","Produce","https://f.wishabi.net/page_pdf_images/22845123/968db082-177b-11f1-81ef-def410f6c50b/x_large"
"2026-03-12 5:20:29","998074606","Signature SELECT® Corned Beef Round Tip","","","","2.99","lb member price","","Signature SELECT®","2026-03-11","2026-03-17","Meat & Seafood","https://f.wishabi.net/page_items/411926258/1772605958/extra_large.jpg"
"2026-03-12 5:20:29","998074627","Waterfront Bistro® Extra Jumbo Raw Shrimp","","","","5.99","lb member price","","WATERFRONT BISTRO®","2026-03-11","2026-03-17","Meat & Seafood","https://f.wishabi.net/page_items/411926270/1772605960/extra_large.jpg"
"2026-03-12 5:20:29","998074628","Healthy Choice Café Steamers 9. Dinner Bowl 10.5 to 13-oz. Marie Callender's Pot Pie 10-oz.","EARN 4x POINTS","","","1.99","ea member price","","Healthy Choice | Marie Callender's","2026-03-11","2026-03-17","Frozen","https://f.wishabi.net/page_items/411926328/1772605969/extra_large.jpg"
"2026-03-12 5:20:30","998074604","Doritos Tortilla Chips 6 to 10.75-oz. Pepperidge Farm Goldfish Crackers or Crisps 4 to 8-oz.","EARN 4x POINTS","","","1.99","ea member price","","Doritos | Pepperidge Farm","2026-03-11","2026-03-17","Snacks","https://f.wishabi.net/page_items/411926315/1772605967/extra_large.jpg"
"2026-03-12 5:20:30","998074593","Tillamook Ice Cream 1.5-qt. Ice Cream Bars 4-pack.","","","","3.99","ea member price","","Tillamook","2026-03-11","2026-03-17","Frozen","https://f.wishabi.net/page_pdf_images/22845123/8cc5c4fe-177b-11f1-81ef-def410f6c50b/x_large"
"2026-03-12 5:20:31","998074590","Autumn Crisp Green or Red Seedless Grapes","","","","1.99","lb member price","","","2026-03-11","2026-03-17","Produce","https://f.wishabi.net/page_items/411926282/1772605962/extra_large.jpg"
"2026-03-12 5:20:31","998074562","Jameson","","","","14.99","ea member price when you buy 6 or more","","Jameson","2026-03-11","2026-03-17","Beverages","https://f.wishabi.net/page_pdf_images/22845123/a0ee9adc-177b-11f1-81ef-def410f6c50b/x_large"
"2026-03-12 5:20:32","998074760","Progresso Soup","BUY 2 GET 3 FREE Member Price When you Buy 5","","","","","","Progresso","2026-03-11","2026-03-17","Pantry","https://f.wishabi.net/page_pdf_images/22845123/9b52aee2-177b-11f1-81ef-def410f6c50b/x_large"
"2026-03-12 5:20:32","998076202","Hostess Multi-Pack","","","2 for","5.0","member price","","Hostess","2026-03-13","2026-03-13","Snacks","https://f.wishabi.net/page_pdf_images/22845141/9ec168e8-177b-11f1-8513-d6972a7e48d7/x_large"
"2026-03-12 5:20:32","998076240","Pure Leaf 6-pack, 16.9-oz. Starbucks 4-pack, 9.5-oz. Lipton Tea 12-pack, 16.9-oz.","","","","5.0","ea member price","","Pure Leaf | Starbucks | Lipton","2026-03-13","2026-03-13","Beverages","https://f.wishabi.net/page_pdf_images/22845141/a6577b10-177b-11f1-8513-d6972a7e48d7/x_large"
"2026-03-12 5:20:33","998076139","Green Cabbage","","","","0.99","lb member price","","","2026-03-11","2026-03-17","Produce","https://f.wishabi.net/page_pdf_images/22845141/a1ded8e4-177b-11f1-8513-d6972a7e48d7/x_large"
"2026-03-12 5:20:33","998076235","BuzzBallz","","","2 for","5.0","member price","","BuzzBallz","2026-03-13","2026-03-13","Beverages","https://f.wishabi.net/page_pdf_images/22845141/a735f700-177b-11f1-8513-d6972a7e48d7/x_large"
"2026-03-12 5:20:34","998076207","Häagen-Dazs Ice Cream 14-oz. Novelties 3-ct.","","","2 for","5.0","member price","","Häagen-Dazs","2026-03-13","2026-03-13","Frozen","https://f.wishabi.net/page_pdf_images/22845141/93084eea-177b-11f1-8513-d6972a7e48d7/x_large"
"2026-03-12 5:20:34","998076150","Rye Seeded Bread","","","","4.99","member price","","","2026-03-11","2026-03-17","Bakery","https://f.wishabi.net/page_pdf_images/22845141/997fee7c-177b-11f1-8513-d6972a7e48d7/x_large"
"2026-03-12 5:20:34","998076155","Decorated Cupcakes","","","","9.99","member price","","","2026-03-11","2026-03-17","Bakery","https://f.wishabi.net/page_pdf_images/22845141/95cf0024-177b-11f1-8513-d6972a7e48d7/x_large"
"2026-03-12 5:20:35","998076142","Guinness","","","","7.99","","12.99","Guinness","2026-03-11","2026-03-17","Beverages","https://f.wishabi.net/page_pdf_images/22845141/a7ab0f04-177b-11f1-8513-d6972a7e48d7/x_large"
"2026-03-12 5:20:35","998076159","Kerrygold Butter","","","","3.99","member price","","Kerrygold","2026-03-11","2026-03-17","Dairy & Eggs","https://f.wishabi.net/page_pdf_images/22845141/99014266-177b-11f1-8513-d6972a7e48d7/x_large"
"2026-03-12 5:20:35","998076153","Wild Alaskan Pollock 4-Piece. Fresh Sushi","","","","5.0","ea member price","","","2026-03-13","2026-03-13","Deli & Prepared Foods","https://f.wishabi.net/page_pdf_images/22845141/a01c9e2e-177b-11f1-8513-d6972a7e48d7/x_large"
"2026-03-12 5:20:36","998076143","Signature SELECT® Red Potatoes","","","","2.99","ea member price","","Signature SELECT®","2026-03-11","2026-03-17","Produce","https://f.wishabi.net/page_pdf_images/22845141/97ded452-177b-11f1-8513-d6972a7e48d7/x_large"
"2026-03-12 5:20:36","998076248","Signature SELECT® Daffodils","","","2 for","5.0","member price","","Signature SELECT","2026-03-13","2026-03-13","Floral","https://f.wishabi.net/page_pdf_images/22845141/a03ce5a8-177b-11f1-8513-d6972a7e48d7/x_large"
"2026-03-12 5:20:36","998076168","Cookie Platter","","","","13.99","member price","","","2026-03-11","2026-03-17","Bakery","https://f.wishabi.net/page_pdf_images/22845141/985a9f10-177b-11f1-8513-d6972a7e48d7/x_large"
"2026-03-12 5:20:37","998076197","Overjoyed® Snack Bites","","","","5.0","ea member price","","Overjoyed®","2026-03-13","2026-03-13","Snacks","https://f.wishabi.net/page_items/411926893/1772605968/extra_large.jpg"
"2026-03-12 5:20:37","998076179","Signature SELECT® Russet Potatoes","","","2 for","5.0","member price","","Signature SELECT","2026-03-13","2026-03-13","Produce","https://f.wishabi.net/page_pdf_images/22845141/952c2390-177b-11f1-8513-d6972a7e48d7/x_large"
"2026-03-12 5:20:38","998076138","Baileys","","","","17.99","ea member price when you buy 6 or more","","Baileys","2026-03-11","2026-03-17","Beverages","https://f.wishabi.net/page_pdf_images/22845141/99ec82d0-177b-11f1-8513-d6972a7e48d7/x_large"
"2026-03-12 5:20:38","998076152","Signature SELECT® Pork Spareribs","","","2 lbs for","5.0","","","Signature SELECT®","2026-03-13","2026-03-13","Meat & Seafood","https://f.wishabi.net/page_pdf_images/22845141/a2d32e1c-177b-11f1-8513-d6972a7e48d7/x_large"
"2026-03-12 5:20:39","998082766","Totino's Pizza Rolls","Earn 4x POINTS","","","7.99","member price","","Totino's","2026-03-11","2026-03-17","Frozen","https://f.wishabi.net/page_pdf_images/22845131/8d97000a-177b-11f1-aa0a-3e238e53c29c/x_large"
"2026-03-12 5:20:39","998082837","Signature SELECT® Pasta Sauce","EARN 4x POINTS","","2 for","5.0","member price","","Signature SELECT®","2026-03-11","2026-03-17","Pantry","https://f.wishabi.net/page_pdf_images/22845131/8c618034-177b-11f1-aa0a-3e238e53c29c/x_large"
"2026-03-12 5:20:39","998082728","Lucerne® Flavored Creamer","Earn 4x POINTS","","","2.99","member price","","Lucerne®","2026-03-11","2026-03-17","Dairy & Eggs","https://f.wishabi.net/page_pdf_images/22845131/90e8bc1c-177b-11f1-aa0a-3e238e53c29c/x_large"
"2026-03-12 5:20:40","998082838","all Laundry Detergent 118-oz. Liquid or 60-ct. Pacs. Purex 4-in-1 Liquid Detergent 218 to 250-oz.","Earn 4x POINTS","","","13.99","member price","","all | Purex","2026-03-11","2026-03-17","Household","https://f.wishabi.net/page_items/411926586/1772605980/extra_large.jpg"
"2026-03-12 5:20:40","998082806","Signature SELECT® Mayonnaise","EARN 4x POINTS","","","3.99","member price","","Signature SELECT®","2026-03-11","2026-03-17","Pantry","https://f.wishabi.net/page_pdf_images/22845131/9045eafa-177b-11f1-aa0a-3e238e53c29c/x_large"
"2026-03-12 5:20:41","998082704","Farmer John Bacon","EARN 4x POINTS","","","4.99","ea member price","","Farmer John","2026-03-11","2026-03-17","Meat & Seafood","https://f.wishabi.net/page_pdf_images/22845131/957ec32a-177b-11f1-aa0a-3e238e53c29c/x_large"
"2026-03-12 5:20:41","998082860","Boar's Head Top Round Corned Beef","","","","14.99","lb member price","","Boar's Head","2026-03-11","2026-03-17","Deli & Prepared Foods","https://f.wishabi.net/page_pdf_images/22845131/9358ad54-177b-11f1-aa0a-3e238e53c29c/x_large"
"2026-03-12 5:20:41","998082790","Mini Croissants","","","","4.99","member price","","","2026-03-11","2026-03-17","Bakery","https://f.wishabi.net/page_items/411926550/1772605974/extra_large.jpg"
"2026-03-12 5:20:42","998082847","St. Patrick's Day Sunflower Bouquet","","","","9.99","","","St. Patrick's","2026-03-11","2026-03-17","Floral","https://f.wishabi.net/page_pdf_images/22845131/8e390602-177b-11f1-aa0a-3e238e53c29c/x_large"
"2026-03-12 5:20:42","998082780","Kerrygold Cheese","","","","6.49","ea member price","","Kerrygold","2026-03-11","2026-03-17","Dairy & Eggs","https://f.wishabi.net/page_pdf_images/22845131/95f66510-177b-11f1-aa0a-3e238e53c29c/x_large"
"2026-03-12 5:20:43","998082684","USDA Choice Round Strips for Stir Fry or Cube Steak","EARN 2x POINTS","","","9.99","lb member price","","","2026-03-11","2026-03-17","Meat & Seafood","https://f.wishabi.net/page_items/411926453/1772605956/extra_large.jpg"
"2026-03-12 5:20:43","998082812","Cole Slaw","","","","5.99","lb","","","2026-03-11","2026-03-17","Deli & Prepared Foods","https://f.wishabi.net/page_pdf_images/22845131/967572f6-177b-11f1-aa0a-3e238e53c29c/x_large"
"2026-03-12 5:20:44","998082857","St. Patrick's Day Bouquet","","","","9.99","","","","2026-03-11","2026-03-17","Floral","https://f.wishabi.net/page_pdf_images/22845131/8e1f7b2e-177b-11f1-aa0a-3e238e53c29c/x_large"
"2026-03-12 5:20:44","998082794","Hass Avocado","","","3 for","5.0","member price","","","2026-03-11","2026-03-17","Produce","https://f.wishabi.net/page_items/411926497/1772605964/extra_large.jpg"
"2026-03-12 5:20:44","998082685","Signature SELECT® Corned Beef Brisket","","","","6.99","lb member price","","Signature SELECT®","2026-03-11","2026-03-17","Meat & Seafood","https://f.wishabi.net/page_pdf_images/22845131/9d5c65ac-177b-11f1-aa0a-3e238e53c29c/x_large"
"2026-03-12 5:20:45","998083054","Chicken Party Wings","","","","3.99","lb member price","","","2026-03-11","2026-03-17","Meat & Seafood","https://f.wishabi.net/page_items/411926465/1772605959/extra_large.jpg"
"2026-03-12 5:20:45","998083055","Open Nature® Assorted Lamb Shoulder Chops Value Pack or Shank","","","","8.99","lb member price","","Open Nature","2026-03-11","2026-03-17","Meat & Seafood","https://f.wishabi.net/page_items/411926479/1772605961/extra_large.jpg"
"2026-03-12 5:20:45","998083058","Foster Farms Fresh & Natural Chicken Leg Quarters","","","","0.99","lb member price","","Foster Farms","2026-03-11","2026-03-17","Meat & Seafood","https://f.wishabi.net/page_pdf_images/22845131/99c789da-177b-11f1-aa0a-3e238e53c29c/x_large"
"2026-03-12 5:20:46","998083246","Fresh Steelhead Trout Fillets","","","","10.99","lb member price","","","2026-03-11","2026-03-17","Meat & Seafood","https://f.wishabi.net/page_items/411926484/1772605961/extra_large.jpg"
"2026-03-12 5:20:46","998083254","Nabisco Snack Crackers 3.5 to 9.1-oz. Ritz Crackers 8.8 to 13.7-oz.","EARN 4x POINTS","","","2.49","ea member price when you buy 2","","Nabisco","2026-03-11","2026-03-17","Snacks","https://f.wishabi.net/page_pdf_images/22845131/8d06b8a6-177b-11f1-aa0a-3e238e53c29c/x_large"
"2026-03-12 5:20:46","998083255","Seagram's 7 1.75-ltr. Tullamore Dew or Gran Malo 750-ml.","","","","17.99","ea member price when you buy 6 or more","","Seagram's | Tullamore Dew | Gran Malo","2026-03-11","2026-03-17","Beverages","https://f.wishabi.net/page_pdf_images/22845131/a15e4b48-177b-11f1-aa0a-3e238e53c29c/x_large"
"2026-03-12 5:20:47","998083256","Wente Morning Fog, Matua or Creamery","","","","9.99","ea member price when you buy 6 or more","","Wente Morning Fog | Matua | Creamery","2026-03-11","2026-03-17","Beverages","https://f.wishabi.net/page_pdf_images/22845131/9f0a3e74-177b-11f1-aa0a-3e238e53c29c/x_large"
"2026-03-12 5:20:47","998083252","Alani Energy Drink 12-oz. Saint James Tea 16.9-oz.","EARN 4x POINTS","","2 for","4.0","member price","","Alani | Saint James","2026-03-11","2026-03-17","Beverages","https://f.wishabi.net/page_pdf_images/22845131/8bd69064-177b-11f1-aa0a-3e238e53c29c/x_large"
"2026-03-12 5:20:47","998083251","Sumo Citrus","EARN 4x POINTS","","","3.99","lb member price","","","2026-03-11","2026-03-17","Produce","https://f.wishabi.net/page_pdf_images/22845131/9bded764-177b-11f1-aa0a-3e238e53c29c/x_large"
"2026-03-12 5:20:48","998083250","Garlic or Shallot","","","","0.59","ea member price","","","2026-03-11","2026-03-17","Produce","https://f.wishabi.net/page_pdf_images/22845131/9d133954-177b-11f1-aa0a-3e238e53c29c/x_large"
"2026-03-12 5:20:49","998083245","Chef's Counter™ Marinated Tri Tip Roast","","","","8.99","lb member price","","Chef's Counter","2026-03-11","2026-03-17","Meat & Seafood","https://f.wishabi.net/page_pdf_images/22845131/988c041a-177b-11f1-aa0a-3e238e53c29c/x_large"
"2026-03-12 5:20:49","998083249","O Organics® Salad Blend","","","2 for","7.0","member price","","O Organics®","2026-03-11","2026-03-17","Produce","https://f.wishabi.net/page_items/411926524/1772605967/extra_large.jpg"
"2026-03-12 5:20:50","998083253","Coors, Bud or Miller","","","","23.99","member price","","Coors | Bud | Miller","2026-03-11","2026-03-17","Beverages","https://f.wishabi.net/page_pdf_images/22845131/a05f3ff4-177b-11f1-aa0a-3e238e53c29c/x_large"
"2026-03-12 5:20:50","998083544","Dixie Paper Plates","","","","8.99","ea member price","","Dixie","2026-03-11","2026-03-17","Household","https://f.wishabi.net/page_items/411926818/1772605972/extra_large.jpg"
"2026-03-12 5:20:50","998083539","Cottonelle Bath Tissue or Flushable Wipes 12-Mega Rolls or 336-ct. Wipes. Viva Signature Paper Towels 8-Double Rolls.","EARN 4x POINTS","","","9.99","ea member price","","Cottonelle | Viva Signature","2026-03-11","2026-03-17","Household","https://f.wishabi.net/page_items/411926815/1772605971/extra_large.jpg"
"2026-03-12 5:20:51","998083590","Tropicana Orange Juice","","","","3.49","ea member price","","Tropicana","2026-03-11","2026-03-17","Beverages","https://f.wishabi.net/page_items/411926840/1772605970/extra_large.jpg"
"2026-03-12 5:20:51","998083257","Guinness, Pacifico or Sapporo","","","","9.99","member price","","Guinness | Pacifico | Sapporo","2026-03-11","2026-03-17","Beverages","https://f.wishabi.net/page_pdf_images/22845131/9e0b5a8a-177b-11f1-aa0a-3e238e53c29c/x_large"
"2026-03-12 5:20:51","998083441","Primo Taglio® Ham off the Bone or American Cheese","","","","7.99","lb member price","","Primo Taglio","2026-03-11","2026-03-17","Deli & Prepared Foods","https://f.wishabi.net/page_items/411926768/1772605959/extra_large.jpg"
"2026-03-12 5:20:52","998083475","Rao's Pasta Sauce","","","","6.99","ea member price","","Rao's","2026-03-11","2026-03-17","Pantry","https://f.wishabi.net/page_items/411926778/1772605962/extra_large.jpg"
"2026-03-12 5:20:52","998083523","Arrowhead Spring Water","","","","3.49","ea member price","","Arrowhead","2026-03-11","2026-03-17","Beverages","https://f.wishabi.net/page_pdf_images/22845138/9e76da58-177b-11f1-a0c4-dead3f265e57/x_large"
"2026-03-12 5:20:52","998083476","Sara Lee Bagels 6-ct. Oroweat English Muffins 12.5 to 14.5-oz.","","","","2.99","ea member price","","Sara Lee | Oroweat","2026-03-11","2026-03-17","Bakery","https://f.wishabi.net/page_items/411926771/1772605959/extra_large.jpg"
"2026-03-12 5:20:53","998083509","Frito-Lay Variety Pack","EARN 4x POINTS","","","8.99","ea member price","","Frito-Lay","2026-03-11","2026-03-17","Snacks","https://f.wishabi.net/page_items/411926800/1772605967/extra_large.jpg"
"2026-03-12 5:20:53","998083473","Lucerne® Butter","","","","3.99","ea member price","","Lucerne®","2026-03-11","2026-03-17","Dairy & Eggs","https://f.wishabi.net/page_items/411926784/1772605963/extra_large.jpg"
"2026-03-12 5:20:53","998083459","Dannon Greek Yogurt","EARN 4x POINTS","","","0.99","ea member price","","Dannon","2026-03-11","2026-03-17","Dairy & Eggs","https://f.wishabi.net/page_items/411926774/1772605960/extra_large.jpg"
"2026-03-12 5:20:54","998083507","Nestlé Drumstick","EARN 4x POINTS","","","5.99","ea member price","","Nestle","2026-03-11","2026-03-17","Frozen","https://f.wishabi.net/page_items/411926803/1772605968/extra_large.jpg"
"2026-03-12 5:20:54","998083534","Cutwater","","","","9.99","ea member price","","CUTWATER","2026-03-11","2026-03-17","Beverages","https://f.wishabi.net/page_items/411926813/1772605971/extra_large.jpg"
"2026-03-12 5:20:55","998083472","Johnsonville Sausage","","","","5.99","ea member price","","Johnsonville","2026-03-11","2026-03-17","Meat & Seafood","https://f.wishabi.net/page_items/411926765/1772605958/extra_large.jpg"
"2026-03-12 5:20:55","998083592","Sierra Nevada or Twisted Tea","","","","16.99","ea member price","","Sierra Nevada | Twisted Tea","2026-03-11","2026-03-17","Beverages","https://f.wishabi.net/page_items/411926843/1772605972/extra_large.jpg"
"2026-03-12 5:20:56","998083593","Red Bull","","","","2.79","ea member price","","Red Bull","2026-03-11","2026-03-17","Beverages","https://f.wishabi.net/page_items/411926842/1772605972/extra_large.jpg"
"2026-03-12 5:20:56","998083591","vitaminwater 20-oz. smartwater 700-ml. BodyArmor 16-oz. Powerade 28-oz. Simply Pop 12-oz.","EARN 4x POINTS","","","1.29","ea member price","","vitaminwater | smartwater | BodyArmor | Powerade | Simply Pop","2026-03-11","2026-03-17","Beverages","https://f.wishabi.net/page_pdf_images/22845138/a10cab6c-177b-11f1-a0c4-dead3f265e57/x_large"
"2026-03-12 5:20:56","998083594","Gain Laundry Detergent 144-oz. Flings 60-ct.","","","","12.99","ea member price","","Gain","2026-03-11","2026-03-17","Household","https://f.wishabi.net/page_items/411926844/1772605973/extra_large.jpg"
"2026-03-12 5:20:56","998083704","Dove Men's Deodorant","EARN 4x POINTS","","","8.99","member price","","Dove","2026-03-11","2026-03-17","Personal Care","https://f.wishabi.net/page_pdf_images/22845146/94dbcbf2-177b-11f1-9509-1e91a35e56ac/x_large"
"2026-03-12 5:20:56","998083970","Easter Squishmallow","25% OFF Member Price","","","","","","","2026-03-11","2026-03-17","Other","https://f.wishabi.net/page_pdf_images/22845147/af664d8a-177b-11f1-95a7-1a7990af0ac2/x_large"
"2026-03-12 5:20:57","998083978","Febreze Air Freshener","Buy 2 Save $3.50 with your Member Account","","","","","","Febreze","2026-03-11","2026-03-17","Household","https://f.wishabi.net/page_pdf_images/22845147/ad30fff6-177b-11f1-95a7-1a7990af0ac2/x_large"
"2026-03-12 5:20:57","998084024","Galbani String or Stick Cheese","","","","3.99","ea member price","","Galbani","2026-03-11","2026-03-17","Dairy & Eggs","https://f.wishabi.net/page_pdf_images/22845145/a81e9550-177b-11f1-ac4a-ce113e8ff2c5/x_large"
"2026-03-18 10:55:19","999374541","Easter Grass or Fillable Eggs","25% OFF Member Price","","","","","","","2026-03-18","2026-03-31","Household","https://f.wishabi.net/page_pdf_images/22878296/36218e3c-1cfb-11f1-849f-eaef01904314/x_large"
"2026-03-18 10:55:19","999375286","TENDERS IN THE DELI","","","","5.99","lb member price","","","2026-03-18","2026-03-24","Deli & Prepared Foods","https://f.wishabi.net/page_pdf_images/22878274/50552f16-1cfb-11f1-acd2-8618df05ae5b/x_large"
"2026-03-18 10:55:20","999375356","Pick up or Delivery","","","","","","","","2026-03-18","2026-03-24","Other","https://f.wishabi.net/page_items/412645859/1773212554/extra_large.jpg"
"2026-03-18 10:55:20","999375368","Nature Valley Bars 5 to 6-ct., Betty Crocker Fruit Snacks 6 to 10-ct., General Mills Cereal 8.9 to 12-oz.","EARN 4x POINTS","","","1.99","ea when you buy 4 member price","","Nature Valley | Betty Crocker | General Mills","2026-03-18","2026-03-24","Pantry","https://f.wishabi.net/page_pdf_images/22878274/43fbf650-1cfb-11f1-acd2-8618df05ae5b/x_large"
"2026-03-18 10:55:21","999375303","Coca-Cola, Pepsi, 7UP or Dr Pepper","BUY 2 GET 2 FREE Member Price","","","","","","Coca-Cola | Pepsi | 7UP | Dr Pepper","2026-03-18","2026-03-24","Beverages","https://f.wishabi.net/page_pdf_images/22878274/4de1f5a2-1cfb-11f1-acd2-8618df05ae5b/x_large"
"2026-03-18 10:55:21","999375259","Lucerne® Butter","","","","2.99","ea member price when you buy 2","","Lucerne®","2026-03-18","2026-03-24","Dairy & Eggs","https://f.wishabi.net/page_pdf_images/22878274/4ca7a65a-1cfb-11f1-acd2-8618df05ae5b/x_large"
"2026-03-18 10:55:22","999375317","Oroweat Variety Bread","","","","3.99","member price","","Oroweat","2026-03-18","2026-03-24","Bakery","https://f.wishabi.net/page_pdf_images/22878274/467141a6-1cfb-11f1-acd2-8618df05ae5b/x_large"
"2026-03-18 10:55:22","999375349","Signature SELECT® Extra Meaty Pork Loin Back Ribs","","","","3.99","lb member price","","Signature SELECT®","2026-03-18","2026-03-24","Meat & Seafood","https://f.wishabi.net/page_pdf_images/22878274/2cc7577c-1cfb-11f1-acd2-8618df05ae5b/x_large"
"2026-03-18 10:55:23","999375270","New York Style Sausage 16-oz. Evergood Sausage 12-oz. Hormel Black Label Bacon 12 to 16-oz.","","","","4.99","ea member price","","New York Style | Evergood | Hormel","2026-03-18","2026-03-24","Meat & Seafood","https://f.wishabi.net/page_pdf_images/22878274/490d8ff0-1cfb-11f1-acd2-8618df05ae5b/x_large"
"2026-03-18 10:55:24","999375361","Coors 18-pack, 12-oz. Selected varieties. Sun Cruiser 8-pack, 12-oz. Corona, White Claw or Lagunitas 12-pack, 12-oz.","","","","13.99","ea member price when you buy 2","","","2026-03-18","2026-03-24","Beverages","https://f.wishabi.net/page_pdf_images/22878274/54fe1adc-1cfb-11f1-acd2-8618df05ae5b/x_large"
"2026-03-18 10:55:24","999375235","Taylor Farms or Fresh Express Chopped Salad Kit 6.7 to 13.5-oz. Fresh Express Salad Blend 5 to 11-oz.","BUY 1 GET 1 FREE Member price When you Buy 2","","","","","","Taylor Farms | Fresh Express","2026-03-18","2026-03-24","Produce","https://f.wishabi.net/page_pdf_images/22878274/2e0f5d5a-1cfb-11f1-acd2-8618df05ae5b/x_large"
"2026-03-18 10:55:25","999375353","USDA Choice Boneless Beef Chuck Steak Value Pack or Roast Mega Pack","","","","5.99","lb member price","","","2026-03-18","2026-03-24","Meat & Seafood","https://f.wishabi.net/page_items/412645868/1773212556/extra_large.jpg"
"2026-03-18 10:55:25","999375267","Signature SELECT® Ice Cream 1.5-qt. Ice Cream Bars or Sandwiches 6-ct.","","","","2.99","ea member price","","Signature SELECT®","2026-03-18","2026-03-24","Frozen","https://f.wishabi.net/page_items/412645929/1773212563/extra_large.jpg"
"2026-03-18 10:55:26","999375280","Lucerne® Sliced Cheese 24-oz. Chunk or Shredded Cheese 32-oz","EARN 4x POINTS","","","5.99","ea member price","","Lucerne®","2026-03-18","2026-03-24","Dairy & Eggs","https://f.wishabi.net/page_items/412645911/1773212561/extra_large.jpg"
"2026-03-18 10:55:26","999375243","Waterfront Bistro® Large Raw Shrimp 31 to 40-ct. Sold in a 2-lb. bag. Frozen. Sold by the pound. Fresh Atlantic Salmon Portion 7-oz.","","","","3.99","member price","","WATERFRONT BISTRO®","2026-03-18","2026-03-24","Meat & Seafood","https://f.wishabi.net/page_items/412645886/1773212558/extra_large.jpg"
"2026-03-18 10:55:27","999375956","Signature SELECT® 5-Piece Patio Set","25% OFF Member Price","","","","","","Signature SELECT®","2026-03-18","2026-03-31","Household","https://f.wishabi.net/page_pdf_images/22878297/3dc81e62-1cfb-11f1-89d1-36e2130089f1/x_large"
"2026-03-18 10:55:27","999378701","Rocky Chicken Free Range Drumsticks","BUY 1 GET 1 FREE When you Buy 2 Member Price","","","","","","","2026-03-18","2026-03-24","Meat & Seafood","https://f.wishabi.net/page_pdf_images/22878279/39235f7a-1cfb-11f1-a5aa-de58769ff49a/x_large"
"2026-03-18 10:55:28","999378554","Garnier Fructis Shampoo or Conditioner","EARN 4X POINTS","","","5.99","member price","","Garnier Fructis","2026-03-18","2026-03-31","Personal Care","https://f.wishabi.net/page_pdf_images/22878297/35a10172-1cfb-11f1-89d1-36e2130089f1/x_large"
"2026-03-18 10:55:28","999364875","Pringles Chips","","","3 for","5.0","member price","","Pringles","2026-03-20","2026-03-20","Snacks","https://f.wishabi.net/page_pdf_images/22878287/31b7668c-1cfb-11f1-86aa-5e391376bf7e/x_large"
"2026-03-18 10:55:29","999378819","Smirnoff","","","","8.99","ea member price","","Smirnoff","2026-03-18","2026-03-24","Beverages","https://f.wishabi.net/page_items/412646129/1773212567/extra_large.jpg"
"2026-03-18 10:55:29","999378958","Herdez Salsa","","","","2.99","member price","","Herdez","2026-03-18","2026-03-24","Pantry","https://f.wishabi.net/page_pdf_images/22878294/410dfd8a-1cfb-11f1-b2bb-9aa7aed3e484/x_large"
"2026-03-18 10:55:30","999378984","Cosmic Crisp Apples","","","","1.99","lb member price","","","2026-03-18","2026-03-24","Produce","https://f.wishabi.net/page_pdf_images/22878279/2e3919f6-1cfb-11f1-a5aa-de58769ff49a/x_large"
"2026-03-18 10:55:30","999378995","Cuties Mandarins","","","","3.99","ea member price","","","2026-03-18","2026-03-24","Produce","https://f.wishabi.net/page_pdf_images/22878274/2e606d3a-1cfb-11f1-acd2-8618df05ae5b/x_large"
"2026-03-18 10:55:31","999379061","Spring Lindt Truffles","","","","5.99","member price","","Lindt","2026-03-18","2026-03-31","Snacks","https://f.wishabi.net/page_pdf_images/22878296/4055cf8a-1cfb-11f1-849f-eaef01904314/x_large"
"2026-03-18 10:55:31","999379310","Kettle Potato Chips","EARN 4X POINTS","","","1.79","ea member price","","Kettle","2026-03-18","2026-03-24","Snacks","https://f.wishabi.net/page_pdf_images/22878279/3d082a80-1cfb-11f1-a5aa-de58769ff49a/x_large"
"2026-03-18 10:55:32","999365450","BelGioioso Sandwich Stack Cheese","","","","5.99","ea member price","","Belgioioso","2026-03-18","2026-03-24","Dairy & Eggs","https://f.wishabi.net/page_pdf_images/22878295/3ffaedea-1cfb-11f1-848e-7a0227f429e6/x_large"
"2026-03-18 10:55:32","999365859","Boursin Cheese Spread","","","","6.49","ea member price","","Boursin","2026-03-18","2026-03-24","Dairy & Eggs","https://f.wishabi.net/page_pdf_images/22878279/3257c9b0-1cfb-11f1-a5aa-de58769ff49a/x_large"
"2026-03-18 10:55:32","999366633","Hass Avocado","","","4 for","5.0","member price","","","2026-03-18","2026-03-24","Produce","https://f.wishabi.net/page_pdf_images/22878274/2fe47764-1cfb-11f1-acd2-8618df05ae5b/x_large"
"2026-03-18 10:55:33","999380662","Open Nature® Snow Crab Clusters","","","","19.99","ea member price","","OPEN NATURE®","2026-03-18","2026-03-24","Meat & Seafood","https://f.wishabi.net/page_items/412646081/1773212556/extra_large.jpg"
"2026-03-18 10:55:34","999379260","Quaker Rice Cakes 4.47 to 7.23-oz. Skippy Peanut Butter 15 to 16.3-oz.","EARN 4x POINTS","","","1.99","ea member price","","Quaker | Skippy","2026-03-18","2026-03-24","Pantry","https://f.wishabi.net/page_pdf_images/22878279/3f15ef60-1cfb-11f1-a5aa-de58769ff49a/x_large"
"2026-03-18 10:55:34","999379205","Quaker Chewy Granola Bars","","","","1.49","ea member price","","Quaker","2026-03-18","2026-03-24","Snacks","https://f.wishabi.net/page_pdf_images/22878279/3c5a5338-1cfb-11f1-a5aa-de58769ff49a/x_large"
"2026-03-18 10:55:35","999379328","Signature SELECT® Bath Tissue Family Pack","EARN 4x POINTS","","","17.99","ea member price","","Signature SELECT®","2026-03-18","2026-03-24","Household","https://f.wishabi.net/page_pdf_images/22878279/2bfdc682-1cfb-11f1-a5aa-de58769ff49a/x_large"
"2026-03-18 10:55:35","999379389","Frito-Lay Flavor Mix","EARN 4X POINTS","","","17.99","ea member price","","","2026-03-18","2026-03-24","Snacks","https://f.wishabi.net/page_pdf_images/22878279/3d95500e-1cfb-11f1-a5aa-de58769ff49a/x_large"
"2026-03-18 10:55:36","999379248","Lemon","","","","0.99","ea","","","2026-03-18","2026-03-24","Produce","https://f.wishabi.net/page_pdf_images/22878279/3b273710-1cfb-11f1-a5aa-de58769ff49a/x_large"
"2026-03-18 10:55:36","999379207","Signature SELECT® Pork Shoulder Country Style Ribs","","","","2.99","lb member price","","Signature SELECT®","2026-03-18","2026-03-24","Meat & Seafood","https://f.wishabi.net/page_pdf_images/22878279/2f846f22-1cfb-11f1-a5aa-de58769ff49a/x_large"
"2026-03-18 10:55:37","999379210","Organic Strawberries","","","","5.99","ea member price","","","2026-03-18","2026-03-24","Produce","https://f.wishabi.net/page_pdf_images/22878279/2b2074a8-1cfb-11f1-a5aa-de58769ff49a/x_large"
"2026-03-18 10:55:38","999379188","Signature SELECT® 80% Lean Ground Beef","","","","6.99","lb member price","","Signature SELECT®","2026-03-18","2026-03-24","Meat & Seafood","https://f.wishabi.net/page_pdf_images/22878279/38490c62-1cfb-11f1-a5aa-de58769ff49a/x_large"
"2026-03-18 10:55:38","999379206","Signature SELECT® Roasted & Salted In-Shell Pistachios","EARN 2x POINTS","","","5.0","ea member price","","Signature SELECT®","2026-03-18","2026-03-24","Snacks","https://f.wishabi.net/page_pdf_images/22878279/345a9288-1cfb-11f1-a5aa-de58769ff49a/x_large"
"2026-03-18 10:55:38","999379394","Yellow Flower Day Bouquet","","","","15.99","member price","","","2026-03-18","2026-03-24","Floral","https://f.wishabi.net/page_pdf_images/22878279/37add922-1cfb-11f1-a5aa-de58769ff49a/x_large"
"2026-03-18 10:55:39","999379286","Grapefruit","","","","1.49","ea member price","","","2026-03-18","2026-03-24","Produce","https://f.wishabi.net/page_pdf_images/22878279/2ec0da4e-1cfb-11f1-a5aa-de58769ff49a/x_large"
"2026-03-18 10:55:39","999379163","New York Style 95% Lean Ground Pork","","","","4.99","ea member price","","NEW YORK STYLE","2026-03-18","2026-03-24","Meat & Seafood","https://f.wishabi.net/page_pdf_images/22878279/39a89bb8-1cfb-11f1-a5aa-de58769ff49a/x_large"
"2026-03-18 10:55:40","999379280","Single Layer Decorated Cake","","","","11.99","member price","","","2026-03-18","2026-03-24","Bakery","https://f.wishabi.net/page_pdf_images/22878279/3e979656-1cfb-11f1-a5aa-de58769ff49a/x_large"
"2026-03-18 10:55:40","999379387","Spring Celebration Bouquet","","","","24.99","","","","2026-03-18","2026-03-24","Floral","https://f.wishabi.net/page_pdf_images/22878279/33afbf8e-1cfb-11f1-a5aa-de58769ff49a/x_large"
"2026-03-18 10:55:41","999379374","Rombauer or Frank Family","","","","37.99","member price","","Rombauer | Frank Family","2026-03-18","2026-03-24","Beverages","https://f.wishabi.net/page_pdf_images/22878279/4b113ce8-1cfb-11f1-a5aa-de58769ff49a/x_large"
"2026-03-18 10:55:41","999379342","Greens & Grains Salad","","","","6.99","ea","","","2026-03-18","2026-03-24","Deli & Prepared Foods","https://f.wishabi.net/page_pdf_images/22878279/2c9a16f4-1cfb-11f1-a5aa-de58769ff49a/x_large"
"2026-03-18 10:55:42","999379413","J Vineyards, J. Lohr or Dry Creek","","","","13.99","ea when you buy 6 or more Member Price","","","2026-03-18","2026-03-24","Beverages","https://f.wishabi.net/page_pdf_images/22878279/46e73aa0-1cfb-11f1-a5aa-de58769ff49a/x_large"
"2026-03-18 10:55:42","999379298","Mini Bear Paws","","","","4.99","member price","","","2026-03-18","2026-03-24","Snacks","https://f.wishabi.net/page_pdf_images/22878279/33a11f74-1cfb-11f1-a5aa-de58769ff49a/x_large"
"2026-03-18 10:55:42","999379395","Signature SELECT® Mini Carnations","","","","4.99","member price","","Signature SELECT","2026-03-18","2026-03-24","Floral","https://f.wishabi.net/page_pdf_images/22878279/3641d3e0-1cfb-11f1-a5aa-de58769ff49a/x_large"
"2026-03-18 10:55:43","999379173","Signature SELECT® Pork Tenderloin","","","","4.99","lb member price","","Signature SELECT®","2026-03-18","2026-03-24","Meat & Seafood","https://f.wishabi.net/page_pdf_images/22878279/3a424a74-1cfb-11f1-a5aa-de58769ff49a/x_large"
"2026-03-18 10:55:43","999379157","Open Nature® Boneless Skinless Chicken Breasts or Chicken Tenders","","","","6.99","lb member price","","OPEN NATURE®","2026-03-18","2026-03-24","Meat & Seafood","https://f.wishabi.net/page_pdf_images/22878279/2bee1c14-1cfb-11f1-a5aa-de58769ff49a/x_large"
"2026-03-18 10:55:44","999380743","Charmin Bath Tissue 12-Mega Rolls. Bounty Paper Towels 6-Double Plus Rolls","EARN 4X POINTS","","","13.99","ea member price","","Charmin | Bounty","2026-03-18","2026-03-24","Household","https://f.wishabi.net/page_items/412646125/1773212566/extra_large.jpg"
"2026-03-18 10:55:44","999380753","Capri Sun","","","","3.99","ea member price","","Capri Sun","2026-03-18","2026-03-24","Beverages","https://f.wishabi.net/page_items/412646122/1773212565/extra_large.jpg"
"2026-03-18 10:55:45","999380673","Hormel Chili","","","","2.49","ea member price","","Hormel","2026-03-18","2026-03-24","Pantry","https://f.wishabi.net/page_items/412646095/1773212559/extra_large.jpg"
"2026-03-18 10:55:45","999380666","Silk Almondmilk 64-oz. Simply Lemonade or Gold Peak Tea 76-oz.","EARN 4x POINTS","","","2.99","ea member price","","Silk | Simply | Gold Peak","2026-03-18","2026-03-24","Beverages","https://f.wishabi.net/page_items/412646088/1773212557/extra_large.jpg"
"2026-03-18 10:55:46","999380726","Stouffer's Family Size Meal 28 to 40-oz. Selected varieties. Macaroni & Cheese 40-oz.","","","","7.99","ea member price","","Stouffer's","2026-03-18","2026-03-24","Frozen","https://f.wishabi.net/page_items/412646117/1773212563/extra_large.jpg"
"2026-03-18 10:55:46","999380742","Firestone Walker or Heineken 12-pack, 12-oz. Selected varieties. Michelob 15-pack, 12-oz.","","","","15.99","ea member price","","Firestone | Heineken | Michelob","2026-03-18","2026-03-24","Beverages","https://f.wishabi.net/page_items/412646120/1773212564/extra_large.jpg"
"2026-03-18 10:55:46","999379424","Hillshire Farm Lunchmeat 7 to 9-oz. Sausage 12 to 14-oz.","","","","5.0","ea member price","","Hillshire Farm","2026-03-20","2026-03-20","Deli & Prepared Foods","https://f.wishabi.net/page_pdf_images/22878287/2ee23f54-1cfb-11f1-86aa-5e391376bf7e/x_large"
"2026-03-18 10:55:47","999367513","Built Bars","EARN 4X POINTS","","","8.99","member price","","","2026-03-18","2026-03-24","Snacks","https://f.wishabi.net/page_pdf_images/22878297/405718b8-1cfb-11f1-89d1-36e2130089f1/x_large"
"2026-03-18 10:55:47","999381259","Horizon Organic Creamer","","","","4.99","member price","","Horizon","2026-03-18","2026-03-24","Dairy & Eggs","https://f.wishabi.net/page_pdf_images/22878295/4293cfe0-1cfb-11f1-848e-7a0227f429e6/x_large"
"2026-03-18 10:55:47","999367618","Jumbo Snow Crab Clusters","","","","12.99","lb member price","","","2026-03-18","2026-03-24","Meat & Seafood","https://f.wishabi.net/page_pdf_images/22878279/2dddb318-1cfb-11f1-a5aa-de58769ff49a/x_large"
"2026-03-18 10:55:48","999367882","Waterfront Bistro® Jumbo Raw Shrimp 21 to 25-ct. Large Cooked Shrimp 31 to 40-ct.","","","","5.0","lb member price","","","2026-03-20","2026-03-20","Meat & Seafood","https://f.wishabi.net/page_pdf_images/22878287/2e7ee90e-1cfb-11f1-86aa-5e391376bf7e/x_large"
"2026-03-18 10:55:48","999367957","Charbroil 4-Burner Pro Gas Grill","25% OFF Member Price","","","","","","CharBroil","2026-03-18","2026-03-31","Household","https://f.wishabi.net/page_pdf_images/22878297/3ead6f8a-1cfb-11f1-89d1-36e2130089f1/x_large"
"2026-03-18 10:55:48","999368149","Always Ultra Thin or Maxi Pads","EARN 4X POINTS","","","10.99","member price","","Always","2026-03-18","2026-03-24","Personal Care","https://f.wishabi.net/page_pdf_images/22878297/521dcfa6-1cfb-11f1-89d1-36e2130089f1/x_large"
"2026-03-18 10:55:49","999368680","Oikos Shakes","EARN 4X POINTS","","","9.99","member price","","Oikos","2026-03-18","2026-03-31","Dairy & Eggs","https://f.wishabi.net/page_pdf_images/22878297/35bfa80c-1cfb-11f1-89d1-36e2130089f1/x_large"
"2026-03-18 10:55:49","999368670","Nestlé Drumstick","","","","5.0","ea member price","","Nestle","2026-03-20","2026-03-20","Frozen","https://f.wishabi.net/page_pdf_images/22878287/339e4ba0-1cfb-11f1-86aa-5e391376bf7e/x_large"
"2026-03-18 10:55:50","999381416","Gerber Baby Food","","","2 for","4.0","member price","","Gerber","2026-03-18","2026-03-24","Pantry","https://f.wishabi.net/page_pdf_images/22878296/44a65a32-1cfb-11f1-849f-eaef01904314/x_large"
"2026-03-18 10:55:50","999369028","ready2heat Entrée Meal","","","Starting at","8.99","ea","","","2026-03-18","2026-03-24","Deli & Prepared Foods","https://f.wishabi.net/page_pdf_images/22878279/2d356f8c-1cfb-11f1-a5aa-de58769ff49a/x_large"
"2026-03-18 10:55:50","999381592","Magnum Ice Cream Bars 3-ct. Yasso Novelties 4-ct.","","","","5.99","member price","","Magnum | Yasso","2026-03-18","2026-03-24","Frozen","https://f.wishabi.net/page_pdf_images/22878294/3d477dde-1cfb-11f1-b2bb-9aa7aed3e484/x_large"
"2026-03-18 10:55:51","999371617","Signature SELECT® Stacked Chairs","","","","39.99","member price","","Signature SELECT®","2026-03-18","2026-03-31","Household","https://f.wishabi.net/page_pdf_images/22878297/3c1e0c34-1cfb-11f1-89d1-36e2130089f1/x_large"
"2026-03-18 10:55:51","999372236","Lucerne® Cage Free Eggs","","","","2.49","ea member price","","Lucerne®","2026-03-18","2026-03-24","Dairy & Eggs","https://f.wishabi.net/page_items/412645897/1773212560/extra_large.jpg"
"2026-03-18 10:55:52","999382065","Pampers Swaddlers Super Pack","","","","32.99","member price","","Pampers","2026-03-18","2026-03-31","Personal Care","https://f.wishabi.net/page_pdf_images/22878296/47e7f49e-1cfb-11f1-849f-eaef01904314/x_large"
"2026-03-18 10:55:52","999373844","Fresh Atlantic Salmon Whole Fillets","","","","10.99","lb member price","","","2026-03-18","2026-03-24","Meat & Seafood","https://f.wishabi.net/page_pdf_images/22878279/3102562a-1cfb-11f1-a5aa-de58769ff49a/x_large"
"2026-03-18 10:55:53","999382187","Manischewitz Matzo Ball Mix","","","2 for","5.0","member price","","Manischewitz","2026-03-18","2026-03-24","Pantry","https://f.wishabi.net/page_pdf_images/22878287/2ff2c01c-1cfb-11f1-86aa-5e391376bf7e/x_large"
"2026-03-18 10:55:53","999373620","Foster Farms Simply Raised Boneless Skinless Chicken Breasts, Thin Sliced or Tenders","BUY 1 GET 1 FREE Member Price When you Buy 2","","","","","","Foster Farms","2026-03-18","2026-03-24","Meat & Seafood","https://f.wishabi.net/page_pdf_images/22878274/330ce642-1cfb-11f1-acd2-8618df05ae5b/x_large"
"2026-03-18 10:55:54","999373112","Signature SELECT® Mushrooms","","","","5.0","ea member price","","Signature SELECT®","2026-03-18","2026-03-24","Produce","https://f.wishabi.net/page_pdf_images/22878279/365dc294-1cfb-11f1-a5aa-de58769ff49a/x_large"
"2026-03-18 10:55:54","999382412","Artesano Bread 20-oz. Entenmann's Little Bites 8.25 to 16.5-oz.","","","2 for","5.0","member price","","Artesano | Entenmann's","2026-03-20","2026-03-20","Bakery","https://f.wishabi.net/page_pdf_images/22878287/2d07e0b2-1cfb-11f1-86aa-5e391376bf7e/x_large"
"2026-03-18 10:55:55","999385102","Barebells Bars","","","","8.99","member price","","Barebells","2026-03-18","2026-03-31","Snacks","https://f.wishabi.net/page_pdf_images/22878297/573891a6-1cfb-11f1-89d1-36e2130089f1/x_large"
"2026-03-18 10:55:55","999384803","Yehuda Gefilte Fish","","","","6.99","member price","","Yehuda","2026-03-18","2026-03-24","Pantry","https://f.wishabi.net/page_pdf_images/22878287/32e786ae-1cfb-11f1-86aa-5e391376bf7e/x_large"
"2026-03-18 10:55:56","999380661","Signature SELECT® Sandwich Bread 20 to 22-oz. Nature's Own Perfectly Crafted Buns 16 to 18-oz.","","","","2.99","ea member price","","Signature SELECT® | Nature's Own","2026-03-18","2026-03-24","Bakery","https://f.wishabi.net/page_items/412646087/1773212557/extra_large.jpg"
"2026-03-18 10:55:56","999384949","Signature SELECT® Patio Umbrella","","","","49.99","member price","","Signature SELECT®","2026-03-18","2026-03-31","Household","https://f.wishabi.net/page_pdf_images/22878297/3c3b36ba-1cfb-11f1-89d1-36e2130089f1/x_large"
"2026-03-18 10:55:56","999380685","Best Foods Squeeze Mayonnaise 11.5-oz. Kinder's Dry Rub 4.2 to 6.25-oz.","","","","3.49","ea member price","","Best Foods | Kinder's","2026-03-18","2026-03-24","Pantry","https://f.wishabi.net/page_items/412646100/1773212560/extra_large.jpg"
"2026-03-18 10:55:57","999385405","Sensodyne Toothpaste","","","","7.99","member price","","Sensodyne","2026-03-18","2026-03-24","Personal Care","https://f.wishabi.net/page_pdf_images/22878296/3a936f30-1cfb-11f1-849f-eaef01904314/x_large"
"2026-03-18 10:55:57","999380725","Hershey King Size Candy","EARN 4X POINTS","","","1.99","ea member price","","Hershey's","2026-03-18","2026-03-24","Snacks","https://f.wishabi.net/page_items/412646123/1773212565/extra_large.jpg"
"2026-03-18 10:55:58","999389112","Crest Toothpaste or Scope Mouthwash 3.3 to 5.1-oz. or 33.8-oz.","EARN 4X POINTS","","","6.99","member price","","Crest | Scope","2026-03-18","2026-03-24","Personal Care","https://f.wishabi.net/page_pdf_images/22878297/520d2fe8-1cfb-11f1-89d1-36e2130089f1/x_large"
"2026-03-18 10:55:58","999389411","Wild Alaskan Pollock 4-Piece. Fresh Sushi","","","","5.0","ea member price","","","2026-03-20","2026-03-20","Deli & Prepared Foods","https://f.wishabi.net/page_pdf_images/22878287/2f7a08ac-1cfb-11f1-86aa-5e391376bf7e/x_large"
"2026-03-18 10:55:58","999389323","Spaans Meringue Cookies","","","","5.99","","","","2026-03-18","2026-03-24","Bakery","https://f.wishabi.net/page_pdf_images/22878287/311e08a2-1cfb-11f1-86aa-5e391376bf7e/x_large"
"2026-03-18 10:55:59","999389571","Gerber Melts or Teethers","","","","3.99","member price","","Gerber","2026-03-18","2026-03-31","Snacks","https://f.wishabi.net/page_pdf_images/22878296/382350c6-1cfb-11f1-849f-eaef01904314/x_large"
"2026-03-18 10:56:00","999379237","Broccoli Crowns","","","","2.99","lb member price","","","2026-03-18","2026-03-24","Produce","https://f.wishabi.net/page_pdf_images/22878279/3aed0676-1cfb-11f1-a5aa-de58769ff49a/x_large"
"2026-03-18 10:56:00","999380677","Chobani Flip, Creations or Protein Greek Yogurt","EARN 4X POINTS","","","0.99","ea member price","","Chobani","2026-03-18","2026-03-24","Dairy & Eggs","https://f.wishabi.net/page_items/412646096/1773212559/extra_large.jpg"
"2026-03-18 10:56:01","999394026","Amy's Entrée","","","","5.99","member price","","Amy's","2026-03-18","2026-03-24","Frozen","https://f.wishabi.net/page_pdf_images/22878295/47fd9970-1cfb-11f1-848e-7a0227f429e6/x_large"
"2026-03-18 10:56:01","999394806","Ferrero Easter Egg","","","2 for","9.0","member price","","Ferrero Rocher","2026-03-18","2026-03-31","Snacks","https://f.wishabi.net/page_pdf_images/22878296/38effe32-1cfb-11f1-849f-eaef01904314/x_large"
"2026-03-18 10:56:01","999394378","Signature SELECT® Clover Honey Bear","","","","4.99","member price","","Signature SELECT®","2026-03-18","2026-03-24","Pantry","https://f.wishabi.net/page_pdf_images/22878287/3244c9b4-1cfb-11f1-86aa-5e391376bf7e/x_large"
"2026-03-18 10:56:02","999394898","Sumo Citrus","EARN 2x POINTS","","","5.99","ea member price","","","2026-03-18","2026-03-24","Produce","https://f.wishabi.net/page_pdf_images/22878295/40e15c9e-1cfb-11f1-848e-7a0227f429e6/x_large"
"2026-03-18 10:56:02","999388948","Nut Pods Creamer","","","","4.49","member price","","Nut Pods","2026-03-18","2026-03-24","Dairy & Eggs","https://f.wishabi.net/page_items/412646310/1773212557/extra_large.jpg"
"2026-03-18 10:56:03","999379351","Coors 30-pack, 12-oz. Modelo or Pacifico 18-pack, 12-oz.","","","","22.99","member price","","","2026-03-18","2026-03-24","Beverages","https://f.wishabi.net/page_pdf_images/22878279/4a6a66de-1cfb-11f1-a5aa-de58769ff49a/x_large"
"2026-03-18 10:56:03","999365743","Dove Shampoo or Conditioner Pumps","","","","12.99","member price","","Dove","2026-03-18","2026-03-31","Personal Care","https://f.wishabi.net/page_items/412646399/1773212564/extra_large.jpg"
"2026-03-18 10:56:04","999385965","Green Asparagus","","","2 lbs for","5.0","member price","","","2026-03-20","2026-03-20","Produce","https://f.wishabi.net/page_pdf_images/22878287/317ab714-1cfb-11f1-86aa-5e391376bf7e/x_large"
"2026-03-18 10:56:04","999390934","Hershey's Easter Candy","","","","5.49","member price","","Hershey's","2026-03-18","2026-03-31","Snacks","https://f.wishabi.net/page_pdf_images/22878296/3414a778-1cfb-11f1-849f-eaef01904314/x_large"
"2026-03-18 10:56:04","999391402","Amish Country Roll Butter","","","","10.99","member price","","","2026-03-18","2026-03-24","Dairy & Eggs","https://f.wishabi.net/page_pdf_images/22878295/3c2a13ee-1cfb-11f1-848e-7a0227f429e6/x_large"
"2026-03-18 10:56:05","999418152","Safeway Stock up","","","","","","","","2026-03-18","2026-03-24","Other","https://f.wishabi.net/page_items/412646387/1773212556/extra_large.jpg"
"2026-03-18 10:56:05","999417344","Red Seedless Grapes","","","3 lbs for","5.0","member price","","","2026-03-20","2026-03-20","Produce","https://f.wishabi.net/page_pdf_images/22878287/329a8de0-1cfb-11f1-86aa-5e391376bf7e/x_large"
"2026-03-18 10:56:06","999417786","Fresh Pass","5% off","","","","","","","2026-03-18","2026-03-24","Other","https://f.wishabi.net/page_items/412706592/1773212556/extra_large.jpg"
"2026-03-18 10:56:06","999417806","Mission Foods","","","","","","","Corporation","2026-03-18","2026-03-24","Pantry","https://f.wishabi.net/page_items/412706136/1773212563/extra_large.jpg"
"2026-03-18 10:56:07","999417378","Jumbo Cookies","","","","5.0","ea member price","","","2026-03-20","2026-03-20","Bakery","https://f.wishabi.net/page_items/412646193/1773212567/extra_large.jpg"
"2026-03-18 10:56:08","999417328","Chicken Wings Bone-In or Boneless. Selected varieties. Available in the Deli. Smoked Sausage With Mango Habanero Sauce. Macaroni and Cheese Available hot in the Deli","","","","5.0","lb member price","","","2026-03-20","2026-03-20","Deli & Prepared Foods","https://f.wishabi.net/page_pdf_images/22878287/2cac9a72-1cfb-11f1-86aa-5e391376bf7e/x_large"
"2026-03-18 10:56:08","999417250","Yehuda or Manischewitz Passover Matzos","","","","9.99","member price","","Yehuda | Manischewitz","2026-03-18","2026-03-24","Pantry","https://f.wishabi.net/page_pdf_images/22878287/305f12c6-1cfb-11f1-86aa-5e391376bf7e/x_large"
"2026-03-18 10:56:09","999417422","Soonhari Soju","","","","5.0","ea member price","","Soon Hari","2026-03-20","2026-03-20","Beverages","https://f.wishabi.net/page_pdf_images/22878287/36cf0ae4-1cfb-11f1-86aa-5e391376bf7e/x_large"
"2026-03-18 10:56:09","999417413","Ken's Salad Dressing 16-oz. Sweet Baby Ray's Barbecue Sauce 16 to 28-oz","","","2 for","5.0","member price","","Ken's | Sweet Baby Ray's","2026-03-20","2026-03-20","Pantry","https://f.wishabi.net/page_pdf_images/22878287/3671e576-1cfb-11f1-86aa-5e391376bf7e/x_large"
"2026-03-18 10:56:10","999417316","Manischewitz","","","","6.99","ea when you buy 6 or more Member Price","","Manischewitz","2026-03-18","2026-03-24","Pantry","https://f.wishabi.net/page_pdf_images/22878287/32f066d4-1cfb-11f1-86aa-5e391376bf7e/x_large"
"2026-03-18 10:56:10","999417799","Coca-Cola","BUY 2 GET 1 FREE When you Buy 3 Member Price","","","","","","Coca-Cola","2026-03-18","2026-03-24","Beverages","https://f.wishabi.net/page_pdf_images/22878294/43330ec0-1cfb-11f1-b2bb-9aa7aed3e484/x_large"
"2026-03-18 10:56:11","999417804","Planters Peanuts","","","2 for","7.0","member price","","Planters","2026-03-18","2026-03-24","Snacks","https://f.wishabi.net/page_pdf_images/22878294/41d371a0-1cfb-11f1-b2bb-9aa7aed3e484/x_large"
"2026-03-18 10:56:11","999417805","Hormel Pepperoni Pillow Pack","","","","4.99","member price","","Hormel","2026-03-18","2026-03-24","Deli & Prepared Foods","https://f.wishabi.net/page_pdf_images/22878294/426e8ad2-1cfb-11f1-b2bb-9aa7aed3e484/x_large"
"2026-03-18 10:56:12","999417816","Lifeway Kefir Smoothie","EARN 2x POINTS","","","3.99","member price","","Lifeway","2026-03-18","2026-03-24","Dairy & Eggs","https://f.wishabi.net/page_items/412646309/1773212556/extra_large.jpg"
"2026-03-18 10:56:12","999417803","Hormel Chili with Beans","","","","2.99","","","Hormel","2026-03-18","2026-03-24","Pantry","https://f.wishabi.net/page_pdf_images/22878294/41bdb50e-1cfb-11f1-b2bb-9aa7aed3e484/x_large"
"2026-03-18 10:56:13","999417824","Tillamook Cream Cheese","","","","2.99","ea member price","","Tillamook","2026-03-18","2026-03-24","Dairy & Eggs","https://f.wishabi.net/page_pdf_images/22878295/334b9158-1cfb-11f1-848e-7a0227f429e6/x_large"
"2026-03-18 10:56:13","999417843","Health-Ade Kombucha","Earn 2x POINTS","","2 for","7.0","member price","","Health-Ade Kombucha","2026-03-18","2026-03-24","Beverages","https://f.wishabi.net/page_pdf_images/22878295/41ab5c38-1cfb-11f1-848e-7a0227f429e6/x_large"
"2026-03-18 10:56:13","999417907","Heinz Tomato Ketchup","","","","4.99","member price","","Heinz","2026-03-18","2026-03-24","Pantry","https://f.wishabi.net/page_pdf_images/22878295/4d1b6bf8-1cfb-11f1-848e-7a0227f429e6/x_large"
"2026-03-18 10:56:14","999417916","Calbee Harvest Snaps","","","2 for","4.0","member price","","Calbee","2026-03-18","2026-03-24","Snacks","https://f.wishabi.net/page_pdf_images/22878295/49a2e352-1cfb-11f1-848e-7a0227f429e6/x_large"
"2026-03-18 10:56:14","999417921","Yakult Probiotic Drink","","","","2.99","ea member price","","Yakult","2026-03-18","2026-03-24","Dairy & Eggs","https://f.wishabi.net/page_pdf_images/22878295/4a81efde-1cfb-11f1-848e-7a0227f429e6/x_large"
"2026-03-18 10:56:15","999417928","Lakanto Sweetener","","","","5.99","ea member price","","Lakanto","2026-03-18","2026-03-24","Pantry","https://f.wishabi.net/page_pdf_images/22878295/4b7c4cae-1cfb-11f1-848e-7a0227f429e6/x_large"
"2026-03-18 10:56:15","999417798","Coca-Cola Participating Products","Buy any $25 participating products SAVE $5 with forU","","","","","","Coca-Cola","2026-03-18","2026-03-24","Beverages","https://f.wishabi.net/page_items/412646289/1773212557/extra_large.jpg"
"2026-03-18 10:56:16","999417801","smartwater 6-pack, 16.9-oz. Selected varieties. Powerade 8-pack, 20-oz.","","","","5.99","member price","","smartwater | Powerade","2026-03-18","2026-03-24","Beverages","https://f.wishabi.net/page_pdf_images/22878294/4518f3b2-1cfb-11f1-b2bb-9aa7aed3e484/x_large"
"2026-03-18 10:56:16","999417800","vitaminwater 6-pack, 16.9-oz. Topo Chico Sabores 8-pack, 12-oz.","","","","6.99","member price","","vitaminwater | Topo Chico","2026-03-18","2026-03-24","Beverages","https://f.wishabi.net/page_pdf_images/22878294/43ec2c02-1cfb-11f1-b2bb-9aa7aed3e484/x_large"
"2026-03-18 10:56:16","999418033","Nature's Truth or Signature SELECT® Vitamins","BUY 1 GET 1 FREE Member Price When you Buy 2","","","","","","Nature's Truth | Signature SELECT®","2026-03-18","2026-03-31","Health & Wellness","https://f.wishabi.net/page_pdf_images/22878296/3cc6c84c-1cfb-11f1-849f-eaef01904314/x_large"
"2026-03-18 10:56:17","999418129","Signature SELECT® Food Storage","","","2 for","7.0","member price","","Signature SELECT","2026-03-18","2026-03-31","Household","https://f.wishabi.net/page_pdf_images/22878297/4b708e82-1cfb-11f1-89d1-36e2130089f1/x_large"
"2026-03-18 10:56:17","999417875","Fresh Express Family Size Iceberg Shreds","","","","2.99","ea member price","","Fresh Express","2026-03-18","2026-03-24","Produce","https://f.wishabi.net/page_pdf_images/22878295/46221b62-1cfb-11f1-848e-7a0227f429e6/x_large"
"2026-03-18 10:56:18","999417855","POM Wonderful Tea","","","2 for","4.0","member price","","POM Wonderful","2026-03-18","2026-03-24","Beverages","https://f.wishabi.net/page_pdf_images/22878295/442b6642-1cfb-11f1-848e-7a0227f429e6/x_large"
"2026-03-18 10:56:18","999417952","Lindt Gold Bunny","","","","5.99","member price","","Lindt","2026-03-18","2026-03-31","Snacks","https://f.wishabi.net/page_pdf_images/22878296/350280ce-1cfb-11f1-849f-eaef01904314/x_large"
"2026-03-18 10:56:19","999418018","Huggies Little Movers or Snugglers Jumbo Pack","","","","11.99","member price","","Huggies","2026-03-18","2026-03-31","Personal Care","https://f.wishabi.net/page_pdf_images/22878296/477254a0-1cfb-11f1-849f-eaef01904314/x_large"
"2026-03-18 10:56:19","999418067","Sudafed PE","","","","8.99","member price","","","2026-03-18","2026-03-31","Health & Wellness","https://f.wishabi.net/page_pdf_images/22878296/486517d0-1cfb-11f1-849f-eaef01904314/x_large"
"2026-03-18 10:56:20","999418032","Claritin Allergy Relief","","","","12.99","member price","","Claritin","2026-03-18","2026-03-31","Health & Wellness","https://f.wishabi.net/page_pdf_images/22878296/48e9474e-1cfb-11f1-849f-eaef01904314/x_large"
"2026-03-18 10:56:20","999418057","Pure Protein Bars","","","","5.99","ea","7.99","Pure Protein","2026-03-18","2026-03-31","Snacks","https://f.wishabi.net/page_pdf_images/22878296/4129b08e-1cfb-11f1-849f-eaef01904314/x_large"
"2026-03-18 10:56:21","999418123","AXE Hair Care or Deodorant","EARN 4x POINTS","","","6.99","member price","","Axe","2026-03-18","2026-03-31","Personal Care","https://f.wishabi.net/page_pdf_images/22878297/4427f3e0-1cfb-11f1-89d1-36e2130089f1/x_large"
"2026-03-18 10:56:22","999418223","Softsoap Liquid Hand Soap","EARN 4x POINTS","","2 /","3.0","when you buy 2","4.0","Softsoap","2026-03-18","2026-03-31","Personal Care","https://f.wishabi.net/page_pdf_images/22878297/34ce73d8-1cfb-11f1-89d1-36e2130089f1/x_large"
"2026-03-18 10:56:22","999418180","Old Spice Body Wash","EARN 4X POINTS","","","7.99","member price","","Old Spice","2026-03-18","2026-03-31","Personal Care","https://f.wishabi.net/page_pdf_images/22878297/48ee23ae-1cfb-11f1-89d1-36e2130089f1/x_large"
"2026-03-18 10:56:22","999418112","Pantene or Head & Shoulders Shampoo or Conditioner","","","","7.99","member price","","Pantene | Head & Shoulders","2026-03-18","2026-03-31","Personal Care","https://f.wishabi.net/page_pdf_images/22878297/3b6c5a84-1cfb-11f1-89d1-36e2130089f1/x_large"
"2026-03-18 10:56:23","999418140","TRESemmé Shampoo or Conditioner","EARN 4X POINTS","","","6.99","member price","","TRESemmé","2026-03-18","2026-03-31","Personal Care","https://f.wishabi.net/page_pdf_images/22878297/3a94e360-1cfb-11f1-89d1-36e2130089f1/x_large"
"2026-03-18 10:56:23","999418279","Speed Stick Deodorant Twin Pack","EARN 4X POINTS","","","3.99","ea","5.99","Speed Stick","2026-03-18","2026-03-31","Personal Care","https://f.wishabi.net/page_pdf_images/22878297/38437fd6-1cfb-11f1-89d1-36e2130089f1/x_large"
"2026-03-18 10:56:24","999418263","Irish Spring or Softsoap Body Wash","","","","4.99","ea","6.99","Irish Spring | Softsoap Body","2026-03-18","2026-03-24","Personal Care","https://f.wishabi.net/page_pdf_images/22878297/429d040c-1cfb-11f1-89d1-36e2130089f1/x_large"
"2026-03-18 10:56:25","999418179","Aussie Ultra Wonder Hair Care or Old Spice Hair Styler","EARN 4X POINTS","","","9.99","member price","","Aussie | Old Spice","2026-03-18","2026-03-31","Personal Care","https://f.wishabi.net/page_pdf_images/22878297/49b76570-1cfb-11f1-89d1-36e2130089f1/x_large"
"2026-03-18 10:56:25","999418224","Clorox Disinfecting Wipes","","","","14.99","ea","15.99","Clorox","2026-03-18","2026-03-31","Household","https://f.wishabi.net/page_pdf_images/22878297/443afe4a-1cfb-11f1-89d1-36e2130089f1/x_large"
"2026-03-18 10:56:25","999418135","Fabuloso Multi-Purpose Cleaner","EARN 4x POINTS","","","7.99","ea","9.99","Fabuloso","2026-03-18","2026-03-31","Household","https://f.wishabi.net/page_pdf_images/22878297/49cf1fda-1cfb-11f1-89d1-36e2130089f1/x_large"
"2026-03-18 10:56:26","999418234","Secret or Old Spice Deodorant","","","","7.99","member price","","Secret | Old Spice","2026-03-18","2026-03-31","Personal Care","https://f.wishabi.net/page_pdf_images/22878297/514af676-1cfb-11f1-89d1-36e2130089f1/x_large"
"2026-03-18 10:56:26","999417258","Kedem Grape Juice","","","","6.99","member price","","Kedem","2026-03-18","2026-03-24","Beverages","https://f.wishabi.net/page_pdf_images/22878287/34127138-1cfb-11f1-86aa-5e391376bf7e/x_large"
"2026-03-18 10:56:27","999417836","Rockit Apples","EARN 2X POINTS","","","6.99","ea member price","","Rockit","2026-03-18","2026-03-24","Produce","https://f.wishabi.net/page_pdf_images/22878295/40caf404-1cfb-11f1-848e-7a0227f429e6/x_large"
"2026-03-18 10:56:27","999417985","Easter Plush","25% OFF Member Price","","","","","","","2026-03-18","2026-03-31","Other","https://f.wishabi.net/page_pdf_images/22878296/43436158-1cfb-11f1-849f-eaef01904314/x_large"
"2026-03-18 10:56:28","999418059","Glucerna Original Shakes","$5 OFF When you Buy 2 Member Price","","","","","","Glucerna","2026-03-18","2026-03-31","Health & Wellness","https://f.wishabi.net/page_pdf_images/22878296/3d785904-1cfb-11f1-849f-eaef01904314/x_large"
"2026-03-18 10:56:28","999417411","Tide Liquid Laundry Detergent 32 to 34-oz. Gain Laundry Detergent 46-oz. Liquid or 16-ct. Flings. Selected varieties. Bounty Essentials Paper Towel 2-Triple Rolls.","","","","5.0","ea member price","","Tide | Gain | Bounty","2026-03-20","2026-03-20","Household","https://f.wishabi.net/page_pdf_images/22878287/34019e26-1cfb-11f1-86aa-5e391376bf7e/x_large"
"2026-03-18 10:56:29","999394703","Signature SELECT® Apple Juice or Cranberry Juice Cocktail","","","3 for","5.0","member price","","Signature SELECT®","2026-03-20","2026-03-20","Beverages","https://f.wishabi.net/page_items/412646209/1773212571/extra_large.jpg"
"2026-03-18 10:56:29","999380668","Kevin's Natural Foods Beef Entrée","","","","8.99","ea member price","","Kevin's Natural Foods","2026-03-18","2026-03-24","Deli & Prepared Foods","https://f.wishabi.net/page_items/412646078/1773212555/extra_large.jpg"
"2026-03-18 10:56:30","999380762","Safeway for u","","","","","","","","2026-03-18","2026-03-24","Other","https://f.wishabi.net/page_items/412706362/1773212567/extra_large.jpg"
"2026-03-18 10:56:30","999418360","Sincerely Health","","","","","","","","2026-03-18","2026-03-24","Other","https://f.wishabi.net/page_items/412707222/1773212578/extra_large.jpg"
"2026-03-18 10:56:31","999394186","Foster Farms Frozen Chicken","","","","5.0","ea member price","","Foster Farms","2026-03-20","2026-03-20","Frozen","https://f.wishabi.net/page_pdf_images/22878287/2c2b95d0-1cfb-11f1-86aa-5e391376bf7e/x_large"
"2026-03-18 10:56:31","999364993","Hormel Pepperoni Pillow Pack","","","","3.99","ea member price","","Hormel","2026-03-18","2026-03-24","Deli & Prepared Foods","https://f.wishabi.net/page_items/412646075/1773212555/extra_large.jpg"
"2026-03-18 10:56:32","999392468","Mars Easter Variety Candy","","","","10.99","member price","","","2026-03-18","2026-03-31","Snacks","https://f.wishabi.net/page_items/412646346/1773212565/extra_large.jpg"
"2026-03-18 10:56:32","999368879","Chobani Creamer 24-oz. Oatmilk 52-oz.","EARN 4X POINTS","","","3.49","ea member price","","Chobani","2026-03-18","2026-03-24","Dairy & Eggs","https://f.wishabi.net/page_items/412646089/1773212558/extra_large.jpg"
"2026-03-18 10:56:32","999365140","Signature SELECT® Carrots","","","","1.99","ea member price","","Signature SELECT®","2026-03-18","2026-03-24","Produce","https://f.wishabi.net/page_pdf_images/22878287/30fe7c8a-1cfb-11f1-86aa-5e391376bf7e/x_large"
"2026-03-18 10:56:33","999380680","Dannon Oikos Triple Zero, Light + Fit or Too Good Greek Yogurt","","","","3.99","ea member price","","","2026-03-18","2026-03-24","Dairy & Eggs","https://f.wishabi.net/page_items/412646097/1773212560/extra_large.jpg"
"2026-03-18 10:56:33","999379388","Cyber Sale","","","","","","","","2026-03-18","2026-03-24","Other","https://f.wishabi.net/page_items/412706368/1773212575/extra_large.jpg"
"2026-03-18 10:56:34","999375314","Lay's Potato Chips or Poppables","EARN 4X POINTS","","","1.99","ea member price","","Lay's","2026-03-18","2026-03-24","Snacks","https://f.wishabi.net/page_items/412645972/1773212565/extra_large.jpg"
"2026-03-18 10:56:34","999379296","Hidden Valley Ranch Dressing","EARN 4X POINTS","","","2.99","ea member price","","Hidden Valley","2026-03-18","2026-03-24","Pantry","https://f.wishabi.net/page_pdf_images/22878279/3ce9a362-1cfb-11f1-a5aa-de58769ff49a/x_large"
"2026-03-18 10:56:35","999417919","FIJI Artesian Water","EARN 2X POINTS","","","5.99","member price","","FIJI Water","2026-03-18","2026-03-24","Beverages","https://f.wishabi.net/page_pdf_images/22878295/48e3f3d4-1cfb-11f1-848e-7a0227f429e6/x_large"
"2026-03-18 10:56:35","999417978","Brach's Jelly Beans","","","2 for","5.0","member price","","Brach's","2026-03-18","2026-03-31","Snacks","https://f.wishabi.net/page_pdf_images/22878296/49a64c54-1cfb-11f1-849f-eaef01904314/x_large"
"2026-03-18 10:56:35","999418256","Edge or Skintimate Shave Gel","EARN 4X POINTS","","","3.99","ea when you buy 2","5.99","Edge | Skintimate","2026-03-18","2026-03-31","Personal Care","https://f.wishabi.net/page_pdf_images/22878297/54515e00-1cfb-11f1-89d1-36e2130089f1/x_large"
"2026-03-18 10:56:36","999418274","Gatorade Protein Bars","EARN 4x POINTS","","","12.99","member price","","Gatorade","2026-03-18","2026-03-31","Snacks","https://f.wishabi.net/page_pdf_images/22878297/39bd8fdc-1cfb-11f1-89d1-36e2130089f1/x_large"
"2026-03-18 10:56:36","999380703","Mission Tortilla Chips 9 to 11-oz. Nabisco Premium Crackers 9 to 17-oz. Ritz Sandwich Crackers 8-ct.","","","","2.49","ea member price","","Mission | Nabisco","2026-03-18","2026-03-24","Snacks","https://f.wishabi.net/page_items/412646108/1773212562/extra_large.jpg"
"2026-03-18 10:56:37","999380716","BodyArmor","","","","5.49","ea member price","","BODYARMOR","2026-03-18","2026-03-24","Beverages","https://f.wishabi.net/page_items/412646121/1773212564/extra_large.jpg"
"2026-03-18 10:56:38","999375377","Signature SELECT® Pasta 12 to 16-oz. Canned Tomatoes 10 to 14.5-oz.","","","","0.99","ea member price","","Signature SELECT®","2026-03-18","2026-03-24","Pantry","https://f.wishabi.net/page_items/412645941/1773212567/extra_large.jpg"
"2026-03-18 10:56:38","999379266","Eggplant","","","","1.49","ea member price","","","2026-03-18","2026-03-24","Produce","https://f.wishabi.net/page_pdf_images/22878279/3b9f8ac6-1cfb-11f1-a5aa-de58769ff49a/x_large"
"2026-03-18 10:56:39","999379334","Bouquet of the Month","","","","16.99","","","","2026-03-18","2026-03-24","Floral","https://f.wishabi.net/page_pdf_images/22878279/35b33590-1cfb-11f1-a5aa-de58769ff49a/x_large"
"2026-03-18 10:56:39","999417802","Simply Orange Juice","","","","8.99","","","Simply Orange","2026-03-18","2026-03-24","Beverages","https://f.wishabi.net/page_pdf_images/22878294/434326f2-1cfb-11f1-b2bb-9aa7aed3e484/x_large"
"2026-03-18 10:56:39","999418192","Dove Men's Deodorant","EARN 4X POINTS","","","8.99","member price","","Dove","2026-03-18","2026-03-31","Personal Care","https://f.wishabi.net/page_pdf_images/22878297/34ece91c-1cfb-11f1-89d1-36e2130089f1/x_large"
"2026-03-18 10:56:40","999417837","The Laughing Cow Cheese Wedges","","","","3.99","ea member price","","The Laughing Cow","2026-03-18","2026-03-24","Dairy & Eggs","https://f.wishabi.net/page_pdf_images/22878295/3ce71ac0-1cfb-11f1-848e-7a0227f429e6/x_large"
"2026-03-18 10:56:40","999417874","Wonderful Seedless Lemons","EARN 2X POINTS","","","3.99","ea member price","","Wonderful®","2026-03-18","2026-03-24","Produce","https://f.wishabi.net/page_pdf_images/22878295/460f82a4-1cfb-11f1-848e-7a0227f429e6/x_large"
"2026-03-18 10:56:40","999418094","Pharmacy","","","","","","","","2026-03-18","2026-03-24","Health & Wellness","https://f.wishabi.net/page_items/412706897/1773212577/extra_large.jpg"
"2026-03-18 10:56:41","999418165","L' Oréal EverPure Shampoo or Conditioner","EARN 4X POINTS","","","9.99","member price","","L'ORÉAL","2026-03-18","2026-03-24","Personal Care","https://f.wishabi.net/page_pdf_images/22878297/450c1548-1cfb-11f1-89d1-36e2130089f1/x_large"
"2026-03-18 10:56:41","999418209","Venus Comfort Glide White Tea","","","","15.99","member price","","Venus","2026-03-18","2026-03-31","Personal Care","https://f.wishabi.net/page_pdf_images/22878297/3f8886ba-1cfb-11f1-89d1-36e2130089f1/x_large"
"2026-03-18 10:56:42","999418243","Dove Bar Soap","","","","9.99","ea","11.99","","2026-03-18","2026-03-31","Personal Care","https://f.wishabi.net/page_pdf_images/22878297/5389d1c8-1cfb-11f1-89d1-36e2130089f1/x_large"
"2026-03-18 10:56:42","999418281","Schick Xtreme Disposable Razors","EARN 4x POINTS","","","5.99","ea","9.99","Schick","2026-03-18","2026-03-31","Personal Care","https://f.wishabi.net/page_pdf_images/22878297/55bba4e4-1cfb-11f1-89d1-36e2130089f1/x_large"
"2026-03-18 10:56:43","999417891","Dennison's Chili with Beans 15-oz. Hunt's Tomatoes 14.5-oz.","EARN 2X POINTS","","3 for","5.0","member price","","Dennison's | Hunt's","2026-03-18","2026-03-24","Pantry","https://f.wishabi.net/page_pdf_images/22878295/471812ce-1cfb-11f1-848e-7a0227f429e6/x_large"
"2026-03-18 10:56:43","999418026","Signature Care® Electrolyte Solution","","","","4.99","member price","","Signature Care®","2026-03-18","2026-03-31","Health & Wellness","https://f.wishabi.net/page_pdf_images/22878296/3772d110-1cfb-11f1-849f-eaef01904314/x_large"
"2026-03-18 10:56:44","999418357","Copper Ring Fire Pit","25% OFF Member Price","","","","","","","2026-03-18","2026-03-31","Household","https://f.wishabi.net/page_pdf_images/22878297/3ddb28cc-1cfb-11f1-89d1-36e2130089f1/x_large"
"2026-03-18 10:56:44","999417960","Hershey Share Size Candy","EARN 4X POINTS","","","6.99","member price","","Hershey's","2026-03-18","2026-03-24","Snacks","https://f.wishabi.net/page_pdf_images/22878296/3fd9a95a-1cfb-11f1-849f-eaef01904314/x_large"
"2026-03-18 10:56:45","999518566","Open Nature® Assorted Lamb Shoulder Chops","","","","5.0","lb member price","","COpen Nature®","2026-03-20","2026-03-20","Meat & Seafood","https://f.wishabi.net/page_pdf_images/22878287/3559cf00-1cfb-11f1-86aa-5e391376bf7e/x_large"
"2026-03-18 10:56:45","999379285","Muffins","","","","3.99","member price","","","2026-03-18","2026-03-24","Bakery","https://f.wishabi.net/page_pdf_images/22878279/35a4ddf6-1cfb-11f1-a5aa-de58769ff49a/x_large"
"2026-03-18 10:56:46","999380770","Tide Liquid Laundry Detergent 117 to 132-oz. Pods 45, 57 or 76-ct.","EARN 4X POINTS","","","16.99","ea member price","","Tide","2026-03-18","2026-03-24","Household","https://f.wishabi.net/page_items/412646127/1773212566/extra_large.jpg"
"2026-03-18 10:56:46","999379264","Baked Fish Sandwich","","","","5.0","ea","","","2026-03-18","2026-03-24","Deli & Prepared Foods","https://f.wishabi.net/page_pdf_images/22878279/35011fc2-1cfb-11f1-a5aa-de58769ff49a/x_large"
"2026-03-18 10:56:46","999418141","Mr. Clean Shower & Tub Starter Kit","","","","9.99","ea","12.99","Mr. Clean","2026-03-18","2026-03-31","Household","https://f.wishabi.net/page_pdf_images/22878297/45d46a0c-1cfb-11f1-89d1-36e2130089f1/x_large"
"2026-03-18 10:56:47","999375294","Cheetos, Doritos, SunChips, Ruffles or Miss Vickies","BUY 2 GET 2 FREE Price When you Buy 4","","Single price up to","5.49","ea.","","Cheetos | Doritos | SunChips | Ruffles | Miss Vickies","2026-03-18","2026-03-24","Snacks","https://f.wishabi.net/page_pdf_images/22878274/38c7453c-1cfb-11f1-acd2-8618df05ae5b/x_large"
"2026-03-18 10:56:47","999417426","Mondrian Roses Bouquet","","","","5.0","ea member price","","","2026-03-20","2026-03-20","Floral","https://f.wishabi.net/page_pdf_images/22878287/2cf11742-1cfb-11f1-86aa-5e391376bf7e/x_large"
"2026-03-18 10:56:48","999417892","Rao's Pasta Sauce","EARN 2X POINTS","","","7.99","member price","","Rao's","2026-03-18","2026-03-24","Pantry","https://f.wishabi.net/page_pdf_images/22878295/4c59caca-1cfb-11f1-848e-7a0227f429e6/x_large"
"2026-03-18 10:56:48","999417969","Peeps Easter Toy","25% OFF Member Price","","","","","","Peeps","2026-03-18","2026-03-31","Other","https://f.wishabi.net/page_pdf_images/22878296/3715fabc-1cfb-11f1-849f-eaef01904314/x_large"
"2026-03-18 10:56:49","999379355","Cazadores, Maker's Mark or Mr Black Coffee Liqueur","","","","23.39","ea when you buy 6 or more Member Price","","Cazadores | Maker's Mark | Mr Black Coffee","2026-03-18","2026-03-24","Beverages","https://f.wishabi.net/page_pdf_images/22878279/4891d630-1cfb-11f1-a5aa-de58769ff49a/x_large"
"2026-03-18 10:56:49","999379179","Chobani Greek Yogurt","EARN 4x POINTS","","","0.69","ea member price","","Chobani","2026-03-18","2026-03-24","Dairy & Eggs","https://f.wishabi.net/page_pdf_images/22878279/3db9dab4-1cfb-11f1-a5aa-de58769ff49a/x_large"
"2026-03-18 10:56:49","999418003","Pediasure Shakes","","","","13.99","member price","","PediaSure","2026-03-18","2026-03-31","Health & Wellness","https://f.wishabi.net/page_pdf_images/22878296/46f06a94-1cfb-11f1-849f-eaef01904314/x_large"
"2026-03-18 10:56:50","999380730","belVita Breakfast Biscuits","","","","2.99","ea member price","","Belvita","2026-03-18","2026-03-24","Snacks","https://f.wishabi.net/page_items/412646111/1773212562/extra_large.jpg"
"2026-03-18 10:56:50","999418288","Bloom Greens or Superfoods Powder","EARN 4X POINTS","","","29.99","member price","","Bloom","2026-03-18","2026-03-31","Health & Wellness","https://f.wishabi.net/page_pdf_images/22878297/3684cb00-1cfb-11f1-89d1-36e2130089f1/x_large"
"2026-03-18 10:56:51","999380713","Ore-Ida Fries 26 to 32-oz. Hash Brown Potatoes 28 to 32-oz.","","","","3.99","ea member price","","Ore-Ida","2026-03-18","2026-03-24","Frozen","https://f.wishabi.net/page_items/412646114/1773212563/extra_large.jpg"
"2026-03-18 10:56:51","999365413","Russell Stover Chocolate Easter Egg","","","2 for","3.0","member price","","Russell Stover","2026-03-18","2026-03-31","Snacks","https://f.wishabi.net/page_pdf_images/22878296/32df5966-1cfb-11f1-849f-eaef01904314/x_large"
"2026-03-18 10:56:52","999418050","Premier Protein Powder","","","","27.99","member price","","Premier Protein","2026-03-18","2026-03-31","Health & Wellness","https://f.wishabi.net/page_pdf_images/22878296/3e433160-1cfb-11f1-849f-eaef01904314/x_large"
"2026-03-18 10:56:52","999373820","Premier Protein Indulgence Shakes","","","","11.99","member price","","Premier Protein","2026-03-18","2026-03-31","Health & Wellness","https://f.wishabi.net/page_pdf_images/22878296/491e27e8-1cfb-11f1-849f-eaef01904314/x_large"
"2026-03-18 10:56:53","999381748","Listerine Mouthwash","","","","8.99","member price","","Listerine","2026-03-18","2026-03-31","Personal Care","https://f.wishabi.net/page_pdf_images/22878296/3877f784-1cfb-11f1-849f-eaef01904314/x_large"
"2026-03-18 10:56:53","999368255","Easter Peeps","","","2 for","3.0","member price","","","2026-03-18","2026-03-31","Snacks","https://f.wishabi.net/page_pdf_images/22878296/4a1bb7aa-1cfb-11f1-849f-eaef01904314/x_large"
"2026-03-18 10:56:54","999392573","Easter Party or Home Décor","33% OFF Member Price","","","","","","","2026-03-18","2026-03-31","Household","https://f.wishabi.net/page_pdf_images/22878296/43fdedde-1cfb-11f1-849f-eaef01904314/x_large"
"2026-03-18 10:56:54","999418206","Harry's Cartridge Refills","EARN 4x POINTS","","","10.99","member price","","Harry’s","2026-03-18","2026-03-31","Personal Care","https://f.wishabi.net/page_pdf_images/22878297/4838eb9c-1cfb-11f1-89d1-36e2130089f1/x_large"
"2026-03-18 10:56:55","999365647","GoMacro Bars","","","","10.99","member price","","GoMacro","2026-03-18","2026-03-31","Snacks","https://f.wishabi.net/page_pdf_images/22878296/3bd1a7f4-1cfb-11f1-849f-eaef01904314/x_large"
"2026-03-18 10:56:55","999384967","OWYN Shakes","","","","8.99","member price","","","2026-03-18","2026-03-31","Health & Wellness","https://f.wishabi.net/page_pdf_images/22878296/3f395eb4-1cfb-11f1-849f-eaef01904314/x_large"
"2026-03-18 10:56:56","999417996","Signature SELECT® Baby Wipes","Earn 2x POINTS","","","5.99","member price","","Signature SELECT®","2026-03-18","2026-03-31","Personal Care","https://f.wishabi.net/page_pdf_images/22878296/4613a0d2-1cfb-11f1-849f-eaef01904314/x_large"
"2026-03-18 10:56:56","999381162","Peter Rabbit Organic Pouch","","","2 for","4.0","member price","","Peter Rabbit Organics","2026-03-18","2026-03-31","Produce","https://f.wishabi.net/page_pdf_images/22878296/451cc03c-1cfb-11f1-849f-eaef01904314/x_large"
"2026-03-18 10:56:56","999417986","Easter Paper Party Goods","","","4 for","5.0","member price","","","2026-03-18","2026-03-31","Household","https://f.wishabi.net/page_pdf_images/22878296/39717534-1cfb-11f1-849f-eaef01904314/x_large"
"2026-03-18 10:56:57","999376999","Ferrara Easter Variety Candy","","","","9.99","member price","","","2026-03-18","2026-03-31","Snacks","https://f.wishabi.net/page_pdf_images/22878296/340029d8-1cfb-11f1-849f-eaef01904314/x_large"
"2026-03-18 10:56:57","999380096","Easter Egg Dye Kit","25% OFF Member Price","","","","","","","2026-03-18","2026-03-31","Other","https://f.wishabi.net/page_pdf_images/22878296/357bfc42-1cfb-11f1-849f-eaef01904314/x_large"
"2026-03-18 10:56:58","999381976","CLIF Bars","","","","6.99","member price","","Clif Bar","2026-03-18","2026-03-31","Snacks","https://f.wishabi.net/page_pdf_images/22878297/567544a8-1cfb-11f1-89d1-36e2130089f1/x_large"
"2026-03-18 10:56:58","999418178","Dove Shampoo or Conditioner","EARN 4X POINTS","","","6.99","member price","","Dove","2026-03-18","2026-03-31","Personal Care","https://f.wishabi.net/page_items/412646397/1773212562/extra_large.jpg"
"2026-03-18 10:56:59","999379238","Too Good Creamer 25.4-oz. International Delight Creamer 32-oz.","EARN 4X POINTS","","","1.99","ea member price","","Too Good | International Delight","2026-03-18","2026-03-24","Dairy & Eggs","https://f.wishabi.net/page_items/412646014/1773212560/extra_large.jpg"
"2026-03-18 10:57:00","999365210","Primo Taglio® Ham or Cheddar Cheese","","","","7.99","lb member price","","Primo Taglio®","2026-03-18","2026-03-24","Deli & Prepared Foods","https://f.wishabi.net/page_items/412646084/1773212556/extra_large.jpg"
"2026-03-18 10:57:00","999380721","Nabisco Tray Packs","EARN 4x POINTS","","","4.99","ea member price","","Nabisco","2026-03-18","2026-03-24","Snacks","https://f.wishabi.net/page_items/412646103/1773212561/extra_large.jpg"
"2026-03-18 10:57:01","999380678","Mission Flour Tortillas","","","","2.49","ea member price","","Mission","2026-03-18","2026-03-24","Pantry","https://f.wishabi.net/page_items/412646092/1773212558/extra_large.jpg"
"2026-03-18 10:57:01","999380697","Starbucks Coffee or Refreshers","","","","9.99","ea member price","","Starbucks","2026-03-18","2026-03-24","Beverages","https://f.wishabi.net/page_items/412646106/1773212561/extra_large.jpg"
"2026-03-18 10:57:02","999418077","Muscle Milk Genuine","","","","8.99","ea","10.99","","2026-03-18","2026-03-31","Health & Wellness","https://f.wishabi.net/page_pdf_images/22878296/3d44d0de-1cfb-11f1-849f-eaef01904314/x_large"
"2026-03-18 10:57:02","999379308","Bakery French or Sourdough Bread","","","","1.99","member price","","","2026-03-18","2026-03-24","Bakery","https://f.wishabi.net/page_pdf_images/22878279/37933bf8-1cfb-11f1-a5aa-de58769ff49a/x_large"
"2026-03-18 10:57:03","999417864","Wonderful Pistachios","EARN 2X POINTS","","","5.99","ea member price","","Wonderful","2026-03-18","2026-03-24","Snacks","https://f.wishabi.net/page_pdf_images/22878295/4521b8e4-1cfb-11f1-848e-7a0227f429e6/x_large"
"2026-03-25 10:52:23","1001422277","Fresh Baked Jumbo Croissants","","","","4.99","member price","","","2026-03-25","2026-03-31","Bakery","https://f.wishabi.net/page_pdf_images/22929802/9f000b54-22e6-11f1-88b6-86cca9b8ebb6/x_large"
"2026-03-25 10:52:24","1001421747","Silva Sausage 11 to 12-oz. Casper's Hot Dogs 16-oz.","","","","5.0","ea member price","","Silva | Casper's","2026-03-27","2026-03-27","Meat & Seafood","https://f.wishabi.net/page_pdf_images/22929814/a0dd39d8-22e6-11f1-a16e-8aabff89317a/x_large"
"2026-03-25 10:52:24","1001423000","Pharmacy","","","","","","","","2026-03-25","2026-03-31","Health & Wellness","https://f.wishabi.net/page_items/413800417/1774384887/extra_large.jpg"
"2026-03-25 10:52:25","1001422499","Peter Rabbit Organic Pouch","","","2 for","4.0","member price","","PETER RABBIT","2026-03-25","2026-03-31","Produce","https://f.wishabi.net/page_pdf_images/22929818/d1a4cbd0-22e6-11f1-b3e7-665c001660f7/x_large"
"2026-03-25 10:52:25","1001422119","Lemon","","","","0.99","ea","","","2026-03-25","2026-03-31","Produce","https://f.wishabi.net/page_pdf_images/22929802/a52daf90-22e6-11f1-88b6-86cca9b8ebb6/x_large"
"2026-03-25 10:52:26","1001421718","Bar-S Classic Corn Dogs 21.36-oz. Foster Farms Breaded Chicken 24 to 33.6-oz.","","","","20.0","when you buy 4 member price","","Bar-S | Foster Farms","2026-03-25","2026-03-31","Frozen","https://f.wishabi.net/page_pdf_images/22929814/b18a9582-22e6-11f1-a16e-8aabff89317a/x_large"
"2026-03-25 10:52:26","1001422674","Pharmacy","","","","","","","","2026-03-25","2026-03-31","Health & Wellness","https://f.wishabi.net/page_items/413800797/1773894252/extra_large.jpg"
"2026-03-25 10:52:27","1001422073","Jennie-O 93% Lean Ground Turkey","EARN 4x POINTS","","","5.99","lb member price","","Jennie-O","2026-03-25","2026-03-31","Meat & Seafood","https://f.wishabi.net/page_pdf_images/22929802/b5e25b1a-22e6-11f1-88b6-86cca9b8ebb6/x_large"
"2026-03-25 10:52:27","1001423274","Kleenex Facial Tissue","","","","6.99","ea member price","","Kleenex","2026-03-25","2026-03-31","Household","https://f.wishabi.net/page_items/413641782/1773894244/extra_large.jpg"
"2026-03-25 10:52:27","1001422235","Doritos Tortilla Chips","EARN 4x POINTS","","","1.99","ea member price when you buy 3","","Doritos","2026-03-25","2026-03-31","Snacks","https://f.wishabi.net/page_pdf_images/22929802/af08584e-22e6-11f1-88b6-86cca9b8ebb6/x_large"
"2026-03-25 10:52:28","1001423253","M & M' s Singles","","","","1.49","ea member price","","M&Ms","2026-03-25","2026-03-31","Snacks","https://f.wishabi.net/page_items/413641715/1773894239/extra_large.jpg"
"2026-03-25 10:52:28","1001422182","ReadyMeals® Entrée Salad","","","","6.99","ea member price","","ReadyMeals®","2026-03-25","2026-03-31","Deli & Prepared Foods","https://f.wishabi.net/page_pdf_images/22929802/a63036b0-22e6-11f1-88b6-86cca9b8ebb6/x_large"
"2026-03-25 10:52:28","1001421821","Cake Slice","","","2 for","5.0","member price","","","2026-03-27","2026-03-27","Bakery","https://f.wishabi.net/page_pdf_images/22929814/a6405432-22e6-11f1-a16e-8aabff89317a/x_large"
"2026-03-25 10:52:29","1001422207","Kaukauna Cheese Ball or Log","BUY 1 GET 1 FREE When you buy 2 Member Price","","","","","","Kaukauna","2026-03-25","2026-03-31","Dairy & Eggs","https://f.wishabi.net/page_pdf_images/22929802/b7a9d31a-22e6-11f1-88b6-86cca9b8ebb6/x_large"
"2026-03-25 10:52:29","1001421803","Sutter Home","","","","5.0","ea member price","","Sutter Home","2026-03-27","2026-03-27","Beverages","https://f.wishabi.net/page_pdf_images/22929814/c14bec6e-22e6-11f1-a16e-8aabff89317a/x_large"
"2026-03-25 10:52:30","1001421836","Value Corner® Bath Tissue 12-Rolls. Paper Towels 6-Rolls.","","","","5.0","ea member price","","Value Corner®","2026-03-27","2026-03-27","Household","https://f.wishabi.net/page_pdf_images/22929814/a28bd1e0-22e6-11f1-a16e-8aabff89317a/x_large"
"2026-03-25 10:52:30","1001421894","Signature SELECT® Peeled Baby-Cut Carrots","EARN 4X POINTS","","","1.99","ea member price","","Signature SELECT®","2026-03-25","2026-03-31","Produce","https://f.wishabi.net/page_pdf_images/22929817/9c69dad2-22e6-11f1-b5d9-9e11b467d70f/x_large"
"2026-03-25 10:52:31","1001422125","USDA Choice Boneless Beef Bottom Round Thin Cut Steak or USDA Choice Chuck Cross Rib Boneless Thin Cut Steak","","","","9.99","lb member price","","","2026-03-25","2026-03-31","Meat & Seafood","https://f.wishabi.net/page_pdf_images/22929802/9c4027be-22e6-11f1-88b6-86cca9b8ebb6/x_large"
"2026-03-25 10:52:31","1001421880","Naked Juice","EARN 2X POINTS","","2 for","7.0","member price","","Naked Juice","2026-03-25","2026-03-31","Beverages","https://f.wishabi.net/page_pdf_images/22929817/9a81f7ea-22e6-11f1-b5d9-9e11b467d70f/x_large"
"2026-03-25 10:52:31","1001421577","Signature SELECT® Boneless Skinless Chicken Breasts","","","","1.99","lb member price","","Signature SELECT®","2026-03-25","2026-03-31","Meat & Seafood","https://f.wishabi.net/page_items/413641791/1773894234/extra_large.jpg"
"2026-03-25 10:52:32","1001421605","Signature SELECT® Russet Potatoes 5-lb. bag. Sold by the each. Broccoli Crowns Sold by the pound.","","","","1.99","member price","","Signature SELECT®","2026-03-25","2026-03-31","Produce","https://f.wishabi.net/page_pdf_images/22929797/a19d590c-22e6-11f1-9b87-1e1f5384a5b7/x_large"
"2026-03-25 10:52:32","1001421691","Royal Asia Seafood","","","","20.0","when you buy 4 member price","","Royal Asia","2026-03-25","2026-03-31","Frozen","https://f.wishabi.net/page_pdf_images/22929814/b5124ace-22e6-11f1-a16e-8aabff89317a/x_large"
"2026-03-25 10:52:32","1001422191","La Mexicana Salsa or Deli Tortilla Chips","","","Starting at","3.99","ea member price","","La Mexicana","2026-03-25","2026-03-31","Deli & Prepared Foods","https://f.wishabi.net/page_items/413641608/1773894243/extra_large.jpg"
"2026-03-25 10:52:33","1001422269","Celsius Sparkling Energy","EARN 4x POINTS","","2 for","4.0","member price","","Celsius","2026-03-25","2026-03-31","Beverages","https://f.wishabi.net/page_pdf_images/22929802/ae2172f8-22e6-11f1-88b6-86cca9b8ebb6/x_large"
"2026-03-25 10:52:34","1001421508","Strawberries 1-lb. Blueberries, Raspberries or Blackberries 6-oz.","","","2 for","5.0","member price","","","2026-03-25","2026-03-31","Produce","https://f.wishabi.net/page_pdf_images/22929797/b147240a-22e6-11f1-9b87-1e1f5384a5b7/x_large"
"2026-03-25 10:52:35","1001421597","USDA Choice Boneless Beef Chuck Cross Rib Roast or Bottom Round Roast","","","","5.99","lb member price","","","2026-03-25","2026-03-31","Meat & Seafood","https://f.wishabi.net/page_pdf_images/22929797/a0436678-22e6-11f1-9b87-1e1f5384a5b7/x_large"
"2026-03-25 10:52:35","1001421825","Chicken MEAL DEAL","","","","15.0","ea member price","","","2026-03-25","2026-05-26","Deli & Prepared Foods","https://f.wishabi.net/page_pdf_images/22929816/ac9264c4-22e6-11f1-9f41-46e8e4660de4/x_large"
"2026-03-25 10:52:36","1001422044","USDA Choice Beef for Stew Meat or Cube Steak","EARN 2x POINTS","","","9.99","lb member price","","","2026-03-25","2026-03-31","Meat & Seafood","https://f.wishabi.net/page_items/413641566/1773894226/extra_large.jpg"
"2026-03-25 10:52:36","1001421701","Marc Angelo Meat Skewers 9.87 to 11.28-oz. Selected varieties. Tyson All Natural Premium Cornish Hen 16-oz.","","","","20.0","when you buy 4 member price","","Marc Angelo | Tyson","2026-03-25","2026-03-31","Meat & Seafood","https://f.wishabi.net/page_pdf_images/22929814/9b363aca-22e6-11f1-a16e-8aabff89317a/x_large"
"2026-03-25 10:52:37","1001421714","Wild Alaskan Pollock 4-Piece, Fresh Sushi Made Fresh Daily","","","","5.0","ea member price","","","2026-03-27","2026-03-27","Meat & Seafood","https://f.wishabi.net/page_pdf_images/22929814/aef2b23c-22e6-11f1-a16e-8aabff89317a/x_large"
"2026-03-25 10:52:37","1001421789","Klondike Ice Cream Bars 4 to 6-ct. Talenti Gelato","","","2 for","5.0","member price","","Klondike | Talenti","2026-03-27","2026-03-27","Frozen","https://f.wishabi.net/page_pdf_images/22929814/bddbac54-22e6-11f1-a16e-8aabff89317a/x_large"
"2026-03-25 10:52:37","1001421929","Tazo Tea Concentrate","","","","3.99","member price","","Tazo","2026-03-25","2026-03-31","Beverages","https://f.wishabi.net/page_pdf_images/22929817/a90107a2-22e6-11f1-b5d9-9e11b467d70f/x_large"
"2026-03-25 10:52:38","1001422252","Strawberry Cheesecake","","","","16.99","member price","","","2026-03-25","2026-03-31","Bakery","https://f.wishabi.net/page_pdf_images/22929802/a44c458c-22e6-11f1-88b6-86cca9b8ebb6/x_large"
"2026-03-25 10:52:38","1001421567","Signature SELECT® 80% Lean Ground Beef Mega Pack","","","","4.99","lb member price","","Signature SELECT®","2026-03-25","2026-03-31","Meat & Seafood","https://f.wishabi.net/page_pdf_images/22929797/c0f1d580-22e6-11f1-9b87-1e1f5384a5b7/x_large"
"2026-03-25 10:52:39","1001421598","Quaker Cereal 10.3 to 13-oz. Cap'n Crunch's or Life. Instant Oatmeal 8.4 to 14.1-oz., Chewy Granola Bars 5 to 8-ct., Post Cereal 10 to 12-oz.","EARN 4x POINTS","","","1.99","ea member price when you buy 4","","Quaker | Post","2026-03-25","2026-03-31","Pantry","https://f.wishabi.net/page_pdf_images/22929797/9ab3f682-22e6-11f1-9b87-1e1f5384a5b7/x_large"
"2026-03-25 10:52:39","1001421870","FISH FILLET Sandwich","","","","5.0","ea","","","2026-03-25","2026-04-02","Deli & Prepared Foods","https://f.wishabi.net/page_items/413641884/1773894228/extra_large.jpg"
"2026-03-25 10:52:40","1001421908","Alouette Cheese Spread","","","","4.49","ea member price","","Alouette Cheese","2026-03-25","2026-03-31","Dairy & Eggs","https://f.wishabi.net/page_pdf_images/22929817/9d60bf96-22e6-11f1-b5d9-9e11b467d70f/x_large"
"2026-03-25 10:52:40","1001421943","Doritos or Cheetos Minis","BUY 1 GET 1 FREE When you buy 2 Member Price","","","","","","Doritos | Cheetos","2026-03-25","2026-03-31","Snacks","https://f.wishabi.net/page_pdf_images/22929817/a02ee4dc-22e6-11f1-b5d9-9e11b467d70f/x_large"
"2026-03-25 10:52:40","1001422090","Jumbo Cooked Shrimp","","","","9.99","lb member price","","","2026-03-25","2026-03-31","Meat & Seafood","https://f.wishabi.net/page_pdf_images/22929802/a36701ca-22e6-11f1-88b6-86cca9b8ebb6/x_large"
"2026-03-25 10:52:41","1001422266","Dutch Essence Rose Bouquet","","","","15.99","member price","","","2026-03-25","2026-03-31","Floral","https://f.wishabi.net/page_pdf_images/22929802/9fdba718-22e6-11f1-88b6-86cca9b8ebb6/x_large"
"2026-03-25 10:52:41","1001422314","La Crema Sonoma, Wente Riva Ranch or J. Lohr Seven Oaks","","","","13.99","ea member price when you buy 6 or more","","La Crema | Wente Riva | J. Lohr","2026-03-25","2026-03-31","Beverages","https://f.wishabi.net/page_pdf_images/22929802/bca8de2e-22e6-11f1-88b6-86cca9b8ebb6/x_large"
"2026-03-25 10:52:41","1001422320","Ziploc Storage or Freezer Bags","Earn 4x POINTS","","","6.99","member price","","Ziploc","2026-03-25","2026-03-31","Household","https://f.wishabi.net/page_pdf_images/22929802/9936ccb2-22e6-11f1-88b6-86cca9b8ebb6/x_large"
"2026-03-25 10:52:42","1001422854","Clorox Disinfecting Wipes","","","","14.99","ea","15.99","Clorox","2026-03-25","2026-03-31","Household","https://f.wishabi.net/page_pdf_images/22929819/b9834fb8-22e6-11f1-b1d2-a2209e5a922d/x_large"
"2026-03-25 10:52:42","1001422896","Harry's Cartridge Refills","EARN 4x POINTS","","","10.99","member price","","Harry’s","2026-03-25","2026-03-31","Personal Care","https://f.wishabi.net/page_pdf_images/22929819/c0a3eec4-22e6-11f1-b1d2-a2209e5a922d/x_large"
"2026-03-25 10:52:43","1001422931","Built Bars","EARN 4X POINTS","","","8.99","member price","","BUILT","2026-03-18","2026-03-31","Snacks","https://f.wishabi.net/page_pdf_images/22929819/b20eaa70-22e6-11f1-b1d2-a2209e5a922d/x_large"
"2026-03-25 10:52:43","1001423135","Hillshire Farm Lunchmeat","","","","4.99","ea member price","","Hillshire Farm","2026-03-25","2026-03-31","Deli & Prepared Foods","https://f.wishabi.net/page_items/413641667/1773894228/extra_large.jpg"
"2026-03-25 10:52:43","1001423207","Signature SELECT® Pizza","EARN 4X POINTS","","","3.99","ea member price","","Signature SELECT®","2026-03-25","2026-03-31","Frozen","https://f.wishabi.net/page_items/413641700/1773894235/extra_large.jpg"
"2026-03-25 10:52:44","1001422052","Open Nature® Lamb Loin Chops","","","","10.99","lb member price","","OPEN NATURE®","2026-03-25","2026-03-31","Meat & Seafood","https://f.wishabi.net/page_pdf_images/22929802/a9a8014c-22e6-11f1-88b6-86cca9b8ebb6/x_large"
"2026-03-25 10:52:44","1001422175","Sumo Citrus","EARN 2x POINTS","","","5.99","ea member price","","Sumo Citrus","2026-03-25","2026-03-31","Produce","https://f.wishabi.net/page_pdf_images/22929802/a4561454-22e6-11f1-88b6-86cca9b8ebb6/x_large"
"2026-03-25 10:52:45","1001421800","Ragú Pasta Sauce 16 to 24-oz. Kraft Salad Dressing 16-oz. Mt. Olive Pickles 24-oz.","","","2 for","5.0","member price","","Ragú | Mt. Olive | Kraft","2026-03-27","2026-03-27","Pantry","https://f.wishabi.net/page_pdf_images/22929814/bf8ff7ee-22e6-11f1-a16e-8aabff89317a/x_large"
"2026-03-25 10:52:45","1001421809","Crystal Geyser Alpine Spring Water Gallon. Signature SELECT® Soda or Seltzer 2-ltr.","","","5 for","5.0","member price","","Crystal Geyser | Signature SELECT®","2026-03-27","2026-03-27","Beverages","https://f.wishabi.net/page_pdf_images/22929814/c2e710b2-22e6-11f1-a16e-8aabff89317a/x_large"
"2026-03-25 10:52:45","1001422009","Keebler Cookies","EARN 4X POINTS","","2 for","7.0","member price","","Keebler","2026-03-25","2026-03-31","Snacks","https://f.wishabi.net/page_pdf_images/22929817/aabb55a2-22e6-11f1-b5d9-9e11b467d70f/x_large"
"2026-03-25 10:52:45","1001422166","Fresh Express Salad Kit","","","","2.99","ea member price","","Fresh Express","2026-03-25","2026-03-31","Produce","https://f.wishabi.net/page_pdf_images/22929802/9b47879e-22e6-11f1-88b6-86cca9b8ebb6/x_large"
"2026-03-25 10:52:46","1001422179","Boar's Head PitCraft Slow Smoked Turkey Breast Or Havarti Cheese","","","","12.99","lb member price","","Boar's Head","2026-03-25","2026-03-31","Deli & Prepared Foods","https://f.wishabi.net/page_pdf_images/22929802/a1a896b4-22e6-11f1-88b6-86cca9b8ebb6/x_large"
"2026-03-25 10:52:46","1001422203","Hass Avocado","","","3 for","5.0","member price","","","2026-03-25","2026-03-31","Produce","https://f.wishabi.net/page_pdf_images/22929802/9b0e3ade-22e6-11f1-88b6-86cca9b8ebb6/x_large"
"2026-03-25 10:52:47","1001422281","Signature SELECT® Sunflowers","","","","7.99","","","Signature SELECT","2026-03-25","2026-03-31","Floral","https://f.wishabi.net/page_pdf_images/22929802/9fc5a09e-22e6-11f1-88b6-86cca9b8ebb6/x_large"
"2026-03-25 10:52:47","1001422734","L' Oréal EverPure Shampoo or Conditioner","EARN 4X POINTS","","","9.99","member price","","L ORÉAL","2026-03-18","2026-03-31","Personal Care","https://f.wishabi.net/page_pdf_images/22929819/bac22980-22e6-11f1-b1d2-a2209e5a922d/x_large"
"2026-03-25 10:52:48","1001423256","Sparkling Ice","","","","6.49","ea member price","","Sparkling Ice","2026-03-25","2026-03-31","Beverages","https://f.wishabi.net/page_items/413641774/1773894240/extra_large.jpg"
"2026-03-25 10:52:49","1001421888","Signature SELECT® Roasted & Salted In-Shell Pistachios","EARN 2x POINTS","","","5.0","ea member price","","Signature SELECT®","2026-03-25","2026-03-31","Snacks","https://f.wishabi.net/page_pdf_images/22929817/9b8a3904-22e6-11f1-b5d9-9e11b467d70f/x_large"
"2026-03-25 10:52:49","1001421953","Lindy's Italian Ice","","","2 for","4.0","member price","","Lindy's","2026-03-25","2026-03-31","Frozen","https://f.wishabi.net/page_pdf_images/22929817/aaa82220-22e6-11f1-b5d9-9e11b467d70f/x_large"
"2026-03-25 10:52:50","1001421962","KIND Nutrition Bar","","","","0.88","member price","","Kind","2026-03-25","2026-03-31","Snacks","https://f.wishabi.net/page_pdf_images/22929817/a3973200-22e6-11f1-b5d9-9e11b467d70f/x_large"
"2026-03-25 10:52:50","1001422317","Tito's 750-ml., High Noon 8-pack, 355-ml. cans. Captain Morgan 1.75-ltr.","","","","17.99","member price","","Tito's | High Noon | Captain Morgan","2026-03-25","2026-03-31","Beverages","https://f.wishabi.net/page_pdf_images/22929802/bd6f3592-22e6-11f1-88b6-86cca9b8ebb6/x_large"
"2026-03-25 10:52:51","1001422342","Clos du Bois, Edna Valley or OZV","","","","7.99","ea member price when you buy 6 or more","","Clos du Bois | Edna Valley | OZV","2026-03-25","2026-03-31","Beverages","https://f.wishabi.net/page_pdf_images/22929802/b9498a8a-22e6-11f1-88b6-86cca9b8ebb6/x_large"
"2026-03-25 10:52:51","1001421965","Slim Jim Meat Snack","","","4 for","5.0","member price","","Slim Jim","2026-03-25","2026-03-31","Snacks","https://f.wishabi.net/page_pdf_images/22929817/a10b1042-22e6-11f1-b5d9-9e11b467d70f/x_large"
"2026-03-25 10:52:52","1001422068","Chicken Party Wings","","","","3.99","lb member price","","","2026-03-25","2026-03-31","Meat & Seafood","https://f.wishabi.net/page_pdf_images/22929802/a9bf8cea-22e6-11f1-88b6-86cca9b8ebb6/x_large"
"2026-03-25 10:52:52","1001422282","Amarillo Sol Bouquet","","","","14.99","","","","2026-03-25","2026-03-31","Floral","https://f.wishabi.net/page_pdf_images/22929802/99409e0e-22e6-11f1-88b6-86cca9b8ebb6/x_large"
"2026-03-25 10:52:53","1001422312","Jumbo Artichoke","","","2 for","6.0","member price","","","2026-03-25","2026-03-31","Produce","https://f.wishabi.net/page_pdf_images/22929802/a0bfc9d4-22e6-11f1-88b6-86cca9b8ebb6/x_large"
"2026-03-25 10:52:53","1001421972","Cattleman's Cut Smoked Sticks","","","","15.99","member price","","Cattleman's Cut","2026-03-25","2026-03-31","Snacks","https://f.wishabi.net/page_pdf_images/22929817/a2ad96b8-22e6-11f1-b5d9-9e11b467d70f/x_large"
"2026-03-25 10:52:53","1001422593","Sensodyne Toothpaste","","","","7.99","member price","","Sensodyne","2026-03-18","2026-03-31","Personal Care","https://f.wishabi.net/page_pdf_images/22929818/b46ed876-22e6-11f1-b3e7-665c001660f7/x_large"
"2026-03-25 10:52:54","1001422819","Crest Toothpaste or Scope Mouthwash","EARN 4X POINTS","","","6.99","member price","","Crest | Scope","2026-03-18","2026-03-31","Personal Care","https://f.wishabi.net/page_pdf_images/22929819/d2d17878-22e6-11f1-b1d2-a2209e5a922d/x_large"
"2026-03-25 10:52:54","1001422208","Fresh Baked Cookies","","","","4.99","member price","","","2026-03-25","2026-03-31","Bakery","https://f.wishabi.net/page_pdf_images/22929802/a27e23e2-22e6-11f1-88b6-86cca9b8ebb6/x_large"
"2026-03-25 10:52:55","1001421989","Rao's Pasta Sauce","EARN 2X POINTS","","","7.99","member price","","Rao's","2026-03-25","2026-03-31","Pantry","https://f.wishabi.net/page_pdf_images/22929817/a4acafe4-22e6-11f1-b5d9-9e11b467d70f/x_large"
"2026-03-25 10:52:55","1001423198","Frank's RedHot Sauce","","","","3.49","ea member price","","Frank's","2026-03-25","2026-03-31","Pantry","https://f.wishabi.net/page_items/413641697/1773894234/extra_large.jpg"
"2026-03-25 10:52:55","1001421829","Tim's Cascade or Hawaiian Potato Chips","","","2 for","5.0","member price","","Tim's | Hawaiian","2026-03-27","2026-03-27","Snacks","https://f.wishabi.net/page_pdf_images/22929814/9c543736-22e6-11f1-a16e-8aabff89317a/x_large"
"2026-03-25 10:52:56","1001421703","St. Louis Style Ribs","","","","5.0","member price","","","2026-03-27","2026-03-27","Meat & Seafood","https://f.wishabi.net/page_items/413641835/1773894232/extra_large.jpg"
"2026-03-25 10:52:56","1001422413","Hershey Share Size Candy","EARN 4X POINTS","","","6.99","member price","","Hershey's","2026-03-18","2026-03-31","Snacks","https://f.wishabi.net/page_pdf_images/22929818/c17ef12c-22e6-11f1-b3e7-665c001660f7/x_large"
"2026-03-25 10:52:56","1001421964","Best Foods Mayonnaise","EARN 2X POINTS","","","8.99","member price","","Best Foods","2026-03-25","2026-03-31","Pantry","https://f.wishabi.net/page_pdf_images/22929817/ac72cf42-22e6-11f1-b5d9-9e11b467d70f/x_large"
"2026-03-25 10:52:57","1001422150","Kellogg's Eggo Waffles","EARN 4X POINTS","","","5.99","member price","","Kellogg's","2026-03-25","2026-03-31","Frozen","https://f.wishabi.net/page_pdf_images/22929802/ad3b8888-22e6-11f1-88b6-86cca9b8ebb6/x_large"
"2026-03-25 10:52:57","1001421711","Fresh Atlantic Salmon Whole Fillet","","","","5.0","lb member price","","","2026-03-27","2026-03-27","Meat & Seafood","https://f.wishabi.net/page_pdf_images/22929814/bcf3c54c-22e6-11f1-a16e-8aabff89317a/x_large"
"2026-03-25 10:52:58","1001421787","Big Shoulders Entrée 16-oz. Foster Farms Corn Dogs 29.3 to 42.7-oz.","","","","5.0","ea member price","","Big Shoulders | Foster Farms","2026-03-27","2026-03-27","Frozen","https://f.wishabi.net/page_pdf_images/22929814/9d3ab83c-22e6-11f1-a16e-8aabff89317a/x_large"
"2026-03-25 10:52:58","1001422292","Signature SELECT® Stargazer or White Lilies","","","","9.99","member price","","Signature SELECT®","2026-03-25","2026-03-31","Floral","https://f.wishabi.net/page_pdf_images/22929802/a7ed8426-22e6-11f1-88b6-86cca9b8ebb6/x_large"
"2026-03-25 10:52:59","1001423267","Michelob Coors or Bud","","","","22.99","ea member price","","Michelob Coors | Bud","2026-03-25","2026-03-31","Beverages","https://f.wishabi.net/page_items/413641779/1773894242/extra_large.jpg"
"2026-03-25 10:52:59","1001421771","Hatfield Marinated Pork","","","","5.0","ea member price","","Hatfield","2026-03-27","2026-03-27","Meat & Seafood","https://f.wishabi.net/page_pdf_images/22929814/9a4aadee-22e6-11f1-a16e-8aabff89317a/x_large"
"2026-03-25 10:52:59","1001422335","Topo Chico, Athletic or Bear Republic","","","","17.99","member price","","Topo Chico | Athletic | Bear Republic","2026-03-25","2026-03-31","Beverages","https://f.wishabi.net/page_pdf_images/22929802/bafa300a-22e6-11f1-88b6-86cca9b8ebb6/x_large"
"2026-03-25 10:53:00","1001422032","Krusteaz Baking Mix","","","","3.49","ea member price","","Krusteaz","2026-03-25","2026-03-31","Pantry","https://f.wishabi.net/page_pdf_images/22929817/ab9bf404-22e6-11f1-b5d9-9e11b467d70f/x_large"
"2026-03-25 10:53:00","1001421923","Galbani Fresh Mozzarella","","","","5.99","ea member price","","Galbani","2026-03-25","2026-03-31","Dairy & Eggs","https://f.wishabi.net/page_pdf_images/22929817/9f4da8e6-22e6-11f1-b5d9-9e11b467d70f/x_large"
"2026-03-25 10:53:01","1001422836","Always Ultra Thin or Maxi Pads","EARN 4X POINTS","","","10.99","member price","","Always","2026-03-18","2026-03-31","Personal Care","https://f.wishabi.net/page_pdf_images/22929819/d2f1a422-22e6-11f1-b1d2-a2209e5a922d/x_large"
"2026-03-25 10:53:01","1001422261","Large Mango","","","2 for","3.0","member price","","","2026-03-25","2026-03-31","Produce","https://f.wishabi.net/page_pdf_images/22929802/a5424612-22e6-11f1-88b6-86cca9b8ebb6/x_large"
"2026-03-25 10:53:01","1001422070","Signature SELECT® Extra Meaty Pork Loin Back Ribs","","","","4.99","lb member price","","Signature SELECT","2026-03-25","2026-03-31","Meat & Seafood","https://f.wishabi.net/page_pdf_images/22929802/9a40556a-22e6-11f1-88b6-86cca9b8ebb6/x_large"
"2026-03-25 10:53:02","1001422152","Hot House Tomatoes","","","","2.99","lb member price","","","2026-03-25","2026-03-31","Produce","https://f.wishabi.net/page_pdf_images/22929802/ab8a3e76-22e6-11f1-88b6-86cca9b8ebb6/x_large"
"2026-03-25 10:53:02","1001422084","Fresh True Cod Fillets","","","","10.99","lb member price","","","2026-03-25","2026-03-31","Meat & Seafood","https://f.wishabi.net/page_pdf_images/22929802/9d3b8384-22e6-11f1-88b6-86cca9b8ebb6/x_large"
"2026-03-25 10:53:03","1001421984","Kashi Cereal","","","","3.99","ea member price","","Kashi","2026-03-25","2026-03-31","Pantry","https://f.wishabi.net/page_pdf_images/22929817/a5986858-22e6-11f1-b5d9-9e11b467d70f/x_large"
"2026-03-25 10:53:03","1001421766","Signature SELECT® Angel Sweet Tomatoes 10-oz. Romaine Hearts 3-ct., Mini Cucumbers 1-lb.","","","2 for","5.0","member price","","Signature SELECT®","2026-03-27","2026-03-27","Produce","https://f.wishabi.net/page_pdf_images/22929814/a54a4ac4-22e6-11f1-a16e-8aabff89317a/x_large"
"2026-03-25 10:53:04","1001421833","Lovely Rose Bouquet","","","","5.0","ea member price","","","2026-03-27","2026-03-27","Floral","https://f.wishabi.net/page_pdf_images/22929814/a987b022-22e6-11f1-a16e-8aabff89317a/x_large"
"2026-03-25 10:53:04","1001422350","Safeway Stock up","","","","","","","","2026-03-25","2026-03-31","Other","https://f.wishabi.net/page_items/413799735/1773894259/extra_large.jpg"
"2026-03-25 10:53:04","1001422138","Muffins","EARN 4X POINTS","","","4.99","member price","","","2026-03-25","2026-03-31","Bakery","https://f.wishabi.net/page_pdf_images/22929802/ac6ebe98-22e6-11f1-88b6-86cca9b8ebb6/x_large"
"2026-03-25 10:53:05","1001421958","Like Air Puffcorn","","","","2.99","member price","","Like Air","2026-03-25","2026-03-31","Snacks","https://f.wishabi.net/page_pdf_images/22929817/a0170150-22e6-11f1-b5d9-9e11b467d70f/x_large"
"2026-03-25 10:53:05","1001422015","Kellogg's Cereal","","","","3.99","ea member price","","Kellogg's","2026-03-25","2026-03-31","Pantry","https://f.wishabi.net/page_pdf_images/22929817/a667037a-22e6-11f1-b5d9-9e11b467d70f/x_large"
"2026-03-25 10:53:05","1001422291","Mike's Mighty Good Ramen Soup","EARN 4X POINTS","","2 for","4.0","member price","","Mike's Mighty Good","2026-03-25","2026-03-31","Pantry","https://f.wishabi.net/page_pdf_images/22929802/afe7e6b2-22e6-11f1-88b6-86cca9b8ebb6/x_large"
"2026-03-25 10:53:06","1001422493","Gerber Baby Food","","","2 for","4.0","member price","","Gerber","2026-03-18","2026-03-31","Pantry","https://f.wishabi.net/page_pdf_images/22929818/d00a3b2a-22e6-11f1-b3e7-665c001660f7/x_large"
"2026-03-25 10:53:06","1001422889","Irish Spring or Softsoap Body Wash","EARN 4X POINTS","","","4.99","ea","6.99","Irish Spring | Softsoap","2026-03-18","2026-03-31","Personal Care","https://f.wishabi.net/page_pdf_images/22929819/b67d92c4-22e6-11f1-b1d2-a2209e5a922d/x_large"
"2026-03-25 10:53:07","1001421717","Waterfront Bistro® Crispy Calamari or Tempura Shrimp with Sauce","","","","20.0","when you buy 4 member price","","WATERFRONT BISTRO®","2026-03-25","2026-03-31","Frozen","https://f.wishabi.net/page_pdf_images/22929814/b36c2f96-22e6-11f1-a16e-8aabff89317a/x_large"
"2026-03-25 10:53:07","1001421705","Waterfront Bistro® Smoked Salmon","PICK 4","","","20.0","","","WATERFRONT BISTRO®","2026-03-25","2026-03-31","Meat & Seafood","https://f.wishabi.net/page_pdf_images/22929814/ba53f7ee-22e6-11f1-a16e-8aabff89317a/x_large"
"2026-03-25 10:53:08","1001423279","Zoa Energy","","","","1.99","ea member price","","ZOA Energy","2026-03-25","2026-03-31","Beverages","https://f.wishabi.net/page_items/413641776/1773894241/extra_large.jpg"
"2026-03-25 10:53:08","1001421702","Gorton's Seafood Selections","","","","20.0","when you buy 4 member price","","Gorton's","2026-03-25","2026-03-31","Frozen","https://f.wishabi.net/page_pdf_images/22929814/ab6a1ed4-22e6-11f1-a16e-8aabff89317a/x_large"
"2026-03-25 10:53:09","1002717537","Stock up Sale!","","","","","","","","2026-03-25","2026-03-31","Other","https://f.wishabi.net/page_items/414540176/1774384888/extra_large.jpg"
"2026-03-25 10:53:09","1001421596","Ruffles, Cheetos, Simply or Fritos","BUY 2 GET 2 FREE Member Price When you Buy 4","","Single price up to","5.49","ea","","Ruffles | Cheetos | Simply | Fritos","2026-03-25","2026-03-31","Snacks","https://f.wishabi.net/page_pdf_images/22929797/a3cdd954-22e6-11f1-9b87-1e1f5384a5b7/x_large"
"2026-03-25 10:53:10","1001421488","Signature SELECT® Assorted Pork Loin Chops","BUY 1 GET 1 FREE Member Price When you Buy 2","","","","","","Signature SELECT®","2026-03-25","2026-03-31","Meat & Seafood","https://f.wishabi.net/page_items/413641423/1773894225/extra_large.jpg"
"2026-03-25 10:53:10","1001421551","Lean Cuisine Entrée 6 to 11-oz. Stouffer's Mid Tier Entrée 8.37 to 12.62-oz. Favorites 8.5 to 11.5-oz. Side 12-oz.","EARN 4X POINTS","","","1.99","ea member price","","Lean Cuisine | Stouffer's","2026-03-25","2026-03-31","Frozen","https://f.wishabi.net/page_items/413641477/1773894232/extra_large.jpg"
"2026-03-25 10:53:10","1001421604","Autumn Crisp Green or Red Seedless Grapes","","","","2.49","lb member price","","","2026-03-25","2026-03-31","Produce","https://f.wishabi.net/page_pdf_images/22929797/b5924832-22e6-11f1-9b87-1e1f5384a5b7/x_large"
"2026-03-25 10:53:11","1001423215","Pepperidge Farm Milano, Chunk or Sweet & Simple Cookies","","","","3.99","ea member price","","Pepperidge Farm","2026-03-25","2026-03-31","Snacks","https://f.wishabi.net/page_items/413641706/1773894237/extra_large.jpg"
"2026-03-25 10:53:12","1001423234","Nerds Gummy Clusters","EARN 4X POINTS","","","3.49","ea member price","","Nerds","2026-03-25","2026-03-31","Snacks","https://f.wishabi.net/page_items/413641712/1773894238/extra_large.jpg"
"2026-03-25 10:53:12","1001423134","Lawry's Marinade 12-oz., French's Classic Yellow Mustard 20-oz.","","","","1.99","ea member price","","Lawry's | French's","2026-03-25","2026-03-31","Pantry","https://f.wishabi.net/page_items/413641685/1773894232/extra_large.jpg"
"2026-03-25 10:53:13","1001423132","Signature SELECT® Soup","","","","5.99","ea member price","","Signature SELECT®","2026-03-25","2026-03-31","Pantry","https://f.wishabi.net/page_items/413641673/1773894229/extra_large.jpg"
"2026-03-25 10:53:13","1001423173","73700702,67557519's Killer Thin-Sliced Bread 20.5-oz. Sun-Maid Raisin Bread 16-oz.","","","","4.99","ea member price","","Dave's Killer | Sun-Maid","2026-03-25","2026-03-31","Bakery","https://f.wishabi.net/page_items/413641676/1773894229/extra_large.jpg"
"2026-03-25 10:53:13","1001423269","Pure Leaf Tea 18.5-oz. Propel Electrolyte Beverage 24-oz. Selected varieties. Gatorade Purified Water","","","","1.19","ea member price","","Pure Leaf | Propel | Gatorade","2026-03-25","2026-03-31","Beverages","https://f.wishabi.net/page_items/413641781/1773894243/extra_large.jpg"
"2026-03-25 10:53:14","1001423197","Land O'Lakes Butter","","","","3.49","ea member price","","Land O'Lakes","2026-03-25","2026-03-31","Dairy & Eggs","https://f.wishabi.net/page_items/413641694/1773894234/extra_large.jpg"
"2026-03-25 10:53:14","1001423258","Jose Cuervo","","","","10.99","ea member price","","Jose Cuervo","2026-03-25","2026-03-31","Beverages","https://f.wishabi.net/page_items/413641778/1773894242/extra_large.jpg"
"2026-03-25 10:53:15","1001423287","Safeway for u","","","","","","","","2026-03-25","2026-03-31","Other","https://f.wishabi.net/page_items/413799376/1773894245/extra_large.jpg"
"2026-03-25 10:53:15","1001423254","Tide Laundry Detergent","","","","9.99","ea member price","","Tide","2026-03-25","2026-03-31","Household","https://f.wishabi.net/page_items/413641722/1773894242/extra_large.jpg"
"2026-03-25 10:53:16","1001421502","Waterfront Bistro® Colossal Raw Shrimp","","","","5.99","lb member price","","WATERFRONT BISTRO®","2026-03-25","2026-03-31","Meat & Seafood","https://f.wishabi.net/page_items/413641437/1773894226/extra_large.jpg"
"2026-03-25 10:53:16","1001421520","CHICKEN WINGS","EARN 4X POINTS","","","6.99","lb member price","","","2026-03-25","2026-03-31","Meat & Seafood","https://f.wishabi.net/page_pdf_images/22929797/beee39b8-22e6-11f1-9b87-1e1f5384a5b7/x_large"
"2026-03-25 10:53:16","1001421519","Chobani Greek, Less Sugar or Zero Sugar 5.3-oz. Flip, Creations or Protein Greek Yogurt 4.5 to 6.7-oz.","EARN 4X POINTS","","","0.89","ea member price","","Chobani","2026-03-25","2026-03-31","Dairy & Eggs","https://f.wishabi.net/page_items/413641451/1773894228/extra_large.jpg"
"2026-03-25 10:53:17","1001422127","O Organics® Tofu","EARN 4X POINTS","","","2.99","member price","","O Organics®","2026-03-25","2026-03-31","Produce","https://f.wishabi.net/page_pdf_images/22929802/b28a7a06-22e6-11f1-88b6-86cca9b8ebb6/x_large"
"2026-03-25 10:53:17","1001422113","Pillsbury Cinnamon Rolls, Grands! Biscuits or Crescents","EARN 4x POINTS","","","1.99","ea when you buy 2 member price","","Pillsbury","2026-03-25","2026-03-31","Dairy & Eggs","https://f.wishabi.net/page_pdf_images/22929802/b36db334-22e6-11f1-88b6-86cca9b8ebb6/x_large"
"2026-03-25 10:53:17","1001422110","Signature SELECT® Fuji or Granny Smith Apples","","","","3.99","ea member price","","Signature SELECT®","2026-03-25","2026-03-31","Produce","https://f.wishabi.net/page_pdf_images/22929802/9a13da4e-22e6-11f1-88b6-86cca9b8ebb6/x_large"
"2026-03-25 10:53:18","1001422228","Sandwich Rolls","","","","3.99","member price","","","2026-03-25","2026-03-31","Bakery","https://f.wishabi.net/page_pdf_images/22929802/a7099856-22e6-11f1-88b6-86cca9b8ebb6/x_large"
"2026-03-25 10:53:18","1001421538","Sargento Shredded or Sliced Cheese 5 to 8-oz. Lucerne® Chunk Cheese 6 to 8-oz.","","","","1.99","ea member price","","Sargento | Lucerne®","2026-03-25","2026-03-31","Dairy & Eggs","https://f.wishabi.net/page_items/413641465/1773894229/extra_large.jpg"
"2026-03-25 10:53:19","1001421572","Breyers Ice Cream 1.5-qt. Ben & Jerry's Ice Cream Pint. Ice Cream Bars 4-pack.","EARN 4x POINTS","","","3.49","member price","","Breyers | Ben & Jerry's","2026-03-25","2026-03-31","Frozen","https://f.wishabi.net/page_items/413641801/1773894236/extra_large.jpg"
"2026-03-25 10:53:19","1001421601","Ball Park Hot Dog or Hamburger Buns 14 to 15-oz. Oroweat English Muffins 12.5 to 14.5-oz. Sara Lee Bagels 5-ct. Signature SELECT® Variety Bread 24-oz.","","","","4.49","member price","","Ball Park | Oroweat | Sara Lee | Signature SELECT®","2026-03-25","2026-03-31","Bakery","https://f.wishabi.net/page_pdf_images/22929797/9dcb4cb2-22e6-11f1-9b87-1e1f5384a5b7/x_large"
"2026-03-25 10:53:20","1001421609","Coca-Cola, Pepsi, 7UP or Dr Pepper","BUY 2 GET 2 FREE Member Price When you Buy 4","","","","","","Coca-Cola | Pepsi | 7UP | Dr Pepper","2026-03-25","2026-03-31","Beverages","https://f.wishabi.net/page_pdf_images/22929797/b8243fba-22e6-11f1-9b87-1e1f5384a5b7/x_large"
"2026-03-25 10:53:20","1001421616","Modelo, Corona, Pacifico or Firestone Walker","","","","12.99","ea member price when you buy 2","","Modelo | Corona | Pacifico | Firestone Walker","2026-03-25","2026-03-31","Beverages","https://f.wishabi.net/page_pdf_images/22929797/c244eabc-22e6-11f1-9b87-1e1f5384a5b7/x_large"
"2026-03-25 10:53:20","1001421743","Red, Orange, Yellow or Green Bell Pepper","","","5 for","5.0","member price","","","2026-03-27","2026-03-27","Produce","https://f.wishabi.net/page_pdf_images/22929814/9a4321fa-22e6-11f1-a16e-8aabff89317a/x_large"
"2026-03-25 10:53:21","1001421757","Wild Caught Lobster Tail 3-oz. Previously Frozen. Waterfront Bistro® Cod or Swai Fillets 16-oz.","","","","5.0","ea member price","","WATERFRONT BISTRO®","2026-03-27","2026-03-27","Meat & Seafood","https://f.wishabi.net/page_pdf_images/22929814/a36400ce-22e6-11f1-a16e-8aabff89317a/x_large"
"2026-03-25 10:53:21","1001421689","Signature SELECT® Bone-In Chicken Thighs, Boneless Skinless Chicken Breasts, Boneless Pork Sirloin Chops or Thin Cut","PICK 4","","","20.0","when you buy 4 member price","","Signature SELECT®","2026-03-25","2026-03-31","Meat & Seafood","https://f.wishabi.net/page_pdf_images/22929814/9ffbb832-22e6-11f1-a16e-8aabff89317a/x_large"
"2026-03-25 10:53:22","1001421610","Nabisco Snack Crackers 3.5 to 9.1-oz. Ritz Crackers 8.8 to 13.7-oz. Chips Ahoy! Cookies 9.5 to 13-oz.","EARN 4x POINTS","","","2.49","ea member price","","Nabisco","2026-03-25","2026-03-31","Snacks","https://f.wishabi.net/page_items/413642046/1773894238/extra_large.jpg"
"2026-03-25 10:53:22","1001421615","Pepsi 2-ltr. Rockstar Energy Drink 16-oz. Gatorade 28-oz.","","","","1.19","ea member price","","Pepsi | Rockstar | Gatorade","2026-03-25","2026-03-31","Beverages","https://f.wishabi.net/page_items/413642049/1773894241/extra_large.jpg"
"2026-03-25 10:53:22","1001421692","Bar-S Smoked Bacon 8.8-oz. New York Style Breakfast Sausage 12-oz. Amylu Meatballs 10-oz.","","","","20.0","when you buy 4 member price","","Bar-S | New York Style | Amylu","2026-03-25","2026-03-31","Meat & Seafood","https://f.wishabi.net/page_pdf_images/22929814/a1beb232-22e6-11f1-a16e-8aabff89317a/x_large"
"2026-03-25 10:53:23","1001423118","Waterfront Bistro® Wild Alaskan Pink Salmon","","","","9.99","ea member price","","WATERFRONT BISTRO®","2026-03-25","2026-03-31","Meat & Seafood","https://f.wishabi.net/page_items/413641670/1773894228/extra_large.jpg"
"2026-03-25 10:53:23","1001423131","Philadelphia Cream Cheese 8-oz. Brick only. Reddi Wip Aerosol Whipped Topping 6.5-oz.","","","","2.49","ea member price","","Philadelphia | Reddi Wip |","2026-03-25","2026-03-31","Dairy & Eggs","https://f.wishabi.net/page_items/413641682/1773894231/extra_large.jpg"
"2026-03-25 10:53:23","1001423182","Coffee mate Creamer 28 to 32-oz., Silk Almondmilk 64-oz.","","","","2.99","ea member price","","Coffee mate | Silk","2026-03-25","2026-03-31","Dairy & Eggs","https://f.wishabi.net/page_items/413641691/1773894233/extra_large.jpg"
"2026-03-25 10:53:24","1001421986","Lipton Tea","","","","3.99","member price","","Lipton","2026-03-25","2026-03-31","Beverages","https://f.wishabi.net/page_pdf_images/22929817/a826c92a-22e6-11f1-b5d9-9e11b467d70f/x_large"
"2026-03-25 10:53:24","1001421907","POM Wonderful Tea","EARN 2x POINTS","","2 for","4.0","member price","","POM","2026-03-25","2026-03-31","Beverages","https://f.wishabi.net/page_pdf_images/22929817/a747de18-22e6-11f1-b5d9-9e11b467d70f/x_large"
"2026-03-25 10:53:24","1001423117","Applegate Farms Bacon","","","","4.99","ea member price","","Applegate Farms","2026-03-25","2026-03-31","Meat & Seafood","https://f.wishabi.net/page_items/413641664/1773894227/extra_large.jpg"
"2026-03-25 10:53:25","1001423167","Mary Kitchen Beef Hash 14-oz. SPAM Luncheon Meat 12-oz.","","","","2.99","ea member price","","Mary Kitchen | SPAM","2026-03-25","2026-03-31","Pantry","https://f.wishabi.net/page_items/413641688/1773894232/extra_large.jpg"
"2026-03-25 10:53:25","1001421828","Fresh Pass","5% off","","","","","","","2026-03-25","2026-03-31","Other","https://f.wishabi.net/page_items/413800227/1773894227/extra_large.jpg"
"2026-03-25 10:53:26","1001423133","Daisy Sour Cream","EARN 4x POINTS","","","1.99","ea member price","","Daisy","2026-03-25","2026-03-31","Dairy & Eggs","https://f.wishabi.net/page_items/413641679/1773894230/extra_large.jpg"
"2026-03-25 10:53:26","1001423209","Hunt's Tomatoes 14.5-oz. Ro-Tel Diced Tomatoes 10-oz., Hunt's Manwich 15 to 16-oz., Birds Eye Steamfresh Vegetables 10 to 10.8-oz., Duncan Hines Baking Mix 15 to 18.3-oz.","","","","0.99","ea member price","","Hunt's | Ro-Tel | Birds Eye | Duncan Hines","2026-03-25","2026-03-31","Pantry","https://f.wishabi.net/page_items/413641703/1773894236/extra_large.jpg"
"2026-03-25 10:53:26","1001423228","Lindt Chocolate Truffles","EARN 4X POINTS","","","5.49","ea member price","","Lindt","2026-03-25","2026-03-31","Snacks","https://f.wishabi.net/page_items/413641709/1773894237/extra_large.jpg"
"2026-04-01 11:00:09","1003110754","Signature SELECT® Russet Potatoes","","","","3.99","ea member price","","Signature SELECT®","2026-04-01","2026-04-07","Produce","https://f.wishabi.net/page_pdf_images/22991199/5a55c51c-2853-11f1-aee7-d6d844642db3/x_large"
"2026-04-01 11:00:09","1003110734","Signature SELECT® Classic Ham","","","","0.89","lb member price","","Signature SELECT®","2026-04-01","2026-04-07","Deli & Prepared Foods","https://f.wishabi.net/page_items/414740542/1774493021/extra_large.jpg"
"2026-04-01 11:00:10","1003110741","Fresh Baked Cookies","","","","3.99","member price","","","2026-04-01","2026-04-07","Bakery","https://f.wishabi.net/page_pdf_images/22991199/5ce62aec-2853-11f1-aee7-d6d844642db3/x_large"
"2026-04-01 11:00:10","1003110757","Challenge or Danish Creamery Butter","","","","3.49","ea member price","","Challenge | Danish Creamery","2026-04-01","2026-04-07","Dairy & Eggs","https://f.wishabi.net/page_pdf_images/22991199/5dff9300-2853-11f1-aee7-d6d844642db3/x_large"
"2026-04-01 11:00:11","1003110750","Signature SELECT® Canned Pineapple","","","","1.99","member price","","Signature SELECT®","2026-04-01","2026-04-07","Pantry","https://f.wishabi.net/page_pdf_images/22991199/5ee8eb72-2853-11f1-aee7-d6d844642db3/x_large"
"2026-04-01 11:00:11","1003110748","King's Hawaiian Rolls","","","","3.99","ea member price","","King's Hawaiian","2026-04-01","2026-04-07","Bakery","https://f.wishabi.net/page_pdf_images/22991199/5defee64-2853-11f1-aee7-d6d844642db3/x_large"
"2026-04-01 11:00:12","1003110751","Green Asparagus","","","","1.99","lb member price","","","2026-04-01","2026-04-07","Produce","https://f.wishabi.net/page_pdf_images/22991199/5b9ed6ac-2853-11f1-aee7-d6d844642db3/x_large"
"2026-04-01 11:00:12","1003110732","Feed your family","","","","30.0","","","","2026-04-01","2026-04-07","Other","https://f.wishabi.net/page_items/414740541/1774493020/extra_large.jpg"
"2026-04-01 11:00:12","1003110753","McCormick Dry Gravy Mix","","","","1.25","member price","","McCormick","2026-04-01","2026-04-07","Pantry","https://f.wishabi.net/page_pdf_images/22991199/5a8010ec-2853-11f1-aee7-d6d844642db3/x_large"
"2026-04-08 10:59:58","1004288005","Signature SELECT® Trash Bags","EARN 2x POINTS","","","8.99","member price","","Signature SELECT®","2026-04-08","2026-04-28","Household","https://f.wishabi.net/page_pdf_images/23030661/365f0f96-2d59-11f1-8f19-2ac8e21ba7a4/x_large"
"2026-04-08 10:59:59","1004287874","USDA Choice Boneless Beef Tri Tip Steak","","","","8.99","lb member price","","","2026-04-08","2026-04-14","Meat & Seafood","https://f.wishabi.net/page_pdf_images/23030661/3750b256-2d59-11f1-8f19-2ac8e21ba7a4/x_large"
"2026-04-08 10:59:59","1004288815","Harry's or Flamingo Razor or Cartridges","","","","10.99","member price","","Harry’s","2026-04-01","2026-04-28","Personal Care","https://f.wishabi.net/page_pdf_images/23030676/54b9eccc-2d59-11f1-bbf7-ca03f689e1d7/x_large"
"2026-04-08 11:00:00","1004288888","Dove Dry Spray or Clinical Protection Deodorant","","","","9.99","member price","","Dove","2026-04-01","2026-04-14","Personal Care","https://f.wishabi.net/page_pdf_images/23030676/4eba91a0-2d59-11f1-bbf7-ca03f689e1d7/x_large"
"2026-04-08 11:00:00","1004288896","Old Spice Deodorant, Body Wash, Shampoo or Conditioner","$3O FF When you Buy 2 Member Price","","","","","","Old Spice","2026-04-08","2026-04-14","Personal Care","https://f.wishabi.net/page_pdf_images/23030676/5d2b8fe6-2d59-11f1-bbf7-ca03f689e1d7/x_large"
"2026-04-08 11:00:01","1004287938","Boar's Head OvenGold Turkey Breast","","","","10.99","lb member price","","Boar's Head","2026-04-08","2026-04-14","Deli & Prepared Foods","https://f.wishabi.net/page_pdf_images/23030661/4bf3a862-2d59-11f1-8f19-2ac8e21ba7a4/x_large"
"2026-04-08 11:00:01","1004287981","Sandwich Rolls","","","","3.99","member price","","","2026-04-08","2026-04-14","Bakery","https://f.wishabi.net/page_pdf_images/23030661/4cccbb16-2d59-11f1-8f19-2ac8e21ba7a4/x_large"
"2026-04-08 11:00:02","1004288003","Color Me Sunny Bouquet","","","","12.99","member price","","","2026-04-08","2026-04-14","Floral","https://f.wishabi.net/page_pdf_images/23030661/47a2ae16-2d59-11f1-8f19-2ac8e21ba7a4/x_large"
"2026-04-08 11:00:02","1004288667","Oscar Mayer Deli Fresh Family Pack Lunchmeat","","","","6.99","ea member price","","Oscar Mayer","2026-04-08","2026-04-14","Deli & Prepared Foods","https://f.wishabi.net/page_items/415436626/1775038338/extra_large.jpg"
"2026-04-08 11:00:03","1004288769","Stouffer's Mid Tier Entrée 8.37 to 12.62-oz. Selected varieties. Side 12-oz. Lean Cuisine Favorites 8.5 to 11.5-oz. Entrée 6 to 11-oz.","","","","2.49","ea member price","","Stouffer's | Lean Cuisine","2026-04-08","2026-04-14","Frozen","https://f.wishabi.net/page_items/415436660/1775038351/extra_large.jpg"
"2026-04-08 11:00:03","1004288793","Charmin Bath Tissue 12-Mega Rolls. Bounty Paper Towels 6-Double Plus Rolls.","","","","14.99","ea member price","","Charmin","2026-04-08","2026-04-14","Household","https://f.wishabi.net/page_items/415436682/1775038362/extra_large.jpg"
"2026-04-08 11:00:03","1004287986","Signature SELECT® Sunflowers","","","","7.99","","","Signature SELECT®","2026-04-08","2026-04-14","Floral","https://f.wishabi.net/page_pdf_images/23030661/41927632-2d59-11f1-8f19-2ac8e21ba7a4/x_large"
"2026-04-08 11:00:03","1004288748","Coffee mate Creamer","","","","5.99","ea member price","","Coffee-mate","2026-04-08","2026-04-14","Dairy & Eggs","https://f.wishabi.net/page_items/415436648/1775038347/extra_large.jpg"
"2026-04-08 11:00:04","1004288755","Sierra Nevada, Lagunitas or Pacifico","","","","16.99","ea member price","","Sierra Nevada | Lagunitas | Pacifico","2026-04-08","2026-04-14","Beverages","https://f.wishabi.net/page_items/415436675/1775038357/extra_large.jpg"
"2026-04-08 11:00:04","1004288797","Jack Daniel's","","","","17.99","ea member price","","Jack Daniel's","2026-04-08","2026-04-14","Beverages","https://f.wishabi.net/page_items/415436679/1775038360/extra_large.jpg"
"2026-04-08 11:00:05","1004288758","Snyder's Pretzel Pieces 10 to 14.4-oz. Pretzels or Rounds 12 to 16-oz.","","","","2.99","ea member price","","Snyder's","2026-04-08","2026-04-14","Snacks","https://f.wishabi.net/page_items/415436666/1775038353/extra_large.jpg"
"2026-04-08 11:00:05","1004288771","California Pizza Kitchen","","","","7.99","ea member price","","California","2026-04-08","2026-04-14","Frozen","https://f.wishabi.net/page_items/415436669/1775038355/extra_large.jpg"
"2026-04-08 11:00:06","1004288933","Poise Pads or Depends","","","","17.49","ea","19.99","Poise | Depends","2026-04-08","2026-04-14","Personal Care","https://f.wishabi.net/page_pdf_images/23030676/3b9cd29a-2d59-11f1-bbf7-ca03f689e1d7/x_large"
"2026-04-08 11:00:06","1004288927","Softsoap or Irish Spring Body Wash","","","","6.99","member price","","Softsoap | Irish Spring","2026-04-08","2026-04-14","Personal Care","https://f.wishabi.net/page_pdf_images/23030676/5fa127cc-2d59-11f1-bbf7-ca03f689e1d7/x_large"
"2026-04-08 11:00:06","1004288477","Hunt's Tomatoes","EARN 2X POINTS","","3 for","5.0","member price","","Hunt's","2026-04-08","2026-04-28","Pantry","https://f.wishabi.net/page_pdf_images/23030675/470aa7b0-2d59-11f1-8f05-46a52710d9b3/x_large"
"2026-04-08 11:00:07","1004287923","Large Fuji Apples","","","","1.99","lb member price","","","2026-04-08","2026-04-14","Produce","https://f.wishabi.net/page_pdf_images/23030661/4b6660c4-2d59-11f1-8f19-2ac8e21ba7a4/x_large"
"2026-04-08 11:00:07","1004288078","Green Asparagus","","","","4.99","lb","","","2026-04-08","2026-04-14","Produce","https://f.wishabi.net/page_pdf_images/23030661/3908e64a-2d59-11f1-8f19-2ac8e21ba7a4/x_large"
"2026-04-08 11:00:08","1004288684","Tropicana Orange Juice 46-oz., Chobani Oatmilk 52-oz.","","","","3.49","ea member price","","Tropicana | Chobani","2026-04-08","2026-04-14","Beverages","https://f.wishabi.net/page_items/415436640/1775038343/extra_large.jpg"
"2026-04-08 11:00:08","1004288805","Method Body Wash","","","","9.99","member price","","Method","2026-04-08","2026-04-14","Personal Care","https://f.wishabi.net/page_pdf_images/23030676/3cab0e9a-2d59-11f1-bbf7-ca03f689e1d7/x_large"
"2026-04-08 11:00:08","1004288838","Signature SELECT® Travel Size Hand Sanitizer","EARN 2X POINTS","","2 for","3.0","member price","","Signature SELECT®","2026-04-08","2026-04-14","Personal Care","https://f.wishabi.net/page_pdf_images/23030676/5809205a-2d59-11f1-bbf7-ca03f689e1d7/x_large"
"2026-04-08 11:00:09","1004288107","Cucumber","","","","0.99","ea","","","2026-04-08","2026-04-14","Produce","https://f.wishabi.net/page_pdf_images/23030661/39e0c4b6-2d59-11f1-8f19-2ac8e21ba7a4/x_large"
"2026-04-08 11:00:09","1004288855","Allegra Allergy Relief","","","","22.99","member price","","Allegra","2026-04-01","2026-04-14","Health & Wellness","https://f.wishabi.net/page_pdf_images/23030676/5aa1e928-2d59-11f1-bbf7-ca03f689e1d7/x_large"
"2026-04-08 11:00:10","1004289514","Werther's Candy Peg Bag","","","2 for","4.0","member price","","Werther's Original","2026-04-08","2026-04-14","Snacks","https://f.wishabi.net/page_pdf_images/23030677/4557b520-2d59-11f1-aad7-ca5610cc1816/x_large"
"2026-04-08 11:00:10","1004289611","Method All-Purpose Cleaner","","","","4.99","member price","","Method","2026-04-08","2026-04-14","Household","https://f.wishabi.net/page_pdf_images/23030677/6efa60da-2d59-11f1-aad7-ca5610cc1816/x_large"
"2026-04-08 11:00:11","1004287884","Pork Shoulder Picnic Roast","EARN 2x POINTS","","","1.99","lb member price","","","2026-04-08","2026-04-28","Meat & Seafood","https://f.wishabi.net/page_pdf_images/23030661/3f2d1fb4-2d59-11f1-8f19-2ac8e21ba7a4/x_large"
"2026-04-08 11:00:11","1004288108","Fresh Fruit Tart","","","","9.99","member price","","","2026-04-08","2026-04-14","Bakery","https://f.wishabi.net/page_pdf_images/23030661/40e80828-2d59-11f1-8f19-2ac8e21ba7a4/x_large"
"2026-04-08 11:00:11","1004288140","Smirnoff or Samuel Grant 1.75-ltr. Sun Cruiser 8-pack, 12-oz.","","","","16.99","member price","","Smirnoff | Samuel Grant |","2026-04-08","2026-04-14","Beverages","https://f.wishabi.net/page_pdf_images/23030661/518baa86-2d59-11f1-8f19-2ac8e21ba7a4/x_large"
"2026-04-08 11:00:11","1004288716","Signature SELECT® Deli Style Mustard 12-oz. Selected varieties. Sweet Baby Ray's Barbecue Sauce 18-oz.","","","","1.99","ea member price","","Signature SELECT® | Sweet Baby Ray's","2026-04-08","2026-04-14","Pantry","https://f.wishabi.net/page_items/415436654/1775038349/extra_large.jpg"
"2026-04-08 11:00:12","1004288819","Dr. Squatch Bar Soap","","","","7.99","member price","","Dr. Squatch","2026-04-08","2026-04-14","Personal Care","https://f.wishabi.net/page_pdf_images/23030676/53da9126-2d59-11f1-bbf7-ca03f689e1d7/x_large"
"2026-04-08 11:00:12","1004288847","Tylenol Extra Strength Pain Relief","","","","14.99","member price","","tylenol-pm","2026-04-08","2026-04-14","Health & Wellness","https://f.wishabi.net/page_pdf_images/23030676/58de0982-2d59-11f1-bbf7-ca03f689e1d7/x_large"
"2026-04-08 11:00:13","1004288851","Degree Deodorant","","","","5.99","member price","","Degree","2026-04-08","2026-04-14","Personal Care","https://f.wishabi.net/page_pdf_images/23030676/4dde3426-2d59-11f1-bbf7-ca03f689e1d7/x_large"
"2026-04-08 11:00:13","1004288865","Mucinex Fast-Max Cold & Flu Relief","","","","18.99","member price","","Mucinex","2026-04-08","2026-04-14","Health & Wellness","https://f.wishabi.net/page_pdf_images/23030676/59ae68a2-2d59-11f1-bbf7-ca03f689e1d7/x_large"
"2026-04-08 11:00:14","1004289622","Rubbermaid TakeAlongs Food Storage","","","","5.99","member price","","Rubbermaid","2026-04-08","2026-04-14","Household","https://f.wishabi.net/page_pdf_images/23030677/6ade0dc6-2d59-11f1-aad7-ca5610cc1816/x_large"
"2026-04-08 11:00:15","1004291232","Kraft Mayonnaise","","","","4.49","member price","","Kraft","2026-04-08","2026-04-14","Pantry","https://f.wishabi.net/page_pdf_images/23030670/5faa7b42-2d59-11f1-9a54-2eadba6d270e/x_large"
"2026-04-08 11:00:15","1004288910","Dove Body Wash","","","","9.99","member price","","Dove","2026-04-08","2026-04-14","Personal Care","https://f.wishabi.net/page_pdf_images/23030676/4a790f9a-2d59-11f1-bbf7-ca03f689e1d7/x_large"
"2026-04-08 11:00:15","1004288930","Dove Bar Soap","","","","11.99","member price","","Dove","2026-04-08","2026-04-14","Personal Care","https://f.wishabi.net/page_pdf_images/23030676/4b4f028a-2d59-11f1-bbf7-ca03f689e1d7/x_large"
"2026-04-08 11:00:16","1004289534","Hershey Snack Size Bag","","","","5.99","member price","","Hershey's","2026-04-01","2026-04-14","Snacks","https://f.wishabi.net/page_pdf_images/23030677/70607518-2d59-11f1-aad7-ca5610cc1816/x_large"
"2026-04-08 11:00:16","1004289536","M & M's Family Size Bag","","","","10.49","member price","","M&Ms","2026-04-08","2026-04-14","Snacks","https://f.wishabi.net/page_pdf_images/23030677/57040aa8-2d59-11f1-aad7-ca5610cc1816/x_large"
"2026-04-08 11:00:16","1004289563","Boost High Protein Energy Drinks","","","","12.99","member price","","Boost","2026-04-08","2026-04-14","Health & Wellness","https://f.wishabi.net/page_pdf_images/23030677/46bfb1d8-2d59-11f1-aad7-ca5610cc1816/x_large"
"2026-04-08 11:00:16","1004289664","Signature SELECT® Patio Umbrella","","","","49.99","member price","","Signature SELECT®","2026-04-08","2026-04-14","Other","https://f.wishabi.net/page_pdf_images/23030677/3fab5a5a-2d59-11f1-aad7-ca5610cc1816/x_large"
"2026-04-08 11:00:16","1004291288","Lemon or Sweet Corn Jovy Fruit Roll","","","10 for","5.0","member price","","","2026-04-10","2026-04-10","Snacks","https://f.wishabi.net/page_pdf_images/23030670/47979e40-2d59-11f1-9a54-2eadba6d270e/x_large"
"2026-04-08 11:00:17","1004291306","Signature SELECT® Pickles 16-oz. Selected 2 Wesson Cooking Oil 40-oz. Wish-Bone Salad Dressing 15-oz.","","","2 for","5.0","member price","","Signature SELECT | Wesson | Wish-Bone","2026-04-10","2026-04-10","Pantry","https://f.wishabi.net/page_items/415436736/1775038357/extra_large.jpg"
"2026-04-08 11:00:18","1004291318","Lay's Potato Chips or Poppables","","","2 for","5.0","member price","","Lay's","2026-04-10","2026-04-10","Snacks","https://f.wishabi.net/page_pdf_images/23030670/496c9d88-2d59-11f1-9a54-2eadba6d270e/x_large"
"2026-04-08 11:00:18","1004287946","Signature SELECT® Pizza","EARN 2X POINTS","","","4.99","member price","","Signature SELECT®","2026-04-08","2026-04-14","Frozen","https://f.wishabi.net/page_pdf_images/23030661/33b18e36-2d59-11f1-8f19-2ac8e21ba7a4/x_large"
"2026-04-08 11:00:18","1004288096","Broccoli Crowns","","","","2.99","lb member price","","","2026-04-08","2026-04-14","Produce","https://f.wishabi.net/page_pdf_images/23030661/3b97a89c-2d59-11f1-8f19-2ac8e21ba7a4/x_large"
"2026-04-08 11:00:18","1004288119","Tree Top Apple Juice","","","2 for","7.0","member price","","Tree Top","2026-04-08","2026-04-28","Beverages","https://f.wishabi.net/page_pdf_images/23030661/33bcd930-2d59-11f1-8f19-2ac8e21ba7a4/x_large"
"2026-04-08 11:00:19","1004288694","18-ct. Large, Grade A.","","","","5.99","ea member price","","O Organics®","2026-04-08","2026-04-14","Dairy & Eggs","https://f.wishabi.net/page_items/415436651/1775038348/extra_large.jpg"
"2026-04-08 11:00:19","1004288835","Olay Premium Body Wash or Lotion","","","","10.99","member price","","Olay","2026-04-08","2026-04-14","Personal Care","https://f.wishabi.net/page_pdf_images/23030676/460e1b62-2d59-11f1-bbf7-ca03f689e1d7/x_large"
"2026-04-08 11:00:19","1004289673","Copper Ring Fire Pit","25% OFF Member Price","","","","","","","2026-04-08","2026-04-14","Household","https://f.wishabi.net/page_pdf_images/23030677/82865c26-2d59-11f1-aad7-ca5610cc1816/x_large"
"2026-04-08 11:00:20","1004288875","Claritin Allergy Relief","","","","25.99","member price","","Children's Claritin","2026-04-08","2026-04-14","Health & Wellness","https://f.wishabi.net/page_pdf_images/23030676/39ec3df0-2d59-11f1-bbf7-ca03f689e1d7/x_large"
"2026-04-08 11:00:20","1004288882","Pantene, Head & Shoulders, or Herbal Essences Shampoo or Conditioner","$3 OFF Member Price When you Buy 2","","","","","","Pantene | Head & Shoulder | Herbal Essences","2026-04-08","2026-04-14","Personal Care","https://f.wishabi.net/page_pdf_images/23030676/3adede66-2d59-11f1-bbf7-ca03f689e1d7/x_large"
"2026-04-08 11:00:20","1004288895","Gillette or Venus Disposable Razors","$3 OFF Member Price When you Buy 2","","","","","","Gillette | Venus","2026-04-08","2026-04-14","Personal Care","https://f.wishabi.net/page_pdf_images/23030676/5c56cb76-2d59-11f1-bbf7-ca03f689e1d7/x_large"
"2026-04-08 11:00:21","1004288950","Baby Club Savings","Baby Club Savings Save more on baby essentials**, Buy $25 SAVE $5","","","","","","","2026-04-08","2026-04-14","Other","https://f.wishabi.net/page_pdf_images/23030676/521a6dc0-2d59-11f1-bbf7-ca03f689e1d7/x_large"
"2026-04-08 11:00:21","1004288958","TRESemmé Styling Aids","","","","14.99","member price","","TRESemmé","2026-04-08","2026-04-14","Personal Care","https://f.wishabi.net/page_pdf_images/23030676/513ce5c2-2d59-11f1-bbf7-ca03f689e1d7/x_large"
"2026-04-08 11:00:21","1004288971","Pampers Cruisers 360 Super Pack","","","","27.99","ea","30.99","Pampers","2026-04-01","2026-04-14","Household","https://f.wishabi.net/page_pdf_images/23030676/3914e724-2d59-11f1-bbf7-ca03f689e1d7/x_large"
"2026-04-08 11:00:22","1004288978","Participating items","SAVE $5 WHEN YOU SPEND $25","","","","","","","2026-04-01","2026-04-28","Other","https://f.wishabi.net/page_items/415583690/1775038371/extra_large.jpg"
"2026-04-08 11:00:22","1004289686","Bar Height Patio Set","25% OFF Member Price","","","","","","","2026-04-08","2026-04-14","Household","https://f.wishabi.net/page_pdf_images/23030677/8292894c-2d59-11f1-aad7-ca5610cc1816/x_large"
"2026-04-08 11:00:23","1004291202","Lucerne® Sliced Cheese","","","2 for","7.0","member price","","Lucerne®","2026-04-08","2026-04-14","Dairy & Eggs","https://f.wishabi.net/page_items/415436699/1775038339/extra_large.jpg"
"2026-04-08 11:00:23","1004288908","Crest 3D White Toothpaste","","","","4.99","member price","","Crest","2026-04-08","2026-04-14","Personal Care","https://f.wishabi.net/page_pdf_images/23030676/5ed6a8d0-2d59-11f1-bbf7-ca03f689e1d7/x_large"
"2026-04-08 11:00:24","1004289527","Hershey Candy Bar","","","3 for","5.0","member price","","Hershey's","2026-04-08","2026-04-14","Snacks","https://f.wishabi.net/page_pdf_images/23030677/59e9c2da-2d59-11f1-aad7-ca5610cc1816/x_large"
"2026-04-08 11:00:24","1004289547","Powercrunch","","","","7.99","member price","","Power Crunch","2026-04-08","2026-04-14","Snacks","https://f.wishabi.net/page_pdf_images/23030677/4fbb6dc2-2d59-11f1-aad7-ca5610cc1816/x_large"
"2026-04-08 11:00:24","1004289573","Starburst or Skittles Stand Up Bag","","","","10.49","member price","","Starburst | Skittles","2026-04-01","2026-04-14","Snacks","https://f.wishabi.net/page_pdf_images/23030677/625f3b70-2d59-11f1-aad7-ca5610cc1816/x_large"
"2026-04-08 11:00:25","1004289578","CLIF BUILDERS Bars","","","","10.99","member price","","Clif Bar","2026-04-08","2026-04-14","Snacks","https://f.wishabi.net/page_pdf_images/23030677/49f03710-2d59-11f1-aad7-ca5610cc1816/x_large"
"2026-04-08 11:00:25","1004289621","Lysol Bathroom or All-Purpose Cleaner","","","","5.99","member price","","Lysol","2026-04-08","2026-04-14","Household","https://f.wishabi.net/page_pdf_images/23030677/669a116a-2d59-11f1-aad7-ca5610cc1816/x_large"
"2026-04-08 11:00:26","1004291196","Artesano Bread","","","","4.49","member price","","Artesano","2026-04-08","2026-04-14","Bakery","https://f.wishabi.net/page_items/415436697/1775038338/extra_large.jpg"
"2026-04-08 11:00:26","1004291211","American Cheese","","","","5.99","lb member price","","","2026-04-08","2026-04-14","Deli & Prepared Foods","https://f.wishabi.net/page_pdf_images/23030670/54e63192-2d59-11f1-9a54-2eadba6d270e/x_large"
"2026-04-08 11:00:27","1004288915","TheraBreath Oral Rinse","","","","9.99","member price","","TheraBreath","2026-04-08","2026-04-14","Personal Care","https://f.wishabi.net/page_pdf_images/23030676/605eb332-2d59-11f1-bbf7-ca03f689e1d7/x_large"
"2026-04-08 11:00:27","1004289546","NatureMade Vitamins","BUY 1 GET 1 FREE When you Buy 2 Member Price","","","","","","Nature Made","2026-04-08","2026-04-14","Health & Wellness","https://f.wishabi.net/page_pdf_images/23030677/4e3edef2-2d59-11f1-aad7-ca5610cc1816/x_large"
"2026-04-08 11:00:27","1004289552","Quest Bar","","","2 for","6.0","member price","","Quest","2026-04-08","2026-04-14","Snacks","https://f.wishabi.net/page_pdf_images/23030677/86b45212-2d59-11f1-aad7-ca5610cc1816/x_large"
"2026-04-08 11:00:28","1004289598","5-hour Energy Shots","","","","19.99","member price","","5-hour","2026-04-08","2026-04-14","Beverages","https://f.wishabi.net/page_pdf_images/23030677/4b64036a-2d59-11f1-aad7-ca5610cc1816/x_large"
"2026-04-08 11:00:28","1004289601","Clorox Clean-Up Multi-Surface Cleaner","EARN 4x POINTS","","","5.99","member price","","Clorox","2026-04-08","2026-04-14","Household","https://f.wishabi.net/page_pdf_images/23030677/6530503c-2d59-11f1-aad7-ca5610cc1816/x_large"
"2026-04-08 11:00:29","1004289654","Scotch-Brite Scrub Sponges","","","","3.49","ea","3.99","Scotch-Brite","2026-04-08","2026-04-14","Household","https://f.wishabi.net/page_items/415436861/1775038365/extra_large.jpg"
"2026-04-08 11:00:29","1004291218","Signature SELECT® Soup","EARN 2x POINTS","","","6.99","ea member price","","Signature SELECT®","2026-04-08","2026-04-14","Pantry","https://f.wishabi.net/page_pdf_images/23030670/4dde2ca6-2d59-11f1-9a54-2eadba6d270e/x_large"
"2026-04-08 11:00:29","1004291219","Lucerne® Butter Quarters","","","","3.99","member price","","Lucerne®","2026-04-08","2026-04-14","Dairy & Eggs","https://f.wishabi.net/page_pdf_images/23030670/4ec39e3a-2d59-11f1-9a54-2eadba6d270e/x_large"
"2026-04-08 11:00:30","1004288438","Herdez","","","","","","","","2026-04-08","2026-04-14","Pantry","https://f.wishabi.net/page_items/415436769/1775038340/extra_large.jpg"
"2026-04-08 11:00:30","1004288660","Oscar Mayer Basic Lunchables","","","","1.99","ea member price","","Oscar Mayer","2026-04-08","2026-04-14","Deli & Prepared Foods","https://f.wishabi.net/page_items/415436623/1775038337/extra_large.jpg"
"2026-04-08 11:00:30","1004288722","Dave's Killer Bagels or English Muffins","","","","4.99","ea member price","","Dave's Killer","2026-04-08","2026-04-14","Bakery","https://f.wishabi.net/page_items/415436638/1775038342/extra_large.jpg"
"2026-04-08 11:00:31","1004288721","Mission Fajita Flour Tortillas","","","","2.99","ea member price","","Mission","2026-04-08","2026-04-14","Pantry","https://f.wishabi.net/page_items/415436642/1775038345/extra_large.jpg"
"2026-04-08 11:00:31","1004288718","Rao's Pasta Sauce","","","","5.99","ea member price","","Rao's","2026-04-08","2026-04-14","Pantry","https://f.wishabi.net/page_items/415436645/1775038346/extra_large.jpg"
"2026-04-08 11:00:31","1004288760","MorningStar Farms Meatless","","","","3.49","ea member price","","Morning Star Farms","2026-04-08","2026-04-14","Frozen","https://f.wishabi.net/page_items/415436672/1775038356/extra_large.jpg"
"2026-04-08 11:00:32","1004288729","Pepperidge Farm Goldfish Crackers or Crisps 4 to 8-oz., Pringles Chips 5.2 to 5.57-oz.","","","","1.88","ea member price","","Pepperidge Farm | Pringles","2026-04-08","2026-04-14","Snacks","https://f.wishabi.net/page_items/415436657/1775038350/extra_large.jpg"
"2026-04-08 11:00:32","1004288514","Califia Farms Organic Almondmilk, Soy or Coconut Milk","","","","4.49","ea member price","","Califia Farms","2026-04-08","2026-04-14","Dairy & Eggs","https://f.wishabi.net/page_items/415436788/1775038341/extra_large.jpg"
"2026-04-08 11:00:32","1004288537","Tillamook Shredded, Sliced Chunk, Cream Cheese or Cracker Cuts","","","","2.99","ea member price","","Tillamook","2026-04-08","2026-04-14","Dairy & Eggs","https://f.wishabi.net/page_pdf_images/23030675/455225f6-2d59-11f1-8f05-46a52710d9b3/x_large"
"2026-04-08 11:00:33","1004288928","U by Kotex Tampons","","","","8.99","ea","10.99","U by Kotex","2026-04-08","2026-04-14","Personal Care","https://f.wishabi.net/page_pdf_images/23030676/3bb2958a-2d59-11f1-bbf7-ca03f689e1d7/x_large"
"2026-04-08 11:00:33","1004289628","Air Wick Plug-Ins Refills","","","","5.99","ea","6.99","Air Wick","2026-04-08","2026-04-14","Household","https://f.wishabi.net/page_pdf_images/23030677/6266dff6-2d59-11f1-aad7-ca5610cc1816/x_large"
"2026-04-08 11:00:34","1004287972","Signature SELECT® Fudge Cookies","EARN 2x POINTS","","2 for","5.0","member price","","Signature SELECT","2026-04-08","2026-04-28","Snacks","https://f.wishabi.net/page_pdf_images/23030661/42984c00-2d59-11f1-8f19-2ac8e21ba7a4/x_large"
"2026-04-08 11:00:34","1004288749","Nabisco Family Size Chips Ahoy! Cookies 9.31 to 19.5-oz. Ritz Crackers 17.8 to 20.5-oz. Tate's Bake Shop Cookies 5.5 to 7-oz.","","","","3.99","ea member price","","Nabisco | Ritz | Tate's","2026-04-08","2026-04-14","Snacks","https://f.wishabi.net/page_items/415436663/1775038352/extra_large.jpg"
"2026-04-08 11:00:35","1004287913","Signature SELECT® Classic Salad","EARN 2x POINTS","","","7.99","ea member price","","Signature SELECT®","2026-04-08","2026-04-28","Produce","https://f.wishabi.net/page_pdf_images/23030661/4da3207a-2d59-11f1-8f19-2ac8e21ba7a4/x_large"
"2026-04-08 11:00:35","1004288069","Signature SELECT® Boneless Pork Top Loin Chops","","","","3.99","lb member price","","Signature SELECT®","2026-04-08","2026-04-14","Meat & Seafood","https://f.wishabi.net/page_items/415436452/1775038340/extra_large.jpg"
"2026-04-08 11:00:36","1004287866","Chicken Party Wings","","","","2.99","lb member price","","","2026-04-08","2026-04-14","Meat & Seafood","https://f.wishabi.net/page_pdf_images/23030661/488aa8ec-2d59-11f1-8f19-2ac8e21ba7a4/x_large"
"2026-04-08 11:00:36","1004287906","Wonderful Seedless Lemons","EARN 2X POINTS","","","3.99","ea member price","","Wonderful","2026-04-08","2026-04-28","Produce","https://f.wishabi.net/page_pdf_images/23030661/35781578-2d59-11f1-8f19-2ac8e21ba7a4/x_large"
"2026-04-08 11:00:37","1004288451","Safeway Stock up","","","","","","","","2026-04-08","2026-04-14","Other","https://f.wishabi.net/page_items/415436770/1775038341/extra_large.jpg"
"2026-04-08 11:00:37","1004288450","Starbucks","Earn 4x POINTS","","","9.99","member price","","Starbucks","2026-04-08","2026-04-14","Beverages","https://f.wishabi.net/page_items/415582514/1775038342/extra_large.jpg"
"2026-04-08 11:00:37","1004288486","SUMM! Spring Rolls or Dumplings","","","","4.99","ea member price","","SUMM!","2026-04-08","2026-04-14","Frozen","https://f.wishabi.net/page_pdf_images/23030675/3ee13da6-2d59-11f1-8f05-46a52710d9b3/x_large"
"2026-04-08 11:00:38","1004288529","Horizon Organic Milk","","","","5.99","member price","","Horizon","2026-04-08","2026-04-14","Dairy & Eggs","https://f.wishabi.net/page_pdf_images/23030675/438be3c4-2d59-11f1-8f05-46a52710d9b3/x_large"
"2026-04-08 11:00:38","1004288528","Dennison's Chili with Beans","EARN 2x POINTS","","3 for","5.0","member price","","Dennison's","2026-04-08","2026-04-14","Pantry","https://f.wishabi.net/page_pdf_images/23030675/4647ccd6-2d59-11f1-8f05-46a52710d9b3/x_large"
"2026-04-08 11:00:39","1004288070","Fresh Ling Cod Fillet","","","","10.99","lb member price","","","2026-04-08","2026-04-14","Meat & Seafood","https://f.wishabi.net/page_pdf_images/23030661/384670ba-2d59-11f1-8f19-2ac8e21ba7a4/x_large"
"2026-04-08 11:00:39","1004288083","Taylor Farms Chopped Salad Kit 7.3 to 13.5-oz. Fresh Express Chopped Salad Kit 6.7 to 13.3-oz.","","","","3.99","ea member price when you buy 2","","Taylor Farms | Fresh Express","2026-04-08","2026-04-14","Produce","https://f.wishabi.net/page_pdf_images/23030661/3740b05e-2d59-11f1-8f19-2ac8e21ba7a4/x_large"
"2026-04-08 11:00:40","1004288088","Cantaloupe","","","","2.99","ea member price","","","2026-04-08","2026-04-14","Produce","https://f.wishabi.net/page_pdf_images/23030661/3927068e-2d59-11f1-8f19-2ac8e21ba7a4/x_large"
"2026-04-08 11:00:40","1004288128","Elysian or Smirnoff Ice 12-pack, 11.2 to 12-oz. Pabst 30-pack, 12-oz.","","","","19.99","member price","","Elysian | Smirnoff | Pabst","2026-04-08","2026-04-14","Beverages","https://f.wishabi.net/page_pdf_images/23030661/553b60cc-2d59-11f1-8f19-2ac8e21ba7a4/x_large"
"2026-04-08 11:00:41","1004288141","Safeway for u","","","","","","","","2026-04-08","2026-04-14","Other","https://f.wishabi.net/page_items/415583897/1775038370/extra_large.jpg"
"2026-04-08 11:00:41","1004288103","Hot House Tomatoes","","","","2.99","lb member price","","","2026-04-08","2026-04-14","Produce","https://f.wishabi.net/page_pdf_images/23030661/39fca672-2d59-11f1-8f19-2ac8e21ba7a4/x_large"
"2026-04-08 11:00:41","1004288090","Bartlett or D'Anjou Pears","","","","1.99","lb member price","","","2026-04-08","2026-04-14","Produce","https://f.wishabi.net/page_pdf_images/23030661/3c80a556-2d59-11f1-8f19-2ac8e21ba7a4/x_large"
"2026-04-08 11:00:42","1004287959","Danishes","","","","6.99","","","","2026-04-08","2026-04-14","Bakery","https://f.wishabi.net/page_pdf_images/23030661/3e2ae4de-2d59-11f1-8f19-2ac8e21ba7a4/x_large"
"2026-04-08 11:00:42","1004288129","Decoy, La Crema Monterey or Josh","","","","11.99","ea member price when you buy 6 or more","","Decoy | La Crema | Josh","2026-04-08","2026-04-14","Beverages","https://f.wishabi.net/page_pdf_images/23030661/5466c1aa-2d59-11f1-8f19-2ac8e21ba7a4/x_large"
"2026-04-08 11:00:43","1004287858","USDA Choice Round Strips for Stir Fry or Cube Steak","EARN 2X POINTS","","","9.99","lb member price","","","2026-04-08","2026-04-14","Meat & Seafood","https://f.wishabi.net/page_items/415436442/1775038337/extra_large.jpg"
"2026-04-08 11:00:43","1004287865","Hatfield Marinated Pork","","","","8.99","ea member price","","Hatfield","2026-04-08","2026-04-14","Meat & Seafood","https://f.wishabi.net/page_pdf_images/23030661/3ab693ac-2d59-11f1-8f19-2ac8e21ba7a4/x_large"
"2026-04-08 11:00:43","1004287966","Fresh Baked Cookies","","","","5.99","","","","2026-04-08","2026-04-14","Bakery","https://f.wishabi.net/page_pdf_images/23030661/444241fa-2d59-11f1-8f19-2ac8e21ba7a4/x_large"
"2026-04-08 11:00:44","1004287895","Shrimp Skewer","","","5 for","5.0","member price","","","2026-04-08","2026-04-14","Meat & Seafood","https://f.wishabi.net/page_pdf_images/23030661/3b839d52-2d59-11f1-8f19-2ac8e21ba7a4/x_large"
"2026-04-08 11:00:44","1004287954","Chicken Nuggets","","","","5.0","ea member price","","","2026-04-08","2026-04-14","Frozen","https://f.wishabi.net/page_pdf_images/23030661/436d0792-2d59-11f1-8f19-2ac8e21ba7a4/x_large"
"2026-04-08 11:00:44","1004288126","J. Lohr Riverstone Chardonnay, Hahn or Il Conte Stella Rosa","","","","10.99","ea member price when you buy 6 or more","","J. Lohr Riverstone | Hahn | Il Conte Stella Rosa","2026-04-08","2026-04-14","Beverages","https://f.wishabi.net/page_pdf_images/23030661/540ab2c0-2d59-11f1-8f19-2ac8e21ba7a4/x_large"
"2026-04-08 11:00:45","1004288502","S & W Variety Beans","","","","0.99","ea member price","","S & W","2026-04-08","2026-04-14","Pantry","https://f.wishabi.net/page_items/415436778/1775038339/extra_large.jpg"
"2026-04-08 11:00:45","1004288513","Mini Babybel","","","","6.99","ea member price","","","2026-04-08","2026-04-14","Dairy & Eggs","https://f.wishabi.net/page_items/415436792/1775038342/extra_large.jpg"
"2026-04-08 11:00:46","1004288869","Zyrtec Allergy Relief","","","","24.99","member price","","Zyrtec","2026-04-08","2026-04-14","Health & Wellness","https://f.wishabi.net/page_pdf_images/23030676/5b7a34c2-2d59-11f1-bbf7-ca03f689e1d7/x_large"
"2026-04-08 11:00:46","1004288686","Sukhi's Rice Bowl","","","","6.99","ea member price","","Sukhi's","2026-04-08","2026-04-14","Deli & Prepared Foods","https://f.wishabi.net/page_items/415436635/1775038341/extra_large.jpg"
"2026-04-08 11:00:46","1004288704","Signature SELECT® St. Louis Style Ribs","","","","12.99","ea member price","","Signature SELECT®","2026-04-08","2026-04-14","Meat & Seafood","https://f.wishabi.net/page_items/415436632/1775038340/extra_large.jpg"
"2026-04-08 11:00:47","1004289502","Trident Gum","","","5 for","5.0","member price","","Trident","2026-04-08","2026-04-14","Snacks","https://f.wishabi.net/page_pdf_images/23030677/54254f7c-2d59-11f1-aad7-ca5610cc1816/x_large"
"2026-04-08 11:00:47","1004289524","Lindt Excellence Bar","BUY 2 GET 1 FREE Member Price When you Buy 3","","","","","","Lindt","2026-04-08","2026-04-14","Snacks","https://f.wishabi.net/page_pdf_images/23030677/5e1625ba-2d59-11f1-aad7-ca5610cc1816/x_large"
"2026-04-08 11:00:47","1004289515","Sour Patch Kids or Swedish Fish Stand Up Bag","","","","8.99","member price","","Sour Patch Kids","2026-04-08","2026-04-14","Snacks","https://f.wishabi.net/page_pdf_images/23030677/54319430-2d59-11f1-aad7-ca5610cc1816/x_large"
"2026-04-08 11:00:48","1004289683","Signature SELECT® 3-Piece Bistro Set","25% OFF Member Price","","","","","","Signature SELECT®","2026-04-08","2026-04-14","Household","https://f.wishabi.net/page_pdf_images/23030677/4cd07e04-2d59-11f1-aad7-ca5610cc1816/x_large"
"2026-04-08 11:00:48","1004288810","Native Liquid Hand Soap","","","","6.49","member price","","Native","2026-04-08","2026-04-14","Personal Care","https://f.wishabi.net/page_pdf_images/23030676/3f239d54-2d59-11f1-bbf7-ca03f689e1d7/x_large"
"2026-04-08 11:00:48","1004288799","Neutrogena Makeup Remover Wipes","","","","7.99","member price","","Neutrogena","2026-04-08","2026-04-14","Personal Care","https://f.wishabi.net/page_pdf_images/23030676/40ef25f4-2d59-11f1-bbf7-ca03f689e1d7/x_large"
"2026-04-08 11:00:49","1004289700","Charbroil 4-Burner Pro Gas Grill","25% OFF Member Price","","","","","","","2026-04-08","2026-04-14","Household","https://f.wishabi.net/page_pdf_images/23030677/43ff9724-2d59-11f1-aad7-ca5610cc1816/x_large"
"2026-04-08 11:00:49","1004289615","Sensodyne Toothpaste","","","","7.99","member price","","Sensodyne","2026-04-08","2026-04-14","Personal Care","https://f.wishabi.net/page_pdf_images/23030677/7e51fe4e-2d59-11f1-aad7-ca5610cc1816/x_large"
"2026-04-08 11:00:50","1004289539","Participating products","SAVE $5 WHEN YOU BUY 3","","","","","","","2026-04-08","2026-04-28","Other","https://f.wishabi.net/page_items/415436842/1775038344/extra_large.jpg"
"2026-04-08 11:00:50","1004289583","Advil or Excedrin Pain Relief","","","","5.99","member price","","Advil | Excedrin","2026-04-01","2026-04-28","Health & Wellness","https://f.wishabi.net/page_pdf_images/23030677/7e5a9108-2d59-11f1-aad7-ca5610cc1816/x_large"
"2026-04-08 11:00:51","1004289646","Emergen-C Immune Support, Centrum Vitamins or Nexium Heartburn Relief","","","","14.99","member price","","Emergen-C | Centrum | Nexium","2026-04-08","2026-04-14","Health & Wellness","https://f.wishabi.net/page_pdf_images/23030677/776a17b0-2d59-11f1-aad7-ca5610cc1816/x_large"
"2026-04-08 11:00:51","1004289649","Flonase Allergy Relief Spray","","","","19.99","member price","","Flonase","2026-04-08","2026-04-14","Health & Wellness","https://f.wishabi.net/page_pdf_images/23030677/7341c66a-2d59-11f1-aad7-ca5610cc1816/x_large"
"2026-04-08 11:00:51","1004289687","BBQ Tools or Accessories","BUY 1 GET 1 50% OFF EQUAL OR LESSER VALUE Member Price","","","","","","","2026-04-08","2026-04-14","Household","https://f.wishabi.net/page_pdf_images/23030677/7a0e3ff0-2d59-11f1-aad7-ca5610cc1816/x_large"
"2026-04-08 11:00:52","1004289693","Garden Décor","25% OFF Member Price","","","","","","","2026-04-08","2026-04-14","Household","https://f.wishabi.net/page_pdf_images/23030677/83f21dde-2d59-11f1-aad7-ca5610cc1816/x_large"
"2026-04-08 11:00:52","1004290777","Coca-Cola, Pepsi, 7UP or Dr Pepper","","","","14.99","ea member price","","Coca-Cola | Pepsi | 7UP | Dr Pepper","2026-04-08","2026-04-14","Beverages","https://f.wishabi.net/page_items/415436766/1775038355/extra_large.jpg"
"2026-04-08 11:00:52","1004290776","Tide Laundry Detergent or Pods","","","","7.99","ea member price","","Tide","2026-04-08","2026-04-14","Household","https://f.wishabi.net/page_items/415436767/1775038355/extra_large.jpg"
"2026-04-08 11:00:53","1004291340","Line 39","","","","5.0","ea member price","","Line 39","2026-04-10","2026-04-10","Beverages","https://f.wishabi.net/page_pdf_images/23030670/64ecdd8e-2d59-11f1-9a54-2eadba6d270e/x_large"
"2026-04-08 11:00:53","1004291341","Crystal Geyser Alpine Spring Water","","","","5.0","ea member price","","Crystal Geyser","2026-04-10","2026-04-10","Beverages","https://f.wishabi.net/page_pdf_images/23030670/44e6504c-2d59-11f1-9a54-2eadba6d270e/x_large"
"2026-04-08 11:00:53","1004291282","Overjoyed® Snack Bites","","","2 for","5.0","member price","","Overjoyed®","2026-04-10","2026-04-10","Snacks","https://f.wishabi.net/page_pdf_images/23030670/5cd386d4-2d59-11f1-9a54-2eadba6d270e/x_large"
"2026-04-08 11:00:54","1004291236","8-Piece Fried or Roasted Chicken 4-each: Drumsticks and Thighs. Reser's American Classics Salad 48-oz.","","","","5.0","ea member price","","Reser's","2026-04-10","2026-04-10","Deli & Prepared Foods","https://f.wishabi.net/page_pdf_images/23030670/4b46fe46-2d59-11f1-9a54-2eadba6d270e/x_large"
"2026-04-08 11:00:54","1004291235","Lucerne® American Slices","","","2 for","7.0","member price","","Lucerne","2026-04-08","2026-04-14","Dairy & Eggs","https://f.wishabi.net/page_pdf_images/23030670/52553d4c-2d59-11f1-9a54-2eadba6d270e/x_large"
"2026-04-08 11:00:54","1004291266","Foster Farms Chicken Party Wings or Boneless Skinless Breast Fillets, Thighs or Tenders 40-oz. bag. Frozen. Frozen Chicken 16 to 24-oz.","","","","5.0","ea member price","","Foster Farms","2026-04-10","2026-04-10","Frozen","https://f.wishabi.net/page_pdf_images/23030670/49723964-2d59-11f1-9a54-2eadba6d270e/x_large"
"2026-04-08 11:00:55","1004291315","Overjoyed™ Boutique Rose Alstroemeria Bouquet","","","","5.0","ea member price","","Overjoyed™","2026-04-10","2026-04-10","Floral","https://f.wishabi.net/page_items/415436742/1775038361/extra_large.jpg"
"2026-04-08 11:00:55","1004291334","Wild Caught Lobster Tail 3-oz. Previously Frozen. Fresh Atlantic Salmon Portion 7-oz. Farm raised.","","","","5.0","ea member price","","","2026-04-10","2026-04-10","Meat & Seafood","https://f.wishabi.net/page_pdf_images/23030670/64d6224c-2d59-11f1-9a54-2eadba6d270e/x_large"
"2026-04-08 11:00:55","1004291299","Talenti Gelato or Layers Pint., Yasso Frozen Yogurt 14-oz.","","","2 for","5.0","member price","","Yasso","2026-04-10","2026-04-10","Frozen","https://f.wishabi.net/page_pdf_images/23030670/615cc3c8-2d59-11f1-9a54-2eadba6d270e/x_large"
"2026-04-08 11:00:56","1004287930","Président Brie or Camembert","","","","7.99","ea member price","","President","2026-04-08","2026-04-14","Dairy & Eggs","https://f.wishabi.net/page_pdf_images/23030661/46e01496-2d59-11f1-8f19-2ac8e21ba7a4/x_large"
"2026-04-08 11:00:56","1004287859","Rosie Organic Boneless Skinless Chicken Breasts","","","","8.99","lb member price","","","2026-04-08","2026-04-14","Meat & Seafood","https://f.wishabi.net/page_pdf_images/23030661/4a6ef532-2d59-11f1-8f19-2ac8e21ba7a4/x_large"
"2026-04-08 11:00:56","1004290775","Gatorade Lower Sugar 6-pack, 20-oz. Lipton Tea 12-pack, 16.9-oz.","","","","6.99","ea member price","","Gatorade | Lipton Tea","2026-04-08","2026-04-14","Beverages","https://f.wishabi.net/page_items/415436765/1775038354/extra_large.jpg"
"2026-04-08 11:00:57","1004289665","Signature SELECT® Stacked Chairs","","","","39.99","member price","","Signature SELECT®","2026-04-08","2026-04-14","Household","https://f.wishabi.net/page_pdf_images/23030677/4272688c-2d59-11f1-aad7-ca5610cc1816/x_large"
"2026-04-08 11:00:57","1004288826","Unilever","","","","","","","","2026-04-08","2026-04-14","Other","https://f.wishabi.net/page_items/415436809/1775038343/extra_large.jpg"
"2026-04-08 11:00:57","1004287918","Lucerne® Sour Cream","EARN 2X POINTS","","","2.49","member price","","Lucerne®","2026-04-08","2026-04-28","Dairy & Eggs","https://f.wishabi.net/page_pdf_images/23030661/34950ada-2d59-11f1-8f19-2ac8e21ba7a4/x_large"
"2026-04-08 11:00:58","1004288672","Waterfront Bistro® Crunchy Butterfly Shrimp","","","","12.99","ea member price","","WATERFRONT BISTRO","2026-04-08","2026-04-14","Frozen","https://f.wishabi.net/page_items/415436629/1775038339/extra_large.jpg"
"2026-04-08 11:00:58","1004291274","Raspberries or Blackberries 12-oz. Strawberries 2-lb.","","","","5.0","ea member price","","","2026-04-10","2026-04-10","Produce","https://f.wishabi.net/page_pdf_images/23030670/44185688-2d59-11f1-9a54-2eadba6d270e/x_large"
"2026-04-08 11:00:59","1004291316","General Mills Family Size Cereal","","","2 for","5.0","member price","","General Mills","2026-04-10","2026-04-10","Pantry","https://f.wishabi.net/page_pdf_images/23030670/5dd992e4-2d59-11f1-9a54-2eadba6d270e/x_large"
"2026-04-08 11:00:59","1004289556","Tums Antacid","SAVE $5 WHEN YOU BUY 3","","","7.99","member price","","Tums","2026-04-01","2026-04-28","Health & Wellness","https://f.wishabi.net/page_pdf_images/23030677/71c12ba0-2d59-11f1-aad7-ca5610cc1816/x_large"
"2026-04-08 11:00:59","1004288507","Yoplait Fridge Pack","","","","3.99","ea member price","","Yoplait","2026-04-08","2026-04-14","Dairy & Eggs","https://f.wishabi.net/page_pdf_images/23030675/3ae04a80-2d59-11f1-8f05-46a52710d9b3/x_large"
"2026-04-08 11:01:00","1004287935","Screamin' Sicilian Pizza","","","","6.99","ea member price","","Screamin' Sicilian","2026-04-08","2026-04-14","Frozen","https://f.wishabi.net/page_pdf_images/23030661/3d58f906-2d59-11f1-8f19-2ac8e21ba7a4/x_large"
"2026-04-08 11:01:00","1004288006","Destination Japan Bouquet","","","","19.99","","","","2026-04-08","2026-04-14","Floral","https://f.wishabi.net/page_pdf_images/23030661/3e4d2846-2d59-11f1-8f19-2ac8e21ba7a4/x_large"
"2026-04-08 11:01:00","1004288439","Farmer John","","","","","","","Farmer John","2026-04-08","2026-04-14","Meat & Seafood","https://f.wishabi.net/page_items/415436768/1775038339/extra_large.jpg"
"2026-04-08 11:01:01","1004288518","Sargento String or Stick Cheese 9 to 12-oz., Shareables 6-oz.","EARN 2x POINTS","","","4.99","member price","","Sargento","2026-04-08","2026-04-14","Dairy & Eggs","https://f.wishabi.net/page_items/415436790/1775038341/extra_large.jpg"
"2026-04-08 11:01:01","1004291220","Artisan Par-Bake Dinner Bread","","","","4.99","member price","","Artisan","2026-04-08","2026-04-14","Bakery","https://f.wishabi.net/page_pdf_images/23030670/4f91f0a0-2d59-11f1-9a54-2eadba6d270e/x_large"
"2026-04-08 11:01:02","1004288468","Stonefire Naan Dippers","","","","3.49","ea member price","","Stonefire","2026-04-08","2026-04-14","Bakery","https://f.wishabi.net/page_pdf_images/23030675/408d05a4-2d59-11f1-8f05-46a52710d9b3/x_large"
"2026-04-08 11:01:02","1004290778","Safeway for u","","","","","","","","2026-04-08","2026-04-14","Other","https://f.wishabi.net/page_items/415582948/1775038356/extra_large.jpg"
"2026-04-08 11:01:02","1004288492","O Organics® Tofu","EARN 4X POINTS","","","2.99","ea member price","","O Organics®","2026-04-08","2026-04-14","Produce","https://f.wishabi.net/page_pdf_images/23030675/426fa5e8-2d59-11f1-8f05-46a52710d9b3/x_large"
"2026-04-08 11:01:03","1004288425","Fresh Pass","5% off","","","","","","","2026-04-08","2026-04-14","Other","https://f.wishabi.net/page_items/415583721/1775038339/extra_large.jpg"
"2026-04-08 11:01:03","1004289712","Pharmacy","","","","","","","","2026-04-08","2026-04-14","Health & Wellness","https://f.wishabi.net/page_items/415583684/1775038373/extra_large.jpg"
"2026-04-08 11:01:03","1004287994","Overjoyed Boutique Hydrangeas","","","","9.99","","","Overjoyed","2026-04-08","2026-04-14","Floral","https://f.wishabi.net/page_pdf_images/23030661/45131f28-2d59-11f1-8f19-2ac8e21ba7a4/x_large"
"2026-04-08 11:01:04","1004288485","Stonefire Naan Crisps","","","","3.99","ea member price","","Stonefire","2026-04-08","2026-04-14","Snacks","https://f.wishabi.net/page_pdf_images/23030675/414192e4-2d59-11f1-8f05-46a52710d9b3/x_large"
"2026-04-08 11:01:04","1004290774","Rockstar Energy Drink","","","","1.69","ea member price","","Rockstar","2026-04-08","2026-04-14","Beverages","https://f.wishabi.net/page_items/415436764/1775038353/extra_large.jpg"
"2026-04-08 11:01:04","1004740821","Nabisco Family Size Oreo Cookies 10.68 to 18.71-oz. Snack Crackers 11.5 to 14-oz. Sargento Cheese Bakes Crackers 4.5-oz.","","","","3.49","ea member price","","Nabisco | Oreo | Sargento","2026-04-08","2026-04-14","Snacks","https://f.wishabi.net/page_items/415793216/1775156459/extra_large.jpg"
"2026-04-08 11:01:04","1004740728","Lucerne® Sliced 24-oz. Chunk or Shredded Cheese 32-oz.","Earn 4x POINTS","","","5.99","ea member price","","Lucerne®","2026-04-08","2026-04-14","Dairy & Eggs","https://f.wishabi.net/page_items/415793186/1775156452/extra_large.jpg"
"2026-04-08 11:01:05","1004740811","Coca-Cola, Pepsi or 7UP 6-pack, 16.9-oz. bottles or 10-pack, 7.5-oz. cans. Polar Seltzer, Bubly Sparkling Water or Topo Chico Sabores 8-pack, 12-oz.","BUY 2 GET 2 FREE Member Price When you Buy 4","","","","","","Coca-Cola | Pepsi | 7UP | Polar | Bubly | Topo Chic","2026-04-08","2026-04-14","Beverages","https://f.wishabi.net/page_pdf_images/23045424/f2e8b70e-2ec4-11f1-bead-86dce3f2ae39/x_large"
"2026-04-08 11:01:05","1004740844","Signature SELECT® Chicken Boneless Skinless Breasts","","","","2.99","lb member price","","Signature SELECT®","2026-04-08","2026-04-14","Meat & Seafood","https://f.wishabi.net/page_pdf_images/23045424/dc321e2e-2ec4-11f1-bead-86dce3f2ae39/x_large"
"2026-04-08 11:01:06","1004740850","Pristine Green or Red Seedless Grapes","","","","2.49","lb member price","","","2026-04-08","2026-04-14","Produce","https://f.wishabi.net/page_pdf_images/23045424/dc0cd4f2-2ec4-11f1-bead-86dce3f2ae39/x_large"
"2026-04-08 11:01:06","1004740859","Barilla Pasta 12 to 16-oz. Pasta Roni or Rice-A-Roni 4.3 to 7.2-oz.","","","4 for","5.0","member price","","Barilla | Pasta Roni | Rice-A-Roni","2026-04-08","2026-04-14","Pantry","https://f.wishabi.net/page_pdf_images/23045424/f0aee49a-2ec4-11f1-bead-86dce3f2ae39/x_large"
"2026-04-08 11:01:06","1004740866","Tito's Liter. Coors or Bud 30-pack, 12-oz. Modelo or Corona 18-pack, 12-oz. Michelob 24-pack, 12-oz.","","","","20.99","member price","","Tito's | Coors | Bud | Modelo | Corona | Michelob","2026-04-08","2026-04-14","Beverages","https://f.wishabi.net/page_pdf_images/23045424/f78f266c-2ec4-11f1-bead-86dce3f2ae39/x_large"
"2026-04-08 11:01:07","1004740830","USDA Choice Beef Chuck Short or Flanken Style Ribs","","","","7.99","lb member price","","USDA Choice","2026-04-08","2026-04-14","Meat & Seafood","https://f.wishabi.net/page_items/415793220/1775156461/extra_large.jpg"
"2026-04-08 11:01:07","1004740840","Hillshire Farms Lunchmeat 7 to 9-oz. Smoked Sausage 12 to 14-oz. Jimmy Dean Bacon 12-oz. Sausage 16-oz.","","","","3.99","ea member price","","Hillshire Farms | Jimmy Dean","2026-04-08","2026-04-14","Meat & Seafood","https://f.wishabi.net/page_items/415793226/1775156463/extra_large.jpg"
"2026-04-08 11:01:07","1004740714","Fresh Atlantic Salmon Whole Fillet","","","","7.99","lb member price","","","2026-04-08","2026-04-14","Meat & Seafood","https://f.wishabi.net/page_items/415793184/1775156452/extra_large.jpg"
"2026-04-08 11:01:08","1004740770","San Luis Sourdough Bread","","","","4.99","member price","","San Luis","2026-04-08","2026-04-14","Bakery","https://f.wishabi.net/page_pdf_images/23045424/db29554c-2ec4-11f1-bead-86dce3f2ae39/x_large"
"2026-04-08 11:01:08","1004740803","Quaker Cap'n Crunch's or Life Cereal 10.3 to 13-oz. Instant Oatmeal 8.4 to 14.1-oz.","","","","1.99","ea member price","","Quaker | Life","2026-04-08","2026-04-14","Pantry","https://f.wishabi.net/page_items/415793209/1775156458/extra_large.jpg"
"2026-04-08 11:01:08","1004740835","Waterfront Bistro® Extra Jumbo Raw Shrimp 16 to 20-ct. Sold in a 2-lb. bag. Frozen. USDA Choice Boneless Beef Tri Tip Roast Untrimmed Twin Pack.","","","","5.99","lb member price","","WATERFRONT BISTRO®","2026-04-08","2026-04-14","Frozen","https://f.wishabi.net/page_pdf_images/23045424/df08f3e8-2ec4-11f1-bead-86dce3f2ae39/x_large"
"2026-04-08 11:01:09","1004740748","TENDERS","","","","5.99","lb member price","","","2026-04-08","2026-04-14","Deli & Prepared Foods","https://f.wishabi.net/page_pdf_images/23045424/ed257c26-2ec4-11f1-bead-86dce3f2ae39/x_large"
"2026-04-08 11:01:09","1004740825","Pick up or Delivery","","","","","","","","2026-04-08","2026-04-14","Other","https://f.wishabi.net/page_items/415793219/1775156460/extra_large.jpg"
"2026-04-08 11:01:10","1004740758","Lucerne® Milk","","","","3.99","ea member price","","Lucerne®","2026-04-08","2026-04-14","Dairy & Eggs","https://f.wishabi.net/page_items/415793191/1775156454/extra_large.jpg"
"2026-04-08 11:01:10","1004740784","Chobani Greek, Less Sugar or Zero Sugar Yogurt","","","10 for","10.0","member price","","Chobani","2026-04-08","2026-04-14","Dairy & Eggs","https://f.wishabi.net/page_pdf_images/23045424/e4396348-2ec4-11f1-bead-86dce3f2ae39/x_large"
"2026-04-08 11:01:10","1004740793","Tillamook Ice Cream 1.5-qt. Ice Cream Bars 4-pack.","","","","3.99","ea member price","","Tillamook","2026-04-08","2026-04-14","Frozen","https://f.wishabi.net/page_items/415793205/1775156457/extra_large.jpg"
"2026-04-08 11:01:11","1004740856","Hass Avocado or Mango","","","4 for","5.0","member price","","","2026-04-08","2026-04-14","Produce","https://f.wishabi.net/page_pdf_images/23045424/dd4030ee-2ec4-11f1-bead-86dce3f2ae39/x_large"
"2026-04-08 11:01:11","1004740863","Lay's Kettle 7 to 8-oz. Doritos 6 to 10.75-oz. Ruffles 8.5 to 9-oz. Frito-Lay Baked! 6.25 to 7.62-oz.","","","4 for","10.0","member price when you buy 4","","Lay's | Doritos | Ruffles","2026-04-08","2026-04-14","Snacks","https://f.wishabi.net/page_pdf_images/23045424/ec8d08ba-2ec4-11f1-bead-86dce3f2ae39/x_large"
"2026-04-08 11:01:11","1004291260","Signature SELECT® Pork Spareribs","","","2 lbs for","5.0","member price","","Signature SELECT®","2026-04-10","2026-04-10","Meat & Seafood","https://f.wishabi.net/page_items/415436719/1775038349/extra_large.jpg"
"2026-04-08 11:01:12","1004291289","Dave's Killer Bread","","","","5.0","ea member price","","Dave's Killer","2026-04-10","2026-04-10","Bakery","https://f.wishabi.net/page_pdf_images/23030670/488ec378-2d59-11f1-9a54-2eadba6d270e/x_large"
"2026-04-08 11:01:12","1004740703","Sumo Citrus","","","","2.99","lb member price","","Sumo Citrus","2026-04-08","2026-04-14","Produce","https://f.wishabi.net/page_pdf_images/23045424/dd2debb4-2ec4-11f1-bead-86dce3f2ae39/x_large"
"2026-04-08 11:01:12","1004288935","Dove Whole Body Deodorant","","","","11.99","member price","","Dove","2026-04-08","2026-04-14","Personal Care","https://f.wishabi.net/page_pdf_images/23030676/50642426-2d59-11f1-bbf7-ca03f689e1d7/x_large"
"2026-04-08 11:01:13","1004288956","Playtex Tampons","","","","7.99","ea","9.99","Playtex","2026-04-08","2026-04-14","Personal Care","https://f.wishabi.net/page_pdf_images/23030676/3774f29c-2d59-11f1-bbf7-ca03f689e1d7/x_large"
"2026-04-08 11:01:13","1004288980","Pharmacy","","","","","","","","2026-04-08","2026-04-14","Health & Wellness","https://f.wishabi.net/page_items/415583691/1775038372/extra_large.jpg"
"2026-04-08 11:01:13","1004289505","Haribo Gummies","","","","2.49","member price","","Haribo","2026-04-08","2026-04-14","Snacks","https://f.wishabi.net/page_pdf_images/23030677/7fc55dc0-2d59-11f1-aad7-ca5610cc1816/x_large"
"2026-04-08 11:01:14","1004291245","Signature SELECT® 80% Lean Ground Beef Mega Pack","","","","5.0","lb","","Signature SELECT®","2026-04-10","2026-04-10","Meat & Seafood","https://f.wishabi.net/page_pdf_images/23030670/5a3d60a2-2d59-11f1-9a54-2eadba6d270e/x_large"
"2026-04-08 11:01:14","1004291258","SPAM Musubi 2-ct., Fresh Sushi","","","","5.0","ea member price","","","2026-04-10","2026-04-10","Deli & Prepared Foods","https://f.wishabi.net/page_pdf_images/23030670/517204a0-2d59-11f1-9a54-2eadba6d270e/x_large"
"2026-04-16 23:16:33","1005749590","Stouffer's Family Size Meal 28 to 40 oz., Macaroni & Cheese 40 oz.","","","","8.99","ea member price","","Stouffer's","2026-04-15","2026-04-21","Frozen","https://f.wishabi.net/page_items/416187850/1775646605/extra_large.jpg"
"2026-04-16 23:16:33","1005750182","Rockstar Energy Drink 16-oz. Gatorade 28-oz. Pure Leaf Tea 18.5-oz.","","","3 for","5.0","member price","","Rockstar | Pure Leaf | Gatorade","2026-04-17","2026-04-17","Beverages","https://f.wishabi.net/page_pdf_images/23064855/c9da6db6-32ee-11f1-acb1-fea9265c10ee/x_large"
"2026-04-16 23:16:34","1005746695","Starbucks","Earn 4X POINTS","","","8.99","ea member price when you buy 2","","Starbucks","2026-04-15","2026-04-21","Beverages","https://f.wishabi.net/page_pdf_images/23064845/a426fe9a-32ee-11f1-84a1-1aff69dff5cd/x_large"
"2026-04-16 23:16:34","1005746703","Coca-Cola, Pepsi, 7UP or Dr Pepper","BUY 2 GET 2 FREE, Member Price When you Buy 4","","","","","","Coca-Cola | Pepsi | 7UP | Dr Pepper","2026-04-15","2026-04-21","Beverages","https://f.wishabi.net/page_items/416187542/1775646603/extra_large.jpg"
"2026-04-16 23:16:34","1005746688","Sara Lee Bagels 5-ct. Oroweat English Muffins 12.5 to 14.5-oz. Signature SELECT® Sandwich Bread 20 to 22-oz. Breakfast Bread 16 to 22-oz.","","","","2.99","member price","","Sara Lee | Oroweat | Signature SELECT","2026-04-15","2026-04-21","Bakery","https://f.wishabi.net/page_pdf_images/23064845/958005f8-32ee-11f1-84a1-1aff69dff5cd/x_large"
"2026-04-16 23:16:35","1005746658","Signature SELECT® 80% Lean Ground Beef","","","","3.99","lb member price","","Signature SELECT®","2026-04-15","2026-04-21","Meat & Seafood","https://f.wishabi.net/page_pdf_images/23064845/8f70f5aa-32ee-11f1-84a1-1aff69dff5cd/x_large"
"2026-04-16 23:16:36","1005746667","Taylor Farms Chopped Salad Kit 7.3 to 13.5-oz. Fresh Express Chopped Salad Kit 6.7 to 13.3-oz.","","","","3.99","ea member price when you buy 2","","Taylor Farms | Fresh Express","2026-04-15","2026-04-21","Produce","https://f.wishabi.net/page_items/416187497/1775646594/extra_large.jpg"
"2026-04-16 23:16:36","1005746659","Signature SELECT® Pork Spareribs","","","","2.99","lb member price","","Signature SELECT®","2026-04-15","2026-04-21","Meat & Seafood","https://f.wishabi.net/page_items/416187489/1775646593/extra_large.jpg"
"2026-04-16 23:16:37","1005746672","Waterfront Bistro® Colossal Raw Shrimp","","","","6.99","lb member price","","WATERFRONT BISTRO®","2026-04-15","2026-04-21","Meat & Seafood","https://f.wishabi.net/page_items/416187501/1775646595/extra_large.jpg"
"2026-04-16 23:16:37","1005746704","Nabisco Ritz Crackers 8.8 to 13.7-oz. Premium Crackers 9 to 17-oz. Oreo Cookies 13.29 to 14.03-oz.","","","","2.49","ea member price","","Nabisco","2026-04-15","2026-04-21","Snacks","https://f.wishabi.net/page_items/416187539/1775646602/extra_large.jpg"
"2026-04-16 23:16:37","1005746709","Breyers Ice Cream 1.5-qt., Talenti Gelato Pint., Ben & Jerry's Ice Cream Pint.","","","","3.99","ea member price","","Breyers | Talenti | Ben & Jerry's","2026-04-15","2026-04-21","Frozen","https://f.wishabi.net/page_items/416187548/1775646604/extra_large.jpg"
"2026-04-16 23:16:38","1005746700","Barilla Pasta","","","","0.99","ea member price","","Barilla","2026-04-15","2026-04-21","Pantry","https://f.wishabi.net/page_items/416187529/1775646600/extra_large.jpg"
"2026-04-16 23:16:38","1005746664","Fresh Atlantic Salmon Portion","","","","4.99","ea member price","","","2026-04-15","2026-04-21","Meat & Seafood","https://f.wishabi.net/page_items/416187481/1775646591/extra_large.jpg"
"2026-04-16 23:16:39","1005746662","Signature SELECT® Thick Cut Bacon, 93% Lean Ground Turkey 16-oz.","","","","4.99","lb member price","","Signature SELECT®","2026-04-15","2026-04-21","Meat & Seafood","https://f.wishabi.net/page_pdf_images/23064845/946fef66-32ee-11f1-84a1-1aff69dff5cd/x_large"
"2026-04-16 23:16:39","1005746686","Lucerne® Cage Free Eggs","","","","2.99","ea member price","","Lucerne","2026-04-15","2026-04-21","Dairy & Eggs","https://f.wishabi.net/page_items/416187517/1775646598/extra_large.jpg"
"2026-04-16 23:16:39","1005748796","Nature's Truth or Signature Care® Vitamins","BUY 1 GET 1 FREE When you Buy 2 Member Price","","","","","","Nature's Truth | Signature Care®","2026-04-15","2026-04-21","Health & Wellness","https://f.wishabi.net/page_pdf_images/23064862/9c8c261a-32ee-11f1-90f7-ba2527cd5beb/x_large"
"2026-04-16 23:16:40","1005748879","Aussie Hair Care or Treatment","","","","5.99","member price","","Aussie","2026-04-15","2026-04-21","Personal Care","https://f.wishabi.net/page_pdf_images/23064862/afb434c6-32ee-11f1-90f7-ba2527cd5beb/x_large"
"2026-04-16 23:16:40","1005748795","Mars Share Size Candy","","","2 for","5.0","member price","","","2026-04-15","2026-04-21","Snacks","https://f.wishabi.net/page_pdf_images/23064862/8f278578-32ee-11f1-90f7-ba2527cd5beb/x_large"
"2026-04-16 23:16:41","1005748825","Quest Bar","","","2 for","6.0","member price","","Quest","2026-04-15","2026-04-21","Snacks","https://f.wishabi.net/page_pdf_images/23064862/9e855464-32ee-11f1-90f7-ba2527cd5beb/x_large"
"2026-04-16 23:16:41","1005748826","Lindt Excellence Bar","BUY 2 GET 1 FREE When you Buy 3 Member Price","","","","","","Lindt","2026-04-15","2026-04-21","Snacks","https://f.wishabi.net/page_pdf_images/23064862/9098a586-32ee-11f1-90f7-ba2527cd5beb/x_large"
"2026-04-16 23:16:42","1005748785","Werther's Originals","","","2 for","4.0","member price","","Werther's Original","2026-04-15","2026-04-21","Snacks","https://f.wishabi.net/page_pdf_images/23064862/a9ae6948-32ee-11f1-90f7-ba2527cd5beb/x_large"
"2026-04-16 23:16:42","1005748807","Mentos Curvy Bottle Gum","","","","3.99","member price","","Mentos","2026-04-15","2026-04-21","Snacks","https://f.wishabi.net/page_pdf_images/23064862/95eb0f24-32ee-11f1-90f7-ba2527cd5beb/x_large"
"2026-04-16 23:16:43","1005748803","Skittles, Starburst or Lifesavers","","","2 for","6.0","member price","","Skittles | Starburst | Lifesavers","2026-04-15","2026-04-21","Snacks","https://f.wishabi.net/page_pdf_images/23064862/925b1be2-32ee-11f1-90f7-ba2527cd5beb/x_large"
"2026-04-16 23:16:43","1005748873","Signature SELECT´® Baby Wipes","EARN 2x POINTS","","","5.99","member price","","Signature SELECT®","2026-04-15","2026-04-21","Personal Care","https://f.wishabi.net/page_pdf_images/23064862/97728a7a-32ee-11f1-90f7-ba2527cd5beb/x_large"
"2026-04-16 23:16:44","1005748815","Hi-Chew Stand Up Pouch","","","","7.99","member price","","Hi-Chew","2026-04-15","2026-04-21","Snacks","https://f.wishabi.net/page_pdf_images/23064862/abe40614-32ee-11f1-90f7-ba2527cd5beb/x_large"
"2026-04-16 23:16:44","1005748914","Boost High Protein Shakes","","","","12.99","member price","","Boost","2026-04-15","2026-04-21","Health & Wellness","https://f.wishabi.net/page_pdf_images/23064862/a300dcca-32ee-11f1-90f7-ba2527cd5beb/x_large"
"2026-04-16 23:16:45","1005748830","CLIF Bar","","","3 for","5.0","member price","","Clif Bar","2026-04-15","2026-04-21","Snacks","https://f.wishabi.net/page_pdf_images/23064862/9f7e8c64-32ee-11f1-90f7-ba2527cd5beb/x_large"
"2026-04-16 23:16:45","1005748835","Powercrunch Bars","","","","8.99","member price","","Power Crunch","2026-04-15","2026-04-21","Snacks","https://f.wishabi.net/page_pdf_images/23064862/a05492b4-32ee-11f1-90f7-ba2527cd5beb/x_large"
"2026-04-16 23:16:46","1005748857","Huggies Snug & Dry, Little Movers or Snugglers Jumbo Pack","","","","11.99","member price","","Huggies","2026-04-15","2026-04-21","Personal Care","https://f.wishabi.net/page_pdf_images/23064862/ad5ee3d8-32ee-11f1-90f7-ba2527cd5beb/x_large"
"2026-04-16 23:16:46","1005748909","Pantene Abundant Hair Care","","","","14.99","member price","","Pantene","2026-04-15","2026-04-21","Personal Care","https://f.wishabi.net/page_pdf_images/23064862/b0912930-32ee-11f1-90f7-ba2527cd5beb/x_large"
"2026-04-16 23:16:47","1005748883","Lysol Disinfecting Wipes","","","","4.99","member price","","Lysol","2026-04-15","2026-04-21","Household","https://f.wishabi.net/page_pdf_images/23064862/9bb7d900-32ee-11f1-90f7-ba2527cd5beb/x_large"
"2026-04-16 23:16:47","1005748894","5-hour Energy Shots","","","","19.99","member price","","5 Hour Energy","2026-04-15","2026-04-21","Beverages","https://f.wishabi.net/page_pdf_images/23064862/a5556572-32ee-11f1-90f7-ba2527cd5beb/x_large"
"2026-04-16 23:16:47","1005748819","Hershey Snack Size Bag","","","","5.99","member price","","Hershey's","2026-04-15","2026-04-21","Snacks","https://f.wishabi.net/page_pdf_images/23064862/aa94a98a-32ee-11f1-90f7-ba2527cd5beb/x_large"
"2026-04-16 23:16:48","1005748836","Pine-Sol Multi-Surface Cleaner","","","","4.49","ea","5.49","Pine-Sol","2026-04-15","2026-04-21","Household","https://f.wishabi.net/page_pdf_images/23064862/9325f984-32ee-11f1-90f7-ba2527cd5beb/x_large"
"2026-04-16 23:16:48","1005748837","Mr. Clean Magic Erasers","","","","2.99","ea","5.99","Mr. Clean","2026-04-15","2026-04-21","Household","https://f.wishabi.net/page_pdf_images/23064862/925ed534-32ee-11f1-90f7-ba2527cd5beb/x_large"
"2026-04-16 23:16:48","1005748910","Old Spice Swagger Deodorant","","","","17.99","member price","","Old Spice","2026-04-15","2026-04-21","Personal Care","https://f.wishabi.net/page_pdf_images/23064862/b11ffbc4-32ee-11f1-90f7-ba2527cd5beb/x_large"
"2026-04-16 23:16:49","1005748852","O Organics® Baby Food Pouch","Earn 2x POINTS","","4 for","5.0","member price","","O Organics®","2026-04-15","2026-04-21","Pantry","https://f.wishabi.net/page_pdf_images/23064862/9a4ef29c-32ee-11f1-90f7-ba2527cd5beb/x_large"
"2026-04-16 23:16:49","1005748900","Olay Super Serum Body Wash","","","","14.99","member price","","Olay","2026-04-15","2026-04-21","Personal Care","https://f.wishabi.net/page_pdf_images/23064862/b0678ed6-32ee-11f1-90f7-ba2527cd5beb/x_large"
"2026-04-16 23:16:50","1005748853","Signature Care® Electrolyte Solution","","","","4.99","member price","","Signature Care®","2026-04-15","2026-04-21","Health & Wellness","https://f.wishabi.net/page_pdf_images/23064862/ac19ad82-32ee-11f1-90f7-ba2527cd5beb/x_large"
"2026-04-16 23:16:50","1005748887","Aussie Ultra Wonder Hair Care","","","","10.99","member price","","Aussie","2026-04-15","2026-04-21","Personal Care","https://f.wishabi.net/page_pdf_images/23064862/a87c4450-32ee-11f1-90f7-ba2527cd5beb/x_large"
"2026-04-16 23:16:51","1005748789","Sour Patch Kids or Swedish Fish","","","4 for","5.0","member price","","Sour Patch | Swedish Fish","2026-04-15","2026-04-21","Snacks","https://f.wishabi.net/page_pdf_images/23064862/94dce350-32ee-11f1-90f7-ba2527cd5beb/x_large"
"2026-04-16 23:16:51","1005748784","Sour Patch Kids or Swedish Fish","","","4 for","5.0","member price","","Sour Patch | Swedish Fish","2026-04-15","2026-04-21","Snacks","https://f.wishabi.net/page_pdf_images/23064862/94dce350-32ee-11f1-90f7-ba2527cd5beb/x_large"
"2026-04-16 23:16:52","1005748810","Joyride Sour Gummy Worms or Ropes","","","","4.99","member price","","JOYRIDE","2026-04-15","2026-04-21","Snacks","https://f.wishabi.net/page_pdf_images/23064862/969336ae-32ee-11f1-90f7-ba2527cd5beb/x_large"
"2026-04-16 23:16:52","1005748886","Dr. Squatch Hair Care","","","","13.99","member price","","Dr. Squatch","2026-04-15","2026-04-21","Personal Care","https://f.wishabi.net/page_pdf_images/23064862/a8f4d438-32ee-11f1-90f7-ba2527cd5beb/x_large"
"2026-04-16 23:16:52","1005749455","Lucerne® Real Milk Creamer","EARN 4x POINTS","","2 for","7.0","member price","","Lucerne®","2026-04-15","2026-04-21","Dairy & Eggs","https://f.wishabi.net/page_pdf_images/23064849/a5899414-32ee-11f1-a480-068c66743702/x_large"
"2026-04-16 23:16:53","1005749437","Hormel Pepperoni Pillow Pack","EARN 4x POINTS","","","3.99","ea member price","","Hormel","2026-04-15","2026-04-21","Deli & Prepared Foods","https://f.wishabi.net/page_pdf_images/23064849/a1c40832-32ee-11f1-a480-068c66743702/x_large"
"2026-04-16 23:16:53","1005749456","O Organics® Tofu","EARN 4x POINTS","","","2.99","ea member price","","O Organics®","2026-04-15","2026-04-21","Produce","https://f.wishabi.net/page_pdf_images/23064849/a2b094d6-32ee-11f1-a480-068c66743702/x_large"
"2026-04-16 23:16:54","1005749507","Signature SELECT® Canned Tomatoes","EARN 4x POINTS","","2 for","3.0","member price","","Signature SELECT®","2026-04-15","2026-04-21","Pantry","https://f.wishabi.net/page_pdf_images/23064849/a873d54a-32ee-11f1-a480-068c66743702/x_large"
"2026-04-16 23:16:54","1005749449","Green Asparagus","","","","4.99","lb","","","2026-04-15","2026-04-21","Produce","https://f.wishabi.net/page_pdf_images/23064849/9e053356-32ee-11f1-a480-068c66743702/x_large"
"2026-04-16 23:16:55","1005749522","Coors, Bud or Miller 30-pack, 12-oz. Michelob 24-pack, 12-oz.","","","","22.99","member price","","Coors | Bud | Miller | Michelob","2026-04-15","2026-04-21","Beverages","https://f.wishabi.net/page_pdf_images/23064849/b6f810d6-32ee-11f1-a480-068c66743702/x_large"
"2026-04-16 23:16:55","1005749477","Boar's Head Grab-n-Go Wrap Sandwich","","","","8.99","ea","","Boar's Head","2026-04-15","2026-04-21","Deli & Prepared Foods","https://f.wishabi.net/page_items/416187691/1775646610/extra_large.jpg"
"2026-04-16 23:16:56","1005749524","Stoli 1.75-ltr. Maker's Mark or Teremana Blanco 750-ml.","","","","25.99","member price","","Stoli | Maker's Mark | Teremana Blanco","2026-04-15","2026-04-21","Beverages","https://f.wishabi.net/page_pdf_images/23064849/b1a2ce32-32ee-11f1-a480-068c66743702/x_large"
"2026-04-16 23:16:56","1005749526","Simply Because Rose Bouquet","","","","9.99","","","","2026-04-15","2026-04-21","Floral","https://f.wishabi.net/page_pdf_images/23064849/95502b3a-32ee-11f1-a480-068c66743702/x_large"
"2026-04-16 23:16:56","1005749020","Strawberries 1-lb. Blueberries, Raspberries or Blackberries 6-oz.","","","2 for","5.0","member price","","","2026-04-15","2026-04-21","Produce","https://f.wishabi.net/page_pdf_images/23064845/94c9289c-32ee-11f1-84a1-1aff69dff5cd/x_large"
"2026-04-16 23:16:57","1005749024","safeway.com","","","","","","","","2026-04-15","2026-04-21","Other","https://f.wishabi.net/page_items/416292011/1775646608/extra_large.jpg"
"2026-04-16 23:16:57","1005749021","USDA Choice Beef New York Strip Steak","","","","7.99","lb member price","","","2026-04-18","2026-04-19","Meat & Seafood","https://f.wishabi.net/page_pdf_images/23064845/a7ce4d28-32ee-11f1-84a1-1aff69dff5cd/x_large"
"2026-04-16 23:16:58","1005749022","Lay's Potato Chips or Poppables 5 to 8-oz. SunChips 7-oz. Frito-Lay Baked! Chips 6.25 to 7.62-oz. Fritos 9.25 to 10-oz.","","","","2.49","ea member price when you buy 4","","Lay's | SunChips | Frito-Lay | Fritos","2026-04-15","2026-04-21","Snacks","https://f.wishabi.net/page_pdf_images/23064845/98f819b4-32ee-11f1-84a1-1aff69dff5cd/x_large"
"2026-04-16 23:16:58","1005749023","Modelo, Corona, Pacifico, Stella Artois or Heineken 12-pack, 11.2 to 12-oz. Sun Cruiser 8-pack, 12-oz.","","","","12.99","ea member price when you buy 2","","Modelo | Corona | Pacifico | Stella Artois | Heineken | Sun Cruiser","2026-04-15","2026-04-21","Beverages","https://f.wishabi.net/page_pdf_images/23064845/ad87bf9c-32ee-11f1-84a1-1aff69dff5cd/x_large"
"2026-04-16 23:16:59","1005749789","Signature SELECT® Pork Tenderloin","","","","4.99","lb member price","","Signature SELECT®","2026-04-15","2026-04-21","Meat & Seafood","https://f.wishabi.net/page_items/416187609/1775646592/extra_large.jpg"
"2026-04-16 23:16:59","1005749426","Chef's Counter™ Marinated Tri Tip Roast","","","","8.99","lb member price","","Chef's Counter","2026-04-15","2026-04-21","Meat & Seafood","https://f.wishabi.net/page_pdf_images/23064849/aa46d1b0-32ee-11f1-a480-068c66743702/x_large"
"2026-04-16 23:17:00","1005749422","O Organics® Boneless Skinless Chicken Breasts","","","","8.99","lb member price","","O Organics®","2026-04-15","2026-04-21","Meat & Seafood","https://f.wishabi.net/page_pdf_images/23064849/982cd7ae-32ee-11f1-a480-068c66743702/x_large"
"2026-04-16 23:17:00","1005749471","Totino's Pizza Rolls","EARN 4X POINTS","","","5.99","member price","","Totino's","2026-04-15","2026-04-21","Frozen","https://f.wishabi.net/page_pdf_images/23064849/a67e6836-32ee-11f1-a480-068c66743702/x_large"
"2026-04-16 23:17:01","1005749490","French or Sourdough Baguette","","","","2.49","member price","","","2026-04-15","2026-04-21","Bakery","https://f.wishabi.net/page_pdf_images/23064849/a0d5cbb8-32ee-11f1-a480-068c66743702/x_large"
"2026-04-16 23:17:02","1005749492","Angel Food Cake","","","","3.99","","","","2026-04-15","2026-04-21","Bakery","https://f.wishabi.net/page_pdf_images/23064849/973e40f8-32ee-11f1-a480-068c66743702/x_large"
"2026-04-16 23:17:02","1005749525","Rombauer, Frank Family or Domaine Carneros","","","","37.99","member price","","Rombauer | Frank Family | Domaine Carneros","2026-04-15","2026-04-21","Beverages","https://f.wishabi.net/page_pdf_images/23064849/b2a47e5c-32ee-11f1-a480-068c66743702/x_large"
"2026-04-16 23:17:02","1005749539","Meiomi, Mumm or Talbott Kali Hart","","","","15.99","ea member price when you buy 6 or more","","Meiomi | Mumm | Talbott Kali Hart","2026-04-15","2026-04-21","Beverages","https://f.wishabi.net/page_pdf_images/23064849/b37a8146-32ee-11f1-a480-068c66743702/x_large"
"2026-04-16 23:17:03","1005749546","Open Nature® Sockeye Salmon Fillet","","","","14.99","lb member price","","OPEN NATURE®","2026-04-15","2026-04-21","Meat & Seafood","https://f.wishabi.net/page_items/416187811/1775646595/extra_large.jpg"
"2026-04-16 23:17:03","1005749552","Guerrero King Size Corn Tortillas 30-ct. Flour or Soft Taco Tortillas 10-ct.","","","","1.99","ea member price","","Guerrero","2026-04-15","2026-04-21","Pantry","https://f.wishabi.net/page_items/416187826/1775646599/extra_large.jpg"
"2026-04-16 23:17:04","1005749619","Quilted Northern Bath Tissue 12-Mega Rolls. Selected varieties. Angel Soft Bath Tissue 16-Mega Rolls. Brawny Paper Towels 8-Double Rolls.","","","","12.99","ea member price","","Quilted Northern | Angel Soft | Brawny","2026-04-15","2026-04-21","Household","https://f.wishabi.net/page_items/416187867/1775646611/extra_large.jpg"
"2026-04-16 23:17:04","1005749606","Fireball","","","","8.99","ea member price","","Fireball","2026-04-15","2026-04-21","Beverages","https://f.wishabi.net/page_items/416187860/1775646609/extra_large.jpg"
"2026-04-16 23:17:05","1005749610","Jimmy Dean Breakfast Bowl","","","","3.99","ea member price","","Jimmy Dean","2026-04-15","2026-04-21","Frozen","https://f.wishabi.net/page_items/416187853/1775646606/extra_large.jpg"
"2026-04-16 23:17:05","1005749612","La Croix Sparkling Water","","","","3.99","ea member price","","LaCroix","2026-04-15","2026-04-21","Beverages","https://f.wishabi.net/page_items/416187862/1775646609/extra_large.jpg"
"2026-04-16 23:17:06","1005749497","Two-Bite Mini Muffins","","","","6.99","","","","2026-04-15","2026-04-21","Bakery","https://f.wishabi.net/page_pdf_images/23064849/9dffd19a-32ee-11f1-a480-068c66743702/x_large"
"2026-04-16 23:17:06","1005749483","Open Nature® Pita Chips 7.3-oz. Signature SELECT® Hummus 10-oz.","","","","3.99","ea member price","","Open Nature® | Signature SELECT®","2026-04-15","2026-04-21","Snacks","https://f.wishabi.net/page_items/416187699/1775646611/extra_large.jpg"
"2026-04-16 23:17:06","1005749528","Think Spring Bouquet","","","","8.99","member price","","","2026-04-15","2026-04-21","Floral","https://f.wishabi.net/page_pdf_images/23064849/8f00cbe0-32ee-11f1-a480-068c66743702/x_large"
"2026-04-16 23:17:07","1005749435","Rosina Meatballs","","","","6.99","ea member price","","Rosina","2026-04-15","2026-04-21","Frozen","https://f.wishabi.net/page_pdf_images/23064849/99440a0e-32ee-11f1-a480-068c66743702/x_large"
"2026-04-16 23:17:07","1005749542","Hormel Black Label Bacon","","","","6.99","ea member price","","Hormel","2026-04-15","2026-04-21","Meat & Seafood","https://f.wishabi.net/page_items/416187805/1775646593/extra_large.jpg"
"2026-04-16 23:17:08","1005749601","Ocean Spray Cranberry Juice Cocktail","","","","4.29","ea member price","","Ocean Spray","2026-04-15","2026-04-21","Beverages","https://f.wishabi.net/page_items/416187859/1775646608/extra_large.jpg"
"2026-04-16 23:17:08","1005749559","Ball Park Hot Dog or Hamburger Buns","","","","2.99","ea member price","","Ball Park","2026-04-15","2026-04-21","Bakery","https://f.wishabi.net/page_items/416187817/1775646596/extra_large.jpg"
"2026-04-16 23:17:09","1005749545","Aidells Gourmet Sausage","","","","4.99","ea member price","","Aidells","2026-04-15","2026-04-21","Meat & Seafood","https://f.wishabi.net/page_items/416187808/1775646594/extra_large.jpg"
"2026-04-16 23:17:09","1005749772","Rocky Chicken Drumsticks","BUY 1 GET 1 FREE Member Price When you Buy 2","","","","","","","2026-04-15","2026-04-21","Meat & Seafood","https://f.wishabi.net/page_items/416187632/1775646596/extra_large.jpg"
"2026-04-16 23:17:10","1005749802","Quaker Instant Oatmeal","Earn 4x POINTS","","2 for","5.0","member price","","Quaker","2026-04-15","2026-04-21","Pantry","https://f.wishabi.net/page_pdf_images/23064849/a787e7fc-32ee-11f1-a480-068c66743702/x_large"
"2026-04-16 23:17:10","1005749797","Lemon","","","","0.99","ea","","","2026-04-15","2026-04-21","Produce","https://f.wishabi.net/page_pdf_images/23064849/9ef90e72-32ee-11f1-a480-068c66743702/x_large"
"2026-04-16 23:17:11","1005749799","Pristine Green Seedless Grapes","","","","4.99","lb","","","2026-04-15","2026-04-21","Produce","https://f.wishabi.net/page_pdf_images/23064849/9738d078-32ee-11f1-a480-068c66743702/x_large"
"2026-04-16 23:17:11","1005749790","Signature SELECT® Assorted Pork Loin Chops","","","","3.99","lb member price","","Signature SELECT®","2026-04-15","2026-04-21","Meat & Seafood","https://f.wishabi.net/page_pdf_images/23064849/9224409a-32ee-11f1-a480-068c66743702/x_large"
"2026-04-16 23:17:12","1005749791","Fresh Atlantic Salmon Whole Fillet","","","","10.99","lb member price","","","2026-04-15","2026-04-21","Meat & Seafood","https://f.wishabi.net/page_items/416187637/1775646597/extra_large.jpg"
"2026-04-16 23:17:12","1005749793","Signature SELECT® Mandarins","","","","5.0","ea member price","","Signature SELECT®","2026-04-15","2026-04-21","Produce","https://f.wishabi.net/page_pdf_images/23064849/96414484-32ee-11f1-a480-068c66743702/x_large"
"2026-04-16 23:17:12","1005749792","Jumbo Snow Crab Clusters","","","","14.99","lb member price","","","2026-04-15","2026-04-21","Meat & Seafood","https://f.wishabi.net/page_items/416187641/1775646598/extra_large.jpg"
"2026-04-16 23:17:13","1005749795","Personal Seedless Watermelon","","","","4.99","ea member price","","","2026-04-15","2026-04-21","Produce","https://f.wishabi.net/page_pdf_images/23064849/96469588-32ee-11f1-a480-068c66743702/x_large"
"2026-04-16 23:17:13","1005749796","Cosmic Crisp Apples","","","","1.99","lb member price","","","2026-04-15","2026-04-21","Produce","https://f.wishabi.net/page_items/416187665/1775646602/extra_large.jpg"
"2026-04-16 23:17:14","1005750130","Dawn Ultra Dish Soap 67-oz. Liquid. Cascade Action Pacs 19 to 33-ct.","Earn 6x POINTS","","","8.99","ea member price","10.99","Dawn | Cascade","2026-04-15","2026-04-21","Household","https://f.wishabi.net/page_pdf_images/23064855/92dec78a-32ee-11f1-acb1-fea9265c10ee/x_large"
"2026-04-16 23:17:14","1005750017","Gas Patio Heater","25% OFF Member Price","","","","","","","2026-04-15","2026-04-21","Household","https://f.wishabi.net/page_pdf_images/23064863/bc6fafce-32ee-11f1-a8dc-029a147fca14/x_large"
"2026-04-16 23:17:15","1005750009","Dove Whole Body Deodorant","","","","11.99","member price","","Dove","2026-04-15","2026-04-21","Personal Care","https://f.wishabi.net/page_pdf_images/23064863/9b4b6cfc-32ee-11f1-a8dc-029a147fca14/x_large"
"2026-04-16 23:17:15","1005750030","TRESemmé Styling Aids","","","","14.99","member price","","TRESemmé","2026-04-15","2026-04-21","Personal Care","https://f.wishabi.net/page_pdf_images/23064863/9faa0204-32ee-11f1-a8dc-029a147fca14/x_large"
"2026-04-16 23:17:16","1005750039","Pharmacy","","","","","","","","2026-04-15","2026-04-21","Health & Wellness","https://f.wishabi.net/page_items/416292017/1775646621/extra_large.jpg"
"2026-04-16 23:17:16","1005749908","Your Mother's Curl Talk","","","","9.99","member price","","Not Your Mother's","2026-04-15","2026-04-21","Personal Care","https://f.wishabi.net/page_pdf_images/23064863/b21ffb5a-32ee-11f1-a8dc-029a147fca14/x_large"
"2026-04-16 23:17:17","1005749943","Tom's of Maine Mouthwash","","","","6.99","member price","","Tom's of Maine","2026-04-15","2026-04-21","Personal Care","https://f.wishabi.net/page_pdf_images/23064863/b84cdb2e-32ee-11f1-a8dc-029a147fca14/x_large"
"2026-04-16 23:17:17","1005749898","Softsoap Hand Soap","SAVE $5 OFF $25","","","3.99","member price","","Softsoap","2026-04-15","2026-04-28","Personal Care","https://f.wishabi.net/page_pdf_images/23064863/aeda5080-32ee-11f1-a8dc-029a147fca14/x_large"
"2026-04-16 23:17:18","1005749933","Crest Complete or Pro Health Toothpaste 4.3 to 5.4-oz. Q-Tips Swabs 500-ct.","","","","5.99","member price","","Crest | Q-Tips","2026-04-15","2026-04-21","Personal Care","https://f.wishabi.net/page_pdf_images/23064863/b5c83fb0-32ee-11f1-a8dc-029a147fca14/x_large"
"2026-04-16 23:17:18","1005749931","Dollar Shave Club Cartridges","","","","8.99","member price","","Dollar Shave Club","2026-04-15","2026-04-21","Personal Care","https://f.wishabi.net/page_pdf_images/23064863/b6a19abc-32ee-11f1-a8dc-029a147fca14/x_large"
"2026-04-16 23:17:19","1005749913","Dial Body Wash","","","","5.99","member price","","Dial","2026-04-15","2026-04-21","Personal Care","https://f.wishabi.net/page_pdf_images/23064863/af84231c-32ee-11f1-a8dc-029a147fca14/x_large"
"2026-04-16 23:17:19","1005749966","OFF! Bug Repellent","","","","11.49","member price","","Off!","2026-04-15","2026-04-21","Personal Care","https://f.wishabi.net/page_pdf_images/23064863/a507e1d0-32ee-11f1-a8dc-029a147fca14/x_large"
"2026-04-16 23:17:19","1005750023","Signature SELECT® Wood Bench with Foldable Table","25% OFF Member Price","","","","","","Signature SELECT®","2026-04-15","2026-04-21","Household","https://f.wishabi.net/page_pdf_images/23064863/bc98b0d6-32ee-11f1-a8dc-029a147fca14/x_large"
"2026-04-16 23:17:20","1005750004","Signature SELECT® 5-Piece Patio Set","25% OFF Member Price","","","","","","Signature SELECT®","2026-04-15","2026-04-21","Household","https://f.wishabi.net/page_pdf_images/23064863/a330f11c-32ee-11f1-a8dc-029a147fca14/x_large"
"2026-04-16 23:17:20","1005749907","Cetaphil Skin Cleanser or Lotion","","","","17.99","member price","","Cetaphil","2026-04-15","2026-04-21","Personal Care","https://f.wishabi.net/page_pdf_images/23064863/b4b6df1e-32ee-11f1-a8dc-029a147fca14/x_large"
"2026-04-16 23:17:20","1005749944","Softsoap Liquid Hand Soap Refill","","","","6.99","ea","8.99","Softsoap","2026-04-15","2026-04-21","Personal Care","https://f.wishabi.net/page_pdf_images/23064863/ab1f684a-32ee-11f1-a8dc-029a147fca14/x_large"
"2026-04-16 23:17:21","1005749990","Dove Bar Soap","","","","11.99","member price","","Dove","2026-04-15","2026-04-28","Personal Care","https://f.wishabi.net/page_pdf_images/23064863/9791ae0a-32ee-11f1-a8dc-029a147fca14/x_large"
"2026-04-16 23:17:21","1005749955","Dove Dry Spray or Clinical Protection Deodorant","","","","9.99","member price","","Dove","2026-04-15","2026-04-21","Personal Care","https://f.wishabi.net/page_pdf_images/23064863/986f002a-32ee-11f1-a8dc-029a147fca14/x_large"
"2026-04-16 23:17:22","1005749963","Dove Body Wash","","","","9.99","member price","","Dove","2026-04-15","2026-04-21","Personal Care","https://f.wishabi.net/page_pdf_images/23064863/9dd0af78-32ee-11f1-a8dc-029a147fca14/x_large"
"2026-04-16 23:17:22","1005750110","Charmin Bath Tissue 12-Mega Rolls. Bounty Paper Towels 6-Doubles Plus Rolls","EARN 6x POINTS","","","14.99","ea member price","","Bounty | Charmin","2026-04-15","2026-04-21","Household","https://f.wishabi.net/page_pdf_images/23064855/a07097f2-32ee-11f1-acb1-fea9265c10ee/x_large"
"2026-04-16 23:17:23","1005750120","Gain Flings 60-ct. Laundry Detergent 144-oz.","EARN 6x POINTS","","","12.99","ea member price","","Gain","2026-04-15","2026-04-21","Household","https://f.wishabi.net/page_pdf_images/23064855/b9558426-32ee-11f1-acb1-fea9265c10ee/x_large"
"2026-04-16 23:17:23","1005750150","Oroweat Variety Bread","","","2 for","5.0","member price","","Oroweat","2026-04-17","2026-04-17","Bakery","https://f.wishabi.net/page_pdf_images/23064855/a8c813b2-32ee-11f1-acb1-fea9265c10ee/x_large"
"2026-04-16 23:17:24","1005750139","SPAM Musubi 2-ct., Fresh Sushi","","","","5.0","ea member price","","","2026-04-17","2026-04-17","Deli & Prepared Foods","https://f.wishabi.net/page_pdf_images/23064855/c06cb374-32ee-11f1-acb1-fea9265c10ee/x_large"
"2026-04-16 23:17:24","1005750153","Red Seedless Grapes","","","","5.0","member price","","","2026-04-17","2026-04-17","Produce","https://f.wishabi.net/page_pdf_images/23064855/a68f1b7c-32ee-11f1-acb1-fea9265c10ee/x_large"
"2026-04-16 23:17:25","1005750170","Sweet Baby Ray's Barbecue Sauce 28-oz. Kraft Salad Dressing 16-oz.","","","2 for","5.0","member price","","Sweet Baby Ray's | Kraft","2026-04-17","2026-04-17","Pantry","https://f.wishabi.net/page_pdf_images/23064855/c653a338-32ee-11f1-acb1-fea9265c10ee/x_large"
"2026-04-16 23:17:25","1005750181","Savvy B Sauvignon Blanc","","","","5.0","ea member price","","savvy","2026-04-17","2026-04-17","Beverages","https://f.wishabi.net/page_pdf_images/23064855/c7caa748-32ee-11f1-acb1-fea9265c10ee/x_large"
"2026-04-16 23:17:26","1005750143","Waterfront Bistro® Jumbo Raw Shrimp","","","","5.0","lb member price","","WATERFRONT BISTRO®","2026-04-17","2026-04-17","Meat & Seafood","https://f.wishabi.net/page_pdf_images/23064855/98e7913e-32ee-11f1-acb1-fea9265c10ee/x_large"
"2026-04-16 23:17:26","1005750111","Tide Laundry Detergent or Pods","EARN 6x POINTS","","","7.99","ea member price","","Tide","2026-04-15","2026-04-21","Household","https://f.wishabi.net/page_pdf_images/23064855/9d3b7476-32ee-11f1-acb1-fea9265c10ee/x_large"
"2026-04-16 23:17:27","1005750135","Signature SELECT® Pork Shoulder Country Style Ribs or Blade Steak","","","","5.0","member price","","Signature SELECT®","2026-04-17","2026-04-17","Meat & Seafood","https://f.wishabi.net/page_items/416187905/1775646600/extra_large.jpg"
"2026-04-16 23:17:27","1005750147","Dibrova Sausage 16-oz., Evergood Sausage 12-oz.","","","","5.0","ea member price","","Dibrova | Evergood","2026-04-17","2026-04-17","Meat & Seafood","https://f.wishabi.net/page_pdf_images/23064855/bb762e9a-32ee-11f1-acb1-fea9265c10ee/x_large"
"2026-04-16 23:17:28","1005750183","Tulips","","","","5.0","ea member price","","","2026-04-17","2026-04-17","Floral","https://f.wishabi.net/page_items/416187942/1775646611/extra_large.jpg"
"2026-04-16 23:17:28","1005750607","Graza Olive Oil","","","","12.99","member price","","Graza","2026-04-15","2026-04-21","Pantry","https://f.wishabi.net/page_pdf_images/23064859/8f315ef4-32ee-11f1-ade6-2eb52cdcb975/x_large"
"2026-04-16 23:17:28","1005750614","Ore-Ida Fries 26 to 32-oz. Hash Browns Potatoes 28 to 32-oz","","","","4.99","member price","","Ore-Ida","2026-04-15","2026-04-21","Frozen","https://f.wishabi.net/page_pdf_images/23064859/931d217e-32ee-11f1-ade6-2eb52cdcb975/x_large"
"2026-04-16 23:17:29","1005750688","Kodiak Cakes Gluten Free Pancake Mix","","","","5.99","ea member price","","Kodiak","2026-04-15","2026-04-21","Pantry","https://f.wishabi.net/page_pdf_images/23064861/ae45dc66-32ee-11f1-ba1c-7e3934cb6a41/x_large"
"2026-04-16 23:17:29","1005750613","Magnum Ice Cream Bars 3-ct., Yasso Novelties 4-ct.","","","","5.99","member price","","Magnum | Yasso","2026-04-15","2026-04-21","Frozen","https://f.wishabi.net/page_pdf_images/23064859/969229a8-32ee-11f1-ade6-2eb52cdcb975/x_large"
"2026-04-16 23:17:29","1005750603","Safeway Stock up","","","","","","","","2026-04-15","2026-04-21","Other","https://f.wishabi.net/page_items/416187952/1775646595/extra_large.jpg"
"2026-04-16 23:17:30","1005750644","Navel Oranges","","","","5.99","ea member price","","","2026-04-15","2026-04-21","Produce","https://f.wishabi.net/page_pdf_images/23064861/a897c11c-32ee-11f1-ba1c-7e3934cb6a41/x_large"
"2026-04-16 23:17:30","1005750664","Signature SELECT® Canned Tomatoes","","","","2.49","member price","","Signature SELECT®","2026-04-15","2026-04-21","Pantry","https://f.wishabi.net/page_pdf_images/23064861/ad5df3c4-32ee-11f1-ba1c-7e3934cb6a41/x_large"
"2026-04-16 23:17:31","1005750673","Heinz Tomato Ketchup","EARN 2x POINTS","","","4.99","member price","","Heinz","2026-04-15","2026-04-21","Pantry","https://f.wishabi.net/page_pdf_images/23064861/b140b346-32ee-11f1-ba1c-7e3934cb6a41/x_large"
"2026-04-16 23:17:31","1005750670","Pillsbury Frosting 16-oz. Cake Mix 15.25-oz.","Earn 2X POINTS","","2 for","5.0","member price","","Pillsbury","2026-04-15","2026-04-21","Pantry","https://f.wishabi.net/page_pdf_images/23064861/b2d21b32-32ee-11f1-ba1c-7e3934cb6a41/x_large"
"2026-04-16 23:17:31","1005750692","Home Run Inn Pizza 27 to 30.5-oz. Gino's East Deep Dish Pizza 32-oz.","","","","5.99","ea member price","","Home Run Inn | Gino's East","2026-04-15","2026-04-21","Frozen","https://f.wishabi.net/page_pdf_images/23064861/b0f34390-32ee-11f1-ba1c-7e3934cb6a41/x_large"
"2026-04-16 23:17:32","1005750643","Health-Ade Kombucha","EARN 2X POINTS","","2 for","7.0","member price","","Health-Ade Kombucha","2026-04-15","2026-04-21","Beverages","https://f.wishabi.net/page_pdf_images/23064861/a60e18ec-32ee-11f1-ba1c-7e3934cb6a41/x_large"
"2026-04-16 23:17:32","1005750628","Sargento String or Stick Cheese, 9 to 12-oz. or Shareables 6-oz.","","","","4.99","member price","","Sargento","2026-04-15","2026-04-21","Dairy & Eggs","https://f.wishabi.net/page_pdf_images/23064861/8f948a88-32ee-11f1-ba1c-7e3934cb6a41/x_large"
"2026-04-16 23:17:33","1005750636","GT's Kombucha","EARN 2x POINTS","","2 for","6.0","member price","","GT's Kombucha","2026-04-15","2026-04-21","Beverages","https://f.wishabi.net/page_pdf_images/23064861/a4f101cc-32ee-11f1-ba1c-7e3934cb6a41/x_large"
"2026-04-16 23:17:33","1005749915","Unilever","","","","","","","","2026-04-15","2026-04-21","Other","https://f.wishabi.net/page_items/416188107/1775646600/extra_large.jpg"
"2026-04-16 23:17:33","1005749905","Method Body Wash","SAVE $5 OFF $25","","","9.99","member price","","Method","2026-04-15","2026-04-28","Personal Care","https://f.wishabi.net/page_pdf_images/23064863/b0a244ae-32ee-11f1-a8dc-029a147fca14/x_large"
"2026-04-16 23:17:34","1005749927","Mucinex Fast-Max Cold & Flu Relief","","","","18.99","member price","","Mucinex","2026-04-15","2026-04-21","Health & Wellness","https://f.wishabi.net/page_pdf_images/23064863/b74a8500-32ee-11f1-a8dc-029a147fca14/x_large"
"2026-04-16 23:17:34","1005749801","Signature SELECT® Cranberry Juice Cocktail or Apple Juice","EARN 4x POINTS","","2 for","6.0","member price","","Signature SELECT®","2026-04-15","2026-04-21","Beverages","https://f.wishabi.net/page_pdf_images/23064849/a6959d76-32ee-11f1-a480-068c66743702/x_large"
"2026-04-16 23:17:35","1005750167","Kettle Brand Potato Chips","","","2 for","5.0","member price","","Kettle","2026-04-17","2026-04-17","Snacks","https://f.wishabi.net/page_pdf_images/23064855/ad2aa442-32ee-11f1-acb1-fea9265c10ee/x_large"
"2026-04-16 23:17:35","1005750117","Bounty Paper Towels","Earn 6x POINTS","","","21.99","ea member price","","Bounty","2026-04-15","2026-04-21","Household","https://f.wishabi.net/page_pdf_images/23064855/9c41f612-32ee-11f1-acb1-fea9265c10ee/x_large"
"2026-04-16 23:17:36","1005750123","Puffs Facial Tissue","Earn 6x POINTS","","3 for","5.0","member price","","Puffs","2026-04-15","2026-04-21","Household","https://f.wishabi.net/page_pdf_images/23064855/9a58e23e-32ee-11f1-acb1-fea9265c10ee/x_large"
"2026-04-16 23:17:36","1005749589","Nabisco Newtons Cookies 10-oz. Nilla Wafers 11-oz. Honey Maid Grahams 12.2 to 14.4-oz.","","","","2.99","ea member price","","Nabisco | Nilla | Honey Maid","2026-04-15","2026-04-21","Snacks","https://f.wishabi.net/page_items/416187844/1775646604/extra_large.jpg"
"2026-04-16 23:17:36","1005750696","Galbani Mozzarella or Ricotta Cheese","","","","4.99","ea member price","","Galbani","2026-04-15","2026-04-21","Dairy & Eggs","https://f.wishabi.net/page_pdf_images/23064861/b4030188-32ee-11f1-ba1c-7e3934cb6a41/x_large"
"2026-04-16 23:17:37","1005748841","Baby Club Savings","Buy $25 SAVE $5","","","","","","","2026-04-15","2026-04-21","Other","https://f.wishabi.net/page_items/416188083/1775646605/extra_large.jpg"
"2026-04-16 23:17:37","1005750122","Dawn EZ-Squeeze Dish Soap","-0.50 DIGITAL COUPON","","","4.49","ea member price","4.99","Dawn","2026-04-15","2026-04-21","Household","https://f.wishabi.net/page_pdf_images/23064855/b715548e-32ee-11f1-acb1-fea9265c10ee/x_large"
"2026-04-16 23:17:38","1005750115","Downy Fabric Softener 18.2-oz. Beads or 140-oz. Liquid Ultra., Bounce Fabric Softener Sheets 180-ct.","EARN 6X POINTS","","","9.99","ea member price","","Downy | Bounce","2026-04-15","2026-04-21","Household","https://f.wishabi.net/page_pdf_images/23064855/9ad0ddd4-32ee-11f1-acb1-fea9265c10ee/x_large"
"2026-04-16 23:17:38","1005749800","Safeway Stock up","","","","","","","","2026-04-15","2026-04-21","Other","https://f.wishabi.net/page_items/416291958/1775646623/extra_large.jpg"
"2026-04-16 23:17:39","1005750620","Freshpass","5% off","","","","","","","2026-04-15","2026-04-21","Other","https://f.wishabi.net/page_items/416291957/1775646595/extra_large.jpg"
"2026-04-16 23:17:40","1005748917","Pharmacy","","","","","","","","2026-04-15","2026-04-21","Health & Wellness","https://f.wishabi.net/page_items/416292205/1775646616/extra_large.jpg"
"2026-04-16 23:17:40","1005749469","Primo Taglio® Ham off the Bone Or Cheddar Cheese","","","","9.99","lb member price","","Primo Taglio®","2026-04-15","2026-04-21","Deli & Prepared Foods","https://f.wishabi.net/page_pdf_images/23064849/8ff229a4-32ee-11f1-a480-068c66743702/x_large"
"2026-04-16 23:17:41","1005749474","King's Hawaiian Ube Coconut Rolls","","","","5.99","ea","","King's Hawaiian","2026-04-15","2026-04-21","Bakery","https://f.wishabi.net/page_pdf_images/23064849/abf4e542-32ee-11f1-a480-068c66743702/x_large"
"2026-04-16 23:17:41","1005749972","BBQ Tools","BUY 1 GET 1 50% OFF Member Price","","","","","","","2026-04-15","2026-04-21","Household","https://f.wishabi.net/page_pdf_images/23064863/a4eff106-32ee-11f1-a8dc-029a147fca14/x_large"
"2026-04-16 23:17:41","1005749616","Tidy Cats Litter","","","","9.99","ea member price","","Tidy Cats","2026-04-15","2026-04-21","Household","https://f.wishabi.net/page_items/416187864/1775646610/extra_large.jpg"
"2026-04-16 23:17:42","1005749585","Kellogg's Eggo Waffles","","","","2.49","ea member price","","Kellogg's","2026-04-15","2026-04-21","Frozen","https://f.wishabi.net/page_items/416187841/1775646603/extra_large.jpg"
"2026-04-16 23:17:42","1005749563","Bertolli Pasta Sauce","","","","2.49","ea member price","","Bertolli","2026-04-15","2026-04-21","Pantry","https://f.wishabi.net/page_items/416187829/1775646599/extra_large.jpg"
"2026-04-16 23:17:42","1005749573","Florida's Natural Orange Juice","","","","5.99","ea member price","","Florida's Natural","2026-04-15","2026-04-21","Beverages","https://f.wishabi.net/page_items/416187831/1775646600/extra_large.jpg"
"2026-04-16 23:17:43","1005749586","Kinder's Dry Rub 4.2 to 6.25-oz., BBQ Sauce 15.3 to 20-oz.","","","","3.49","ea member price","","Kinder's","2026-04-15","2026-04-21","Pantry","https://f.wishabi.net/page_items/416187836/1775646602/extra_large.jpg"
"2026-04-16 23:17:43","1005749502","Mini Chocolate Chip Cookies","","","","7.99","","","","2026-04-15","2026-04-21","Bakery","https://f.wishabi.net/page_pdf_images/23064849/ace5d9a2-32ee-11f1-a480-068c66743702/x_large"
"2026-04-16 23:17:44","1005749515","Signature SELECT® Stargazer or White Lilies","","","","10.99","","","Signature SELECT®","2026-04-15","2026-04-21","Floral","https://f.wishabi.net/page_pdf_images/23064849/a1aae2b2-32ee-11f1-a480-068c66743702/x_large"
"2026-04-16 23:17:44","1005749934","Degree Deodorant","","","","5.99","member price","","Degree","2026-04-15","2026-04-21","Personal Care","https://f.wishabi.net/page_pdf_images/23064863/95c5ad42-32ee-11f1-a8dc-029a147fca14/x_large"
"2026-04-16 23:17:45","1005749988","Garden Décor","25% OFF Member Price","","","","","","","2026-04-15","2026-04-21","Household","https://f.wishabi.net/page_pdf_images/23064863/b9fe0c2c-32ee-11f1-a8dc-029a147fca14/x_large"
"2026-04-16 23:17:45","1005749994","Signature SELECT® Patio Umbrella","","","","49.99","member price","","Signature SELECT®","2026-04-15","2026-04-21","Household","https://f.wishabi.net/page_pdf_images/23064863/a343669e-32ee-11f1-a8dc-029a147fca14/x_large"
"2026-04-16 23:17:46","1005750005","Signature SELECT® Cast Iron Bench with Star","25% OFF Member Price","","","","","","Signature SELECT®","2026-04-15","2026-04-21","Household","https://f.wishabi.net/page_pdf_images/23064863/bbbb2aea-32ee-11f1-a8dc-029a147fca14/x_large"
"2026-04-16 23:17:46","1005749557","Dannon Greek Yogurt","","","","3.99","ea member price","","Dannon","2026-04-15","2026-04-21","Dairy & Eggs","https://f.wishabi.net/page_items/416187823/1775646598/extra_large.jpg"
"2026-04-16 23:17:46","1005749575","Lucerne® Flavored Creamer","EARN 4x POINTS","","","2.99","ea member price","","Lucerne®","2026-04-15","2026-04-21","Dairy & Eggs","https://f.wishabi.net/page_items/416187833/1775646601/extra_large.jpg"
"2026-04-16 23:17:47","1005750155","Fuji Apples or Large Navel Oranges","","","corr","5.0","member price","","","2026-04-17","2026-04-17","Produce","https://f.wishabi.net/page_pdf_images/23064855/a4a3f2e2-32ee-11f1-acb1-fea9265c10ee/x_large"
"2026-04-16 23:17:47","1005749595","General Mills Cereal","","","","1.99","ea member price","","General Mills","2026-04-15","2026-04-21","Pantry","https://f.wishabi.net/page_items/416187847/1775646605/extra_large.jpg"
"2026-04-16 23:17:48","1005749551","Primo Taglio® Dry Salame","","","","7.99","ea member price","","Primo Taglio®","2026-04-15","2026-04-21","Deli & Prepared Foods","https://f.wishabi.net/page_items/416187814/1775646595/extra_large.jpg"
"2026-04-16 23:17:48","1005749584","Doritos Tortilla Chips 6 to 10.75-oz. Frito-Lay Simply Snacks 4.5 to 6.5-oz. Cape Cod Potato Chips 6.5 to 8-oz.","","","","2.99","ea member price","","Doritos | Frito-Lay | Cape Cod","2026-04-15","2026-04-21","Snacks","https://f.wishabi.net/page_items/416187839/1775646602/extra_large.jpg"
"2026-04-16 23:17:49","1005749556","Planet Oat Oatmilk","","","","2.99","ea member price","","Planet Oat","2026-04-15","2026-04-21","Dairy & Eggs","https://f.wishabi.net/page_items/416187820/1775646597/extra_large.jpg"
"2026-04-16 23:17:49","1005750176","Purina or Friskies Cat Food 3.15-lb. Beneful Dog Food 3.5-lb.","","","","5.0","ea member price","","Purina | Friskies | Beneful","2026-04-17","2026-04-17","Other","https://f.wishabi.net/page_items/416187937/1775646609/extra_large.jpg"
"2026-04-16 23:17:50","1005746673","Large Mango, English Cucumber, Red, Orange, Yellow, or Green Bell Pepper","","","4 for","5.0","member price","","","2026-04-15","2026-04-21","Produce","https://f.wishabi.net/page_items/416187509/1775646596/extra_large.jpg"
"2026-04-16 23:17:50","1005746678","Lucerne® Shredded, Sliced or Chunk Cheese","","","","1.99","ea member price","","Lucerne®","2026-04-15","2026-04-21","Dairy & Eggs","https://f.wishabi.net/page_items/416187511/1775646597/extra_large.jpg"
"2026-04-16 23:17:50","1005749600","La Colombe","","","","1.29","ea member price","","La Colombe","2026-04-15","2026-04-21","Beverages","https://f.wishabi.net/page_items/416187858/1775646607/extra_large.jpg"
"2026-04-16 23:17:50","1005749986","Summer Citronella","25% OFF Member Price","","","","","","","2026-04-15","2026-04-28","Household","https://f.wishabi.net/page_pdf_images/23064863/b9d2e79a-32ee-11f1-a8dc-029a147fca14/x_large"
"2026-04-16 23:17:51","1005750165","Signature SELECT® refreshe® Purified Drinking Water","","","2 for","5.0","member price","","Signature SELECT®","2026-04-17","2026-04-17","Beverages","https://f.wishabi.net/page_pdf_images/23064855/965736e0-32ee-11f1-acb1-fea9265c10ee/x_large"
"2026-04-16 23:17:51","1005750645","Fresh Express Family Size Iceberg Shreds","EARN 2X POINTS","","","2.99","ea member price","","Fresh Express","2026-04-15","2026-04-21","Produce","https://f.wishabi.net/page_pdf_images/23064861/a9b5893a-32ee-11f1-ba1c-7e3934cb6a41/x_large"
"2026-04-16 23:17:52","1005750652","Nasoya Organic Dumplings","","","","5.0","ea member price","","Nasoya","2026-04-15","2026-04-21","Frozen","https://f.wishabi.net/page_pdf_images/23064861/aaa02f44-32ee-11f1-ba1c-7e3934cb6a41/x_large"
"2026-04-16 23:17:52","1005750682","Kodiak Cakes Power Cakes Waffle Mix","","","","5.99","ea member price","","Kodiak","2026-04-15","2026-04-21","Pantry","https://f.wishabi.net/page_pdf_images/23064861/b4ab0d56-32ee-11f1-ba1c-7e3934cb6a41/x_large"
"2026-04-16 23:17:52","1005749602","Lagunitas or Firestone Walker","","","","15.99","ea member price","","Lagunitas | Firestone","2026-04-15","2026-04-21","Beverages","https://f.wishabi.net/page_items/416187856/1775646607/extra_large.jpg"
"2026-04-16 23:17:53","1005749615","Safeway for u","","","","","","","","2026-04-15","2026-04-21","Other","https://f.wishabi.net/page_items/416291959/1775646612/extra_large.jpg"
"2026-04-16 23:17:53","1005749958","Handi-Foil","BUY 1 GET 1 50% OFF","","","","","","","2026-04-15","2026-04-21","Household","https://f.wishabi.net/page_pdf_images/23064863/a95f3530-32ee-11f1-a8dc-029a147fca14/x_large"
"2026-04-16 23:17:54","1005750034","Assorted Products","SAVE $5 OFF $25","","","","","","","2026-04-15","2026-04-28","Other","https://f.wishabi.net/page_pdf_images/23064863/ade82828-32ee-11f1-a8dc-029a147fca14/x_large"
"2026-04-16 23:17:54","1005750660","Nasoya Organic Tofu","","","","2.99","ea member price","","Nasoya","2026-04-15","2026-04-21","Produce","https://f.wishabi.net/page_pdf_images/23064861/ac7368fe-32ee-11f1-ba1c-7e3934cb6a41/x_large"
"2026-04-16 23:17:55","1005750676","Kemps Sherbet","","","","4.99","member price","","Kemps","2026-04-15","2026-04-21","Frozen","https://f.wishabi.net/page_pdf_images/23064861/aef29fe6-32ee-11f1-ba1c-7e3934cb6a41/x_large"
"2026-04-16 23:17:56","1005750137","Chicken Nuggets 20-ct. Chicken Tenders Original or Nashville Hot. BBQ Rib Tips Available in the Deli.","","","","5.0","member price","","","2026-04-17","2026-04-17","Deli & Prepared Foods","https://f.wishabi.net/page_pdf_images/23064855/b4e2b332-32ee-11f1-acb1-fea9265c10ee/x_large"
"2026-04-16 23:17:56","1005750161","Cube Cake","","","","5.0","ea member price","","","2026-04-17","2026-04-17","Bakery","https://f.wishabi.net/page_pdf_images/23064855/a993e7a8-32ee-11f1-acb1-fea9265c10ee/x_large"
"2026-04-16 23:17:57","1005750646","Rockit Apples","Earn 2x POINTS","","","6.99","ea member price","","Rockit","2026-04-15","2026-04-21","Produce","https://f.wishabi.net/page_pdf_images/23064861/a7e81e7e-32ee-11f1-ba1c-7e3934cb6a41/x_large"
"2026-04-16 23:17:57","1005750671","Best Foods Mayonnaise","","","","8.99","member price","","Best Foods","2026-04-15","2026-04-21","Pantry","https://f.wishabi.net/page_pdf_images/23064861/b2361ae8-32ee-11f1-ba1c-7e3934cb6a41/x_large"
"2026-04-16 23:17:57","1005746685","Kellogg's Large Size Cereal 12 to 20.9-oz. Post Large Size Cereal 13.5 to 15-oz. Honey Bunches of Oats or Pebbles. Nature Valley Protein Bars 5-ct.","BUY 1 GET 1 FREE Member Price When you Buy 2","","","","","","Kellogg's | Post | Nature Valley","2026-04-15","2026-04-21","Pantry","https://f.wishabi.net/page_pdf_images/23064845/989aabb2-32ee-11f1-84a1-1aff69dff5cd/x_large"
"2026-04-16 23:17:58","1005748862","RXBAR","","","","9.99","member price","","RxBars","2026-04-15","2026-04-21","Snacks","https://f.wishabi.net/page_pdf_images/23064862/a3c88194-32ee-11f1-90f7-ba2527cd5beb/x_large"
"2026-04-16 23:17:58","1005748868","Beech-Nut Jar","","","3 for","5.0","member price","","Beech-Nut","2026-04-15","2026-04-21","Pantry","https://f.wishabi.net/page_pdf_images/23064862/ae370038-32ee-11f1-90f7-ba2527cd5beb/x_large"
"2026-04-16 23:17:59","1005748874","Signature SELECT® Supreme Diapers","Earn 2X POINTS","","","19.99","member price","","Signature SELECT®","2026-04-15","2026-04-21","Personal Care","https://f.wishabi.net/page_pdf_images/23064862/aefc5da6-32ee-11f1-90f7-ba2527cd5beb/x_large"
"2026-04-16 23:17:59","1005748897","CLIF BUILDERS Bars","","","","10.99","member price","","Clif Bar","2026-04-15","2026-04-21","Snacks","https://f.wishabi.net/page_pdf_images/23064862/a48fe216-32ee-11f1-90f7-ba2527cd5beb/x_large"
"2026-04-16 23:17:59","1005749445","O Organics® Salad Blend","","","","5.0","ea member price","","O Organics®","2026-04-15","2026-04-21","Produce","https://f.wishabi.net/page_items/416187651/1775646600/extra_large.jpg"
"2026-04-16 23:18:00","1005749473","Hass Avocado","","","3 for","5.0","member price","","","2026-04-15","2026-04-21","Produce","https://f.wishabi.net/page_pdf_images/23064849/9209c4c2-32ee-11f1-a480-068c66743702/x_large"
"2026-04-16 23:18:01","1005749523","National Admin's Day Bouquet","","","","14.99","","","","2026-04-15","2026-04-21","Floral","https://f.wishabi.net/page_pdf_images/23064849/8f085ae0-32ee-11f1-a480-068c66743702/x_large"
"2026-04-16 23:18:01","1005749535","McCormick Taco Seasoning","EARN 4x POINTS","","5 for","5.0","member price","","McCormick","2026-04-15","2026-04-21","Pantry","https://f.wishabi.net/page_pdf_images/23064849/aa21214a-32ee-11f1-a480-068c66743702/x_large"
"2026-04-16 23:18:01","1005749909","Panoxyl Face Wash","","","","10.99","member price","","Panoxyl","2026-04-15","2026-04-21","Personal Care","https://f.wishabi.net/page_pdf_images/23064863/b3deb094-32ee-11f1-a8dc-029a147fca14/x_large"
"2026-04-16 23:18:02","1005749948","OGX Shampoo or Conditioner","","","","6.99","ea member price when you buy 2","","OGX","2026-04-15","2026-04-21","Personal Care","https://f.wishabi.net/page_pdf_images/23064863/adb868fe-32ee-11f1-a8dc-029a147fca14/x_large"
"2026-04-16 23:18:03","1005749968","Rubbermaid TakeAlongs Food Storage","","","","5.99","member price","","Rubbermaid","2026-04-15","2026-04-21","Household","https://f.wishabi.net/page_pdf_images/23064863/a88bdb5e-32ee-11f1-a8dc-029a147fca14/x_large"
"2026-04-16 23:18:03","1005749969","Signature SELECT® Food Storage","","","2 for","7.0","member price","","Signature SELECT®","2026-04-15","2026-04-21","Household","https://f.wishabi.net/page_pdf_images/23064863/a16a32ee-32ee-11f1-a8dc-029a147fca14/x_large"
"2026-04-16 23:18:03","1005749983","Signature SELECT® Stack Chair","","","","39.99","member price","","Signature SELECT®","2026-04-15","2026-04-21","Household","https://f.wishabi.net/page_pdf_images/23064863/a2657b36-32ee-11f1-a8dc-029a147fca14/x_large"
"2026-04-16 23:18:04","1005750007","Signature SELECT® 3-Piece Bistro Set","25% OFF Member Price","","","","","","Signature SELECT®","2026-04-15","2026-04-21","Household","https://f.wishabi.net/page_pdf_images/23064863/bb8b7a34-32ee-11f1-a8dc-029a147fca14/x_large"
"2026-04-16 23:18:04","1005750026","Charbroil 4-Burner Pro Gas Grill","25% OFF Member Price","","","","","","CharBroil","2026-04-15","2026-04-21","Household","https://f.wishabi.net/page_pdf_images/23064863/bd66c12e-32ee-11f1-a8dc-029a147fca14/x_large"
"2026-04-16 23:18:05","1005750162","DiGiorno Rising Crust or Hand Tossed Pizza","","","","5.0","ea member price","","DiGiorno","2026-04-17","2026-04-17","Frozen","https://f.wishabi.net/page_pdf_images/23064855/8fcda2b4-32ee-11f1-acb1-fea9265c10ee/x_large"
"2026-04-16 23:18:05","1005750630","Tillamook Chunk Cheese","","","","6.99","member price","","Tillamook","2026-04-15","2026-04-21","Dairy & Eggs","https://f.wishabi.net/page_pdf_images/23064861/a144542a-32ee-11f1-ba1c-7e3934cb6a41/x_large"
"2026-04-22 22:07:33","1007046923","Ragú Pasta Sauce","","","","1.99","ea member price","","Ragu","2026-04-22","2026-04-28","Pantry","https://f.wishabi.net/page_items/416941895/1776228317/extra_large.jpg"
"2026-04-22 22:07:33","1007046942","Keebler Sandwich Crackers 8-pack, 1.38-oz. Pringles Chips 5.2 to 5.57-oz. Barcel Takis 9.9-oz","","","","1.99","ea member price","","Keebler | Pringles | Barcel","2026-04-22","2026-04-28","Snacks","https://f.wishabi.net/page_items/416941907/1776228320/extra_large.jpg"
"2026-04-22 22:07:34","1007046950","Red Baron Pizza","","","","4.99","ea member price","","Red Baron","2026-04-22","2026-04-28","Frozen","https://f.wishabi.net/page_items/416941910/1776228320/extra_large.jpg"
"2026-04-22 22:07:34","1007046951","Nabisco Traypacks or Handi-Snacks","","","","4.99","ea member price","","Nabisco","2026-04-22","2026-04-28","Snacks","https://f.wishabi.net/page_items/416941916/1776228322/extra_large.jpg"
"2026-04-22 22:07:35","1007046629","Cedar's Hommus","","","","3.99","ea member price","","Cedar's Foods","2026-04-22","2026-04-28","Deli & Prepared Foods","https://f.wishabi.net/page_pdf_images/23101871/02f16f08-385a-11f1-b43f-a660637a40a8/x_large"
"2026-04-22 22:07:35","1007046666","FTD Spring Celebration Bouquet","","","","24.99","","","","2026-04-22","2026-04-28","Floral","https://f.wishabi.net/page_pdf_images/23101871/0885abc8-385a-11f1-b43f-a660637a40a8/x_large"
"2026-04-22 22:07:36","1007050348","Signature SELECT® Food Storage","","","2 for","7.0","member price","","Signature SELECT®","2026-04-22","2026-04-28","Household","https://f.wishabi.net/page_pdf_images/23101887/1dd1315a-385a-11f1-a792-7e7ac038e9a2/x_large"
"2026-04-22 22:07:36","1007050396","Signature SELECT® 3-Piece Bistro Set","25% OFF Member Price","","","","","","Signature SELECT®","2026-04-22","2026-04-28","Household","https://f.wishabi.net/page_pdf_images/23101887/3050b800-385a-11f1-a792-7e7ac038e9a2/x_large"
"2026-04-22 22:07:37","1007046898","Smithfield Prime Fresh Lunchmeat","","","","3.99","ea member price","","Smithfield","2026-04-22","2026-04-28","Meat & Seafood","https://f.wishabi.net/page_pdf_images/23101874/2246a508-385a-11f1-8482-c60bdf50e25c/x_large"
"2026-04-22 22:07:37","1007046908","Signature SELECT® Dinner Side","","","","2.99","ea member price","","Signature SELECT®","2026-04-22","2026-04-28","Deli & Prepared Foods","https://f.wishabi.net/page_items/416941880/1776228313/extra_large.jpg"
"2026-04-22 22:07:38","1007050160","Local Hive Honey","","","","15.99","member price","","Local Hive Honey","2026-04-22","2026-04-28","Pantry","https://f.wishabi.net/page_items/416942152/1776228316/extra_large.jpg"
"2026-04-22 22:07:39","1007046978","Brawny Paper Towels 6-Triple Rolls. Quilted Northern Bath Tissue 18-Mega Rolls. Selected varieties. Angel Soft Bath Tissue 24-Mega Rolls.","","","","16.99","ea member price","","Brawny | Quilted Northern | Angel Soft","2026-04-22","2026-04-28","Household","https://f.wishabi.net/page_items/416941935/1776228328/extra_large.jpg"
"2026-04-22 22:07:39","1007050216","Signature SELECT® Roasted & Salted In-Shell Pistachios","EARN 2x POINTS","","","5.0","ea member price","","Signature SELECT®","2026-04-22","2026-04-28","Snacks","https://f.wishabi.net/page_pdf_images/23101885/133aacb2-385a-11f1-b1ac-5a9b8810776c/x_large"
"2026-04-22 22:07:39","1007050366","Garden Décor","25% OFF Member Price","","","","","","","2026-04-22","2026-04-28","Household","https://f.wishabi.net/page_pdf_images/23101887/2f679ce2-385a-11f1-a792-7e7ac038e9a2/x_large"
"2026-04-22 22:07:40","1007046914","Rustik Sourdough Bread 16-oz.. Sun-Maid Raisin Bread 16-oz","","","","4.99","ea member price","","Rustik | Sun-Maid","2026-04-22","2026-04-28","Bakery","https://f.wishabi.net/page_items/416941883/1776228314/extra_large.jpg"
"2026-04-22 22:07:40","1007050090","Doritos Tortilla Chips 6 to 10.75-oz. Frito-Lay Simply Snacks 4.5 to 6.5-oz.","","","2 for","5.0","member price","","Doritos | Frito-Lay","2026-04-24","2026-04-24","Snacks","https://f.wishabi.net/page_pdf_images/23101882/22dab6a8-385a-11f1-b8bd-fe42d320ffa0/x_large"
"2026-04-22 22:07:41","1007050207","Sumo Citrus","Earn 2x POINTS","","","5.99","ea member price","","Sumo Citrus","2026-04-22","2026-04-28","Produce","https://f.wishabi.net/page_pdf_images/23101885/12b42cf0-385a-11f1-b1ac-5a9b8810776c/x_large"
"2026-04-22 22:07:41","1007050331","Degree Deodorant","","","","5.99","member price","","Degree","2026-04-15","2026-04-28","Personal Care","https://f.wishabi.net/page_pdf_images/23101887/14f51f42-385a-11f1-a792-7e7ac038e9a2/x_large"
"2026-04-22 22:07:41","1007046959","Red Bull","","","","7.49","ea member price","","Red Bull","2026-04-22","2026-04-28","Beverages","https://f.wishabi.net/page_items/416941925/1776228324/extra_large.jpg"
"2026-04-22 22:07:42","1007050147","STOCK UP SALE!","Earn 4X POINTS forU*","","","","","","","2026-04-22","2026-04-28","Other","https://f.wishabi.net/page_items/416942147/1776228313/extra_large.jpg"
"2026-04-22 22:07:42","1007050431","Sincerely Health™","20% off groceries when you let us fill your prescription† We accept most insurance plans, including Medicare, Medicaid, & TRICARE! Plus, enjoy an additional 20% off¹ every 5 scripts after that.","","","","","","","2026-04-22","2026-04-28","Health & Wellness","https://f.wishabi.net/page_items/416963012/1776228337/extra_large.jpg"
"2026-04-22 22:07:43","1007046918","Mountain High Yoghurt 32-oz. Yakult Probiotic Drink 5-pack, 2.7-oz.","","","","2.99","ea member price","","Mountain High | Yakult","2026-04-22","2026-04-28","Dairy & Eggs","https://f.wishabi.net/page_items/416941886/1776228315/extra_large.jpg"
"2026-04-22 22:07:43","1007050411","Gas Patio Heater","25% OFF Member Price","","","","","","","2026-04-15","2026-04-28","Household","https://f.wishabi.net/page_pdf_images/23101887/30f1d686-385a-11f1-a792-7e7ac038e9a2/x_large"
"2026-04-22 22:07:43","1007050294","Dial Body Wash","","","","5.99","member price","","Dial","2026-04-15","2026-04-28","Personal Care","https://f.wishabi.net/page_pdf_images/23101887/27a03b5e-385a-11f1-a792-7e7ac038e9a2/x_large"
"2026-04-22 22:07:44","1007050289","Softsoap Hand Soap","SAVE $5 OFF $25","","","3.99","member price","","Softsoap","2026-04-22","2026-04-28","Personal Care","https://f.wishabi.net/page_pdf_images/23101887/270482b8-385a-11f1-a792-7e7ac038e9a2/x_large"
"2026-04-22 22:07:44","1007050295","Method Body Wash","SAVE $5 OFF $25","","","9.99","member price","","Method","2026-04-22","2026-04-28","Personal Care","https://f.wishabi.net/page_pdf_images/23101887/287d3ba8-385a-11f1-a792-7e7ac038e9a2/x_large"
"2026-04-22 22:07:45","1007050319","Dollar Shave Club Cartridges","","","","8.99","member price","","Dollar Shave Club","2026-04-15","2026-04-28","Personal Care","https://f.wishabi.net/page_pdf_images/23101887/2cd014d2-385a-11f1-a792-7e7ac038e9a2/x_large"
"2026-04-22 22:07:45","1007050351","Handi-Foil","BUY 1 GET 1 50% Member Price","","","","","","","2026-04-22","2026-04-28","Household","https://f.wishabi.net/page_pdf_images/23101887/23779d92-385a-11f1-a792-7e7ac038e9a2/x_large"
"2026-04-22 22:07:45","1007050364","OFF! Bug Repellent","","","","11.49","member price","","Off!","2026-04-22","2026-04-28","Household","https://f.wishabi.net/page_pdf_images/23101887/206b9928-385a-11f1-a792-7e7ac038e9a2/x_large"
"2026-04-22 22:07:46","1007050324","Crest Complete or Pro Health Toothpaste 4.3 to 5.4-oz. Q-Tips Swabs 500-ct.","","","","5.99","member price","","Crest | Q-Tips","2026-04-22","2026-04-28","Personal Care","https://f.wishabi.net/page_pdf_images/23101887/2c2ff5e2-385a-11f1-a792-7e7ac038e9a2/x_large"
"2026-04-22 22:07:46","1007050383","BBQ Tools","BUY 1 GET 1 50% OFF Member Price","","","","","","","2026-04-22","2026-04-28","Household","https://f.wishabi.net/page_pdf_images/23101887/202cc766-385a-11f1-a792-7e7ac038e9a2/x_large"
"2026-04-22 22:07:47","1007050422","Charbroil 4-Burner Pro Gas Grill","25% OFF Member Price","","","","","","","2026-04-22","2026-04-28","Household","https://f.wishabi.net/page_pdf_images/23101887/319266a0-385a-11f1-a792-7e7ac038e9a2/x_large"
"2026-04-22 22:07:47","1007050547","O Organics® Baby Food Pouch","EARN 2X POINTS","","4 for","5.0","member price","","O Organics®","2026-04-22","2026-04-28","Pantry","https://f.wishabi.net/page_pdf_images/23101886/18526e06-385a-11f1-aa97-522c617cb9b4/x_large"
"2026-04-22 22:07:47","1007050564","Beech-Nut Jar","","","3 for","5.0","member price","","Beech-Nut","2026-04-22","2026-04-28","Pantry","https://f.wishabi.net/page_pdf_images/23101886/2e09b3f8-385a-11f1-aa97-522c617cb9b4/x_large"
"2026-04-22 22:07:48","1007050508","Lindt Excellence Bar","BUY 2 GET 1 FREE When you Buy 3 Member Price","","","","","","Lindt","2026-04-22","2026-04-28","Snacks","https://f.wishabi.net/page_pdf_images/23101886/0d78226e-385a-11f1-aa97-522c617cb9b4/x_large"
"2026-04-22 22:07:48","1007050495","Skittles, Starburst or Lifesavers","","","2 for","6.0","member price","","Skittles | Starburst | Lifesavers","2026-04-22","2026-04-28","Snacks","https://f.wishabi.net/page_pdf_images/23101886/0f54c614-385a-11f1-aa97-522c617cb9b4/x_large"
"2026-04-22 22:07:49","1007050578","Aussie Hair Care or Treatment","","","","5.99","member price","","Aussie","2026-04-15","2026-04-28","Personal Care","https://f.wishabi.net/page_pdf_images/23101886/2f8dc4c6-385a-11f1-aa97-522c617cb9b4/x_large"
"2026-04-22 22:07:49","1007050607","Pharmacy","","","","","","","","2026-04-22","2026-04-28","Health & Wellness","https://f.wishabi.net/page_items/416963045/1776228340/extra_large.jpg"
"2026-04-22 22:07:50","1007050476","Werther's Originals","","","2 for","4.0","member price","","Werther's Original","2026-04-22","2026-04-28","Snacks","https://f.wishabi.net/page_pdf_images/23101886/294e5e40-385a-11f1-aa97-522c617cb9b4/x_large"
"2026-04-22 22:07:50","1007050525","Baby Club Savings","Buy $25 SAVE $5","","","","","","","2026-04-22","2026-04-28","Other","https://f.wishabi.net/page_pdf_images/23101886/250ebf50-385a-11f1-aa97-522c617cb9b4/x_large"
"2026-04-22 22:07:50","1007050549","Signature Care® Electrolyte Solution","","","","4.99","member price","","Signature Care®","2026-04-22","2026-04-28","Health & Wellness","https://f.wishabi.net/page_pdf_images/23101886/2bc2bc20-385a-11f1-aa97-522c617cb9b4/x_large"
"2026-04-22 22:07:51","1007050527","Mr. Clean Magic Erasers","","","","2.99","ea","5.99","Mr. Clean","2026-04-22","2026-04-28","Household","https://f.wishabi.net/page_pdf_images/23101886/0f5cd6f6-385a-11f1-aa97-522c617cb9b4/x_large"
"2026-04-22 22:07:51","1007050581","Aussie Ultra Wonder Hair Care","","","","10.99","member price","","Aussie","2026-04-15","2026-04-28","Personal Care","https://f.wishabi.net/page_pdf_images/23101886/19f44e3c-385a-11f1-aa97-522c617cb9b4/x_large"
"2026-04-22 22:07:52","1007050486","Sour Patch Kids or Swedish Fish","","","4 for","5.0","member price","","Sour Patch Kids | Swedish Fish","2026-04-22","2026-04-28","Snacks","https://f.wishabi.net/page_pdf_images/23101886/12137cf6-385a-11f1-aa97-522c617cb9b4/x_large"
"2026-04-22 22:07:52","1007050500","Mentos Curvy Bottle Gum","","","","3.99","member price","","Mentos","2026-04-15","2026-04-28","Snacks","https://f.wishabi.net/page_pdf_images/23101886/13128750-385a-11f1-aa97-522c617cb9b4/x_large"
"2026-04-22 22:07:52","1007050504","Hershey Snack Size Bag","","","","5.99","member price","","Hershey's","2026-04-15","2026-04-28","Snacks","https://f.wishabi.net/page_pdf_images/23101886/2a425126-385a-11f1-aa97-522c617cb9b4/x_large"
"2026-04-22 22:07:53","1007050605","Pantene Abundant Hair Care","","","","14.99","member price","","Pantene","2026-04-15","2026-04-28","Personal Care","https://f.wishabi.net/page_pdf_images/23101886/30624098-385a-11f1-aa97-522c617cb9b4/x_large"
"2026-04-22 22:07:53","1007050477","Sour Patch Kids or Swedish Fish","","","4 for","5.0","member price","","Sour Patch Kids | Swedish Fish","2026-04-22","2026-04-28","Snacks","https://f.wishabi.net/page_pdf_images/23101886/12137cf6-385a-11f1-aa97-522c617cb9b4/x_large"
"2026-04-22 22:07:54","1007050505","Joyride Sour Gummy Worms or Ropes","","","","4.99","member price","","JOYRIDE","2026-04-15","2026-04-28","Snacks","https://f.wishabi.net/page_pdf_images/23101886/170153aa-385a-11f1-aa97-522c617cb9b4/x_large"
"2026-04-22 22:07:54","1007050555","Huggies Snug & Dry, Little Movers or Snugglers Jumbo Pack","","","","11.99","member price","","Huggies","2026-04-22","2026-04-28","Household","https://f.wishabi.net/page_pdf_images/23101886/2d4d558c-385a-11f1-aa97-522c617cb9b4/x_large"
"2026-04-22 22:07:54","1007050598","Old Spice Swagger Deodorant","","","","17.99","member price","","Old Spice","2026-04-22","2026-04-28","Personal Care","https://f.wishabi.net/page_pdf_images/23101886/31116dd4-385a-11f1-aa97-522c617cb9b4/x_large"
"2026-04-22 22:07:55","1007050570","Signature SELECT® Supreme Diapers","EARN 2X POINTS","","","19.99","member price","","Signature SELECT®","2026-04-22","2026-04-28","Personal Care","https://f.wishabi.net/page_pdf_images/23101886/2ed0ef2c-385a-11f1-aa97-522c617cb9b4/x_large"
"2026-04-22 22:07:55","1007050590","Dr. Squatch Hair Care","","","","13.99","member price","","Dr. Squatch","2026-04-22","2026-04-28","Personal Care","https://f.wishabi.net/page_pdf_images/23101886/287ace18-385a-11f1-aa97-522c617cb9b4/x_large"
"2026-04-22 22:07:56","1007050528","Pine-Sol Multi-Surface Cleaner","","","","4.49","ea","5.49","Pine-Sol","2026-04-22","2026-04-28","Household","https://f.wishabi.net/page_pdf_images/23101886/10392098-385a-11f1-aa97-522c617cb9b4/x_large"
"2026-04-22 22:07:56","1007050588","5-hour Energy Shots","","","","19.99","member price","","5 Hour Energy","2026-04-15","2026-04-28","Beverages","https://f.wishabi.net/page_pdf_images/23101886/244efc2e-385a-11f1-aa97-522c617cb9b4/x_large"
"2026-04-22 22:07:57","1007050516","CLIF Bar","","","3 for","5.0","member price","","Clif Bar","2026-04-22","2026-04-28","Snacks","https://f.wishabi.net/page_pdf_images/23101886/1d121c34-385a-11f1-aa97-522c617cb9b4/x_large"
"2026-04-22 22:07:57","1007050538","Powercrunch Bars","","","","8.99","member price","","Power Crunch","2026-04-22","2026-04-28","Snacks","https://f.wishabi.net/page_pdf_images/23101886/1e28a6b0-385a-11f1-aa97-522c617cb9b4/x_large"
"2026-04-22 22:07:57","1007050585","CLIF BUILDERS Bars","","","","10.99","member price","","Clif Bar","2026-04-22","2026-04-28","Snacks","https://f.wishabi.net/page_pdf_images/23101886/232e6140-385a-11f1-aa97-522c617cb9b4/x_large"
"2026-04-22 22:07:58","1007050561","RXBAR","","","","9.99","member price","","RxBars","2026-04-15","2026-04-28","Snacks","https://f.wishabi.net/page_pdf_images/23101886/2250ac4c-385a-11f1-aa97-522c617cb9b4/x_large"
"2026-04-22 22:07:58","1007050523","Quest Bar","","","2 for","6.0","member price","","Quest","2026-04-22","2026-04-28","Snacks","https://f.wishabi.net/page_pdf_images/23101886/1c464f0a-385a-11f1-aa97-522c617cb9b4/x_large"
"2026-04-22 22:07:59","1007050491","Nature's Truth or Signature Care® Vitamins","BUY 1 GET 1 FREE When you Buy 2 Member Price","","","","","","Nature's Truth | Signature Care®","2026-04-22","2026-04-28","Health & Wellness","https://f.wishabi.net/page_pdf_images/23101886/1ab3a110-385a-11f1-aa97-522c617cb9b4/x_large"
"2026-04-22 22:07:59","1007050018","Overjoyed® Lemon Madeleines","","","","6.49","member price","","Overjoyed®","2026-04-22","2026-04-28","Bakery","https://f.wishabi.net/page_pdf_images/23101882/27a214e2-385a-11f1-b8bd-fe42d320ffa0/x_large"
"2026-04-22 22:08:00","1007050034","Signature SELECT® Lemon & Black Pepper Popcorn","","","","2.99","member price","","Signature SELECT®","2026-04-22","2026-04-28","Snacks","https://f.wishabi.net/page_pdf_images/23101882/11b448bc-385a-11f1-b8bd-fe42d320ffa0/x_large"
"2026-04-22 22:08:00","1007050103","Signature SELECT® Sparkling Water Beverage","","","10 for","10.0","member price","","Signature SELECT®","2026-04-22","2026-04-28","Beverages","https://f.wishabi.net/page_pdf_images/23101882/15da03fa-385a-11f1-b8bd-fe42d320ffa0/x_large"
"2026-04-22 22:08:01","1007050070","Blackberries or Raspberries","","","2 for","5.0","member price","","","2026-04-24","2026-04-24","Produce","https://f.wishabi.net/page_pdf_images/23101882/23c1ea14-385a-11f1-b8bd-fe42d320ffa0/x_large"
"2026-04-22 22:08:01","1007050036","Overjoyed Lemon & White Chocolate Popcorn","","","","3.99","member price","","Overjoyed®","2026-04-22","2026-04-28","Snacks","https://f.wishabi.net/page_pdf_images/23101882/16766948-385a-11f1-b8bd-fe42d320ffa0/x_large"
"2026-04-22 22:08:02","1007050028","Primo Taglio® Ham Black Forest, Virginia or Applewood Honey. BBQ Rib Tips Available in the Deli. JoJo Potato Wedges","","","","5.0","lb member price","","Primo Taglio®","2026-04-24","2026-04-24","Deli & Prepared Foods","https://f.wishabi.net/page_pdf_images/23101882/1b7ca8bc-385a-11f1-b8bd-fe42d320ffa0/x_large"
"2026-04-22 22:08:02","1007050035","Overjoyed® Cookies","","","","3.99","member price","","Overjoyed®","2026-04-22","2026-04-28","Bakery","https://f.wishabi.net/page_pdf_images/23101882/13eabb0c-385a-11f1-b8bd-fe42d320ffa0/x_large"
"2026-04-22 22:08:03","1007050069","Franz Donuts 12 to 13.5-oz. Wonder Bagels or English Muffins 6-ct.","","","2 for","5.0","member price","","Franz | Wonder","2026-04-24","2026-04-24","Bakery","https://f.wishabi.net/page_pdf_images/23101882/258ec5b0-385a-11f1-b8bd-fe42d320ffa0/x_large"
"2026-04-22 22:08:03","1007050053","Signature SELECT® St. Louis Style Pork Ribs","","","","5.0","lb member price","","Signature SELECT®","2026-04-24","2026-04-24","Meat & Seafood","https://f.wishabi.net/page_pdf_images/23101882/1d25360c-385a-11f1-b8bd-fe42d320ffa0/x_large"
"2026-04-22 22:08:03","1007050072","Sweet Corn","","","10 for","5.0","member price","","","2026-04-24","2026-04-24","Produce","https://f.wishabi.net/page_pdf_images/23101882/0bdd7436-385a-11f1-b8bd-fe42d320ffa0/x_large"
"2026-04-22 22:08:04","1007050023","Signature SELECT® Chili Lime Kettle or Tortilla Chips","","","","2.99","member price","","Signature SELECT®","2026-04-22","2026-04-28","Snacks","https://f.wishabi.net/page_pdf_images/23101882/11f9900c-385a-11f1-b8bd-fe42d320ffa0/x_large"
"2026-04-22 22:08:04","1007050092","Mondrian Roses Bouquet","","","","5.0","ea member price","","","2026-04-24","2026-04-24","Floral","https://f.wishabi.net/page_pdf_images/23101882/213bf938-385a-11f1-b8bd-fe42d320ffa0/x_large"
"2026-04-22 22:08:05","1007050064","Fresh Atlantic Salmon Portion","","","","5.0","ea member price","","","2026-04-24","2026-04-24","Meat & Seafood","https://f.wishabi.net/page_pdf_images/23101882/0cfac210-385a-11f1-b8bd-fe42d320ffa0/x_large"
"2026-04-22 22:08:05","1007050081","Baskin Robbins Ice Cream Robbins Novelties Novelties 4-pack, 2.65-oz. Ice Cream 14-oz.","","","2 for","5.0","member price","","Baskin Robbins","2026-04-24","2026-04-24","Frozen","https://f.wishabi.net/page_pdf_images/23101882/286beaf6-385a-11f1-b8bd-fe42d320ffa0/x_large"
"2026-04-22 22:08:06","1007050091","Signature SELECT® Flatware 48-ct. Selected varieties. Value Corner® Paper Towels 1-Roll.","","","5 for","5.0","member price","","Signature SELECT® | Value Corner®","2026-04-24","2026-04-24","Household","https://f.wishabi.net/page_pdf_images/23101882/24ff0d80-385a-11f1-b8bd-fe42d320ffa0/x_large"
"2026-04-22 22:08:06","1007050143","Carmenet","","","","5.0","ea member price","","Carmenet","2026-04-24","2026-04-24","Beverages","https://f.wishabi.net/page_pdf_images/23101882/2a336fe4-385a-11f1-b8bd-fe42d320ffa0/x_large"
"2026-04-22 22:08:07","1007050181","Signature SELECT® Canned Tomatoes","","","","2.49","member price","","Signature SELECT®","2026-04-22","2026-04-28","Pantry","https://f.wishabi.net/page_pdf_images/23101885/18becbfa-385a-11f1-b1ac-5a9b8810776c/x_large"
"2026-04-22 22:08:07","1007050192","Wonderful Pistachios","EARN 2X POINTS","","","5.99","ea member price","","Wonderful","2026-04-22","2026-04-28","Snacks","https://f.wishabi.net/page_pdf_images/23101885/0f8d39ae-385a-11f1-b1ac-5a9b8810776c/x_large"
"2026-04-22 22:08:07","1007050232","Laird Superfood Creamer","","","","5.99","member price","","Laird","2026-04-22","2026-04-28","Pantry","https://f.wishabi.net/page_pdf_images/23101885/17c12b6c-385a-11f1-b1ac-5a9b8810776c/x_large"
"2026-04-22 22:08:08","1007045233","USDA Choice Boneless Beef Chuck Roast","","","","5.99","lb member price","","","2026-04-22","2026-04-28","Meat & Seafood","https://f.wishabi.net/page_pdf_images/23101868/2803f180-385a-11f1-af05-0e2e2000c949/x_large"
"2026-04-22 22:08:08","1007045242","Signature SELECT® Mandarins","","","","3.99","ea member price","","Signature SELECT®","2026-04-22","2026-04-28","Produce","https://f.wishabi.net/page_pdf_images/23101868/06b123b8-385a-11f1-af05-0e2e2000c949/x_large"
"2026-04-22 22:08:09","1007045262","8-Piece Fried Chicken 4-each: Drumsticks and Thighs. Signature SELECT® Classic Salad 32 to 48-oz","","","","5.99","ea member price","","Signature SELECT®","2026-04-22","2026-04-28","Deli & Prepared Foods","https://f.wishabi.net/page_pdf_images/23101868/02ac1a66-385a-11f1-af05-0e2e2000c949/x_large"
"2026-04-22 22:08:09","1007045278","High Noon 8-pack, 355-ml. Surfside 8-pack, 12-oz. Modelo, Lagunitas, Firestone Walker or Elysian 12-pack, 12-oz. Coors 18-pack, 12-oz.","","","","13.99","member price when you buy 2","","High Noon | Surfside | Modelo | Lagunitas | Firestone Walker | Elysian | Coors","2026-04-22","2026-04-28","Beverages","https://f.wishabi.net/page_pdf_images/23101868/29bcf8b4-385a-11f1-af05-0e2e2000c949/x_large"
"2026-04-22 22:08:10","1007045272","Yoplait Yogurt 4 to 6-oz., Protein Yogurt 5.6-oz","EARN 4X POINTS","","","0.39","ea member price when you buy 10","","Yoplait","2026-04-22","2026-04-28","Dairy & Eggs","https://f.wishabi.net/page_pdf_images/23101868/0e9df272-385a-11f1-af05-0e2e2000c949/x_large"
"2026-04-22 22:08:10","1007045247","Waterfront Bistro® Jumbo Raw Shrimp","","","","4.99","lb member price","","WATERFRONT BISTRO®","2026-04-22","2026-04-28","Meat & Seafood","https://f.wishabi.net/page_items/416941704/1776228314/extra_large.jpg"
"2026-04-22 22:08:10","1007045288","Nabisco Family Size Oreo Cookies 10.68 to 18.71-oz., belVita Breakfast Biscuits 5 to 8.8-oz","","","","3.49","ea member price","","Nabisco | belVita","2026-04-22","2026-04-28","Snacks","https://f.wishabi.net/page_items/416941742/1776228322/extra_large.jpg"
"2026-04-22 22:08:11","1007045295","Artesano Bread 20-oz. Buns 13.55 to 16-oz.","","","","2.99","ea member price","","Artesano","2026-04-22","2026-04-28","Bakery","https://f.wishabi.net/page_items/416941752/1776228324/extra_large.jpg"
"2026-04-22 22:08:11","1007045261","Lucerne® Milk","","","","1.99","ea member price","","Lucerne®","2026-04-22","2026-04-28","Dairy & Eggs","https://f.wishabi.net/page_items/416941720/1776228318/extra_large.jpg"
"2026-04-22 22:08:12","1007045252","Sargento Shredded, Sliced Cheese or Balanced Breaks","","","","2.49","ea member price","","Sargento","2026-04-22","2026-04-28","Dairy & Eggs","https://f.wishabi.net/page_items/416941712/1776228316/extra_large.jpg"
"2026-04-22 22:08:12","1007045282","Signature SELECT® Ice Cream 1.5-qt. Ice Cream Bars or Sandwiches 6-ct.","","","","2.99","ea member price","","Signature SELECT®","2026-04-22","2026-04-28","Frozen","https://f.wishabi.net/page_items/416941732/1776228320/extra_large.jpg"
"2026-04-22 22:08:13","1007045229","Signature SELECT® Pork Loin Chops","BUY 1 GET 1 FREE Member Price When You Buy 2","","","","","","Signature SELECT®","2026-04-22","2026-04-28","Meat & Seafood","https://f.wishabi.net/page_pdf_images/23101868/059c20a4-385a-11f1-af05-0e2e2000c949/x_large"
"2026-04-22 22:08:13","1007045237","Signature SELECT® 90% Lean Ground Beef","","","","5.99","lb member price","","Signature SELECT®","2026-04-22","2026-04-28","Meat & Seafood","https://f.wishabi.net/page_pdf_images/23101868/05b01302-385a-11f1-af05-0e2e2000c949/x_large"
"2026-04-22 22:08:14","1007045256","Signature SELECT® Boneless Skinless Chicken Breasts","","","","1.99","lb member price","","Signature SELECT®","2026-04-22","2026-04-28","Meat & Seafood","https://f.wishabi.net/page_items/416941692/1776228312/extra_large.jpg"
"2026-04-22 22:08:14","1007045271","Kettle Potato Chips 7 to 8-oz. Cheetos 6.5 to 10-oz. Lay's Potato Chips or Poppables 5 to 8-oz.","","","","2.49","ea member price when you buy 4","","Cheetos | Lay's","2026-04-22","2026-04-28","Snacks","https://f.wishabi.net/page_items/416941739/1776228321/extra_large.jpg"
"2026-04-22 22:08:15","1007045291","Assorted Products","BUY 2, GET 3 FREE WHEN YOU BUY 5 MEMBER PRICE","","","","","","","2026-04-22","2026-04-28","Other","https://f.wishabi.net/page_pdf_images/23101868/19b7630a-385a-11f1-af05-0e2e2000c949/x_large"
"2026-04-22 22:08:15","1007045280","General Mills Cereal","","","","1.99","ea member price when you buy 4","","General Mills","2026-04-22","2026-04-28","Pantry","https://f.wishabi.net/page_pdf_images/23101868/01dea1b2-385a-11f1-af05-0e2e2000c949/x_large"
"2026-04-22 22:08:16","1007045351","Pepsi or 7UP 12-pack, 12-oz. cans., Gatorade 8-pack, 20-oz., Snapple Tea 6-pack, 16-oz","BUY 2 GET 2 FREE Member Price When you Buy 4","","","","","","Pepsi | 7UP | Gatorade | Snapple","2026-04-22","2026-04-28","Beverages","https://f.wishabi.net/page_pdf_images/23101868/238a755c-385a-11f1-af05-0e2e2000c949/x_large"
"2026-04-22 22:08:16","1007045352","Hass Avocado or Mango","","","4 for","5.0","member price","","","2026-04-22","2026-04-28","Produce","https://f.wishabi.net/page_pdf_images/23101868/0818d5c0-385a-11f1-af05-0e2e2000c949/x_large"
"2026-04-22 22:08:17","1007045353","Fuji Apples","","","","1.49","lb member price","","","2026-04-22","2026-04-28","Produce","https://f.wishabi.net/page_pdf_images/23101868/06cd85c6-385a-11f1-af05-0e2e2000c949/x_large"
"2026-04-22 22:08:17","1007045350","Pick up or Delivery","","","","","","","","2026-04-22","2026-04-28","Other","https://f.wishabi.net/page_items/416941682/1776228310/extra_large.jpg"
"2026-04-22 22:08:18","1007046644","Kinder's Premium Seasoning","EARN 4X POINTS","","","5.99","member price","","Kinder's","2026-04-22","2026-04-28","Pantry","https://f.wishabi.net/page_pdf_images/23101871/0d51207e-385a-11f1-b43f-a660637a40a8/x_large"
"2026-04-22 22:08:18","1007046595","French or Sourdough Bread","EARN 4X POINTS","","","1.99","member price","","","2026-04-22","2026-04-28","Bakery","https://f.wishabi.net/page_pdf_images/23101871/18429bd4-385a-11f1-b43f-a660637a40a8/x_large"
"2026-04-22 22:08:18","1007046648","Huggies Little Movers Giga Pack","EARN 4X POINTS","","","34.99","member price","","Huggies","2026-04-22","2026-04-28","Personal Care","https://f.wishabi.net/page_pdf_images/23101871/0225581e-385a-11f1-b43f-a660637a40a8/x_large"
"2026-04-22 22:08:19","1007046610","Signature SELECT® Frozen Potatoes","EARN 4X POINTS","","","3.99","member price","","Signature SELECT®","2026-04-22","2026-04-28","Frozen","https://f.wishabi.net/page_pdf_images/23101871/03a15b3e-385a-11f1-b43f-a660637a40a8/x_large"
"2026-04-22 22:08:19","1007046668","Safeway Stock up","","","","","","","","2026-04-22","2026-04-28","Other","https://f.wishabi.net/page_items/416962216/1776228339/extra_large.jpg"
"2026-04-22 22:08:20","1007046585","Tyson All Natural Premium Cornish Hen","","","","2.99","lb member price","","Tyson","2026-04-22","2026-04-28","Meat & Seafood","https://f.wishabi.net/page_items/416941779/1776228315/extra_large.jpg"
"2026-04-22 22:08:20","1007046581","O Organics® Tofu","EARN 4X POINTS","","","2.99","ea member price","","O Organics®","2026-04-22","2026-04-28","Produce","https://f.wishabi.net/page_pdf_images/23101871/048c3f78-385a-11f1-b43f-a660637a40a8/x_large"
"2026-04-22 22:08:21","1007046618","Cheez-It Family Size Crackers","Earn 4x POINTS","","","4.99","member price","","Cheez-It","2026-04-22","2026-04-28","Snacks","https://f.wishabi.net/page_pdf_images/23101871/0d488e50-385a-11f1-b43f-a660637a40a8/x_large"
"2026-04-22 22:08:21","1007046601","Dannon Greek Yogurt","EARN 4X POINTS","","","0.99","ea member price when you buy 5","","Dannon","2026-04-22","2026-04-28","Dairy & Eggs","https://f.wishabi.net/page_pdf_images/23101871/022a2a1a-385a-11f1-b43f-a660637a40a8/x_large"
"2026-04-22 22:08:21","1007046672","Dyed Daisy Poms","","","","6.99","member price","","","2026-04-22","2026-04-28","Floral","https://f.wishabi.net/page_pdf_images/23101871/0caa3034-385a-11f1-b43f-a660637a40a8/x_large"
"2026-04-22 22:08:22","1007046646","Kleenex Facial Tissue","Earn 4x POINTS","","","7.99","member price","","Kleenex","2026-04-22","2026-04-28","Household","https://f.wishabi.net/page_pdf_images/23101871/0e99f276-385a-11f1-b43f-a660637a40a8/x_large"
"2026-04-22 22:08:22","1007046661","Pristine Green or Red Seedless Grapes","","","","4.99","lb","","","2026-04-22","2026-04-28","Produce","https://f.wishabi.net/page_pdf_images/23101871/1262a646-385a-11f1-b43f-a660637a40a8/x_large"
"2026-04-22 22:08:23","1007046669","Cucumber","","","","0.99","ea","","","2026-04-22","2026-04-28","Produce","https://f.wishabi.net/page_pdf_images/23101871/130a25c4-385a-11f1-b43f-a660637a40a8/x_large"
"2026-04-22 22:08:23","1007046650","White Claw or Twisted Tea 12-pack, 12-oz., Pabst 30-pack, 12-oz.","","","","19.99","member price","","White Claw | Twisted Tea | Pabst","2026-04-22","2026-04-28","Beverages","https://f.wishabi.net/page_pdf_images/23101871/1a7b2722-385a-11f1-b43f-a660637a40a8/x_large"
"2026-04-22 22:08:23","1007046571","USDA Choice Boneless Beef Top Round London Broil","","","","6.99","lb member price","","","2026-04-22","2026-04-28","Meat & Seafood","https://f.wishabi.net/page_pdf_images/23101871/151b8b46-385a-11f1-b43f-a660637a40a8/x_large"
"2026-04-22 22:08:24","1007046604","NatureSweet Constellation Summer Medley Tomatoes","","","","5.99","ea member price","","Nature Sweet","2026-04-22","2026-04-28","Produce","https://f.wishabi.net/page_pdf_images/23101871/126ae216-385a-11f1-b43f-a660637a40a8/x_large"
"2026-04-22 22:08:24","1007046640","Overjoyed™ Boutique Chic Rose Bouquet","","","","24.99","member price","","Overjoyed™","2026-04-22","2026-04-28","Floral","https://f.wishabi.net/page_pdf_images/23101871/0aaae940-385a-11f1-b43f-a660637a40a8/x_large"
"2026-04-22 22:08:25","1007046627","Jumbo Cookies","","","","5.99","member price","","","2026-04-22","2026-04-28","Bakery","https://f.wishabi.net/page_items/416941834/1776228327/extra_large.jpg"
"2026-04-22 22:08:25","1007046616","SmokeMaster® Beechwood Smoked™ Black Forest Ham Or Smoked Gouda Cheese","","","","12.99","lb member price","","","2026-04-22","2026-04-28","Deli & Prepared Foods","https://f.wishabi.net/page_pdf_images/23101871/0933933c-385a-11f1-b43f-a660637a40a8/x_large"
"2026-04-22 22:08:26","1007046591","Hot House Tomatoes","","","","2.99","lb member price","","","2026-04-22","2026-04-28","Produce","https://f.wishabi.net/page_pdf_images/23101871/191d2c4a-385a-11f1-b43f-a660637a40a8/x_large"
"2026-04-22 22:08:26","1007046632","Croissants","","","","5.99","member price","","","2026-04-22","2026-04-28","Bakery","https://f.wishabi.net/page_pdf_images/23101871/0a9cee44-385a-11f1-b43f-a660637a40a8/x_large"
"2026-04-22 22:08:26","1007046657","Jim Beam 1.75-ltr. Espolòn or Kahlúa 750-ml.","","","","26.99","member price","","Jim Beam | Espolòn | Kahlúa","2026-04-22","2026-04-28","Beverages","https://f.wishabi.net/page_pdf_images/23101871/1df9f090-385a-11f1-b43f-a660637a40a8/x_large"
"2026-04-22 22:08:27","1007046606","Rockit Apples","EARN 2X POINTS","","","6.99","ea member price","","","2026-04-22","2026-04-28","Produce","https://f.wishabi.net/page_pdf_images/23101871/14ffa1d8-385a-11f1-b43f-a660637a40a8/x_large"
"2026-04-22 22:08:28","1007046623","King's Hawaiian Pretzel Bites","","","","6.99","ea member price","","King's Hawaiian","2026-04-22","2026-04-28","Bakery","https://f.wishabi.net/page_pdf_images/23101871/0c199f10-385a-11f1-b43f-a660637a40a8/x_large"
"2026-04-22 22:08:28","1007046599","Lemon","","","","0.99","ea","","","2026-04-22","2026-04-28","Produce","https://f.wishabi.net/page_pdf_images/23101871/145fafe8-385a-11f1-b43f-a660637a40a8/x_large"
"2026-04-22 22:08:28","1007046573","Rocky Free Range Boneless Skinless Chicken Breasts Value Pack","","","","6.99","lb member price","","ROCKY®","2026-04-22","2026-04-28","Meat & Seafood","https://f.wishabi.net/page_pdf_images/23101871/104636ac-385a-11f1-b43f-a660637a40a8/x_large"
"2026-04-22 22:08:29","1007046575","USDA CHOICE Beef for Stew Meat or Cube Steak","EARN 2X POINTS","","","9.99","lb member price","","","2026-04-22","2026-04-28","Meat & Seafood","https://f.wishabi.net/page_pdf_images/23101871/10f18502-385a-11f1-b43f-a660637a40a8/x_large"
"2026-04-22 22:08:29","1007046622","Pretzel Duo Sandwiches","","","","7.99","ea member price","","","2026-04-22","2026-04-28","Deli & Prepared Foods","https://f.wishabi.net/page_pdf_images/23101871/079b2102-385a-11f1-b43f-a660637a40a8/x_large"
"2026-04-22 22:08:30","1007046635","Cake Slice","","","","2.99","member price","","","2026-04-22","2026-04-28","Bakery","https://f.wishabi.net/page_pdf_images/23101871/0877d958-385a-11f1-b43f-a660637a40a8/x_large"
"2026-04-22 22:08:30","1007046593","Driscoll's Sweetest Batch Blackberries","","","","5.99","ea member price","","","2026-04-22","2026-04-28","Produce","https://f.wishabi.net/page_pdf_images/23101871/17bb28f2-385a-11f1-b43f-a660637a40a8/x_large"
"2026-04-22 22:08:31","1007046660","Bogle, Apothic or Robert Mondavi Private Selection","","","","7.99","ea member price when you buy 6 or more","","Bogle | Apothic | Robert Mondavi","2026-04-22","2026-04-28","Beverages","https://f.wishabi.net/page_pdf_images/23101871/1c263f44-385a-11f1-b43f-a660637a40a8/x_large"
"2026-04-22 22:08:31","1007046611","Signature SELECT® or Bonduelle Salad Bowl","","","","2.99","ea member price when you buy 3","","Signature SELECT®","2026-04-22","2026-04-28","Produce","https://f.wishabi.net/page_pdf_images/23101871/0f6f7fea-385a-11f1-b43f-a660637a40a8/x_large"
"2026-04-22 22:08:32","1007046586","Fresh Ling Cod Fillet","","","","10.99","lb member price","","","2026-04-22","2026-04-28","Meat & Seafood","https://f.wishabi.net/page_items/416941782/1776228315/extra_large.jpg"
"2026-04-22 22:08:32","1007046638","Overjoyed® Snack Bites","","","","7.49","member price","","Overjoyed®","2026-04-22","2026-04-28","Snacks","https://f.wishabi.net/page_pdf_images/23101871/0b4b1514-385a-11f1-b43f-a660637a40a8/x_large"
"2026-04-22 22:08:32","1007046578","Marinated Chicken Drumsticks","","","","1.49","lb member price","","","2026-04-22","2026-04-28","Meat & Seafood","https://f.wishabi.net/page_pdf_images/23101871/13c1858e-385a-11f1-b43f-a660637a40a8/x_large"
"2026-04-22 22:08:33","1007046588","Shrimp Skewer","","","5 for","5.0","member price","","","2026-04-22","2026-04-28","Meat & Seafood","https://f.wishabi.net/page_items/416941785/1776228316/extra_large.jpg"
"2026-04-22 22:08:33","1007046570","Open Nature® Ground Chicken","","","","6.99","ea member price","","OPEN NATURE®","2026-04-22","2026-04-28","Meat & Seafood","https://f.wishabi.net/page_pdf_images/23101871/1642126a-385a-11f1-b43f-a660637a40a8/x_large"
"2026-04-22 22:08:34","1007046662","Sonoma-Cutrer, Château d'Esclans or Austin","","","","18.99","ea member price when you buy 6 or more","","Sonoma-Cutrer | Château d’Esclans | Austin","2026-04-22","2026-04-28","Beverages","https://f.wishabi.net/page_pdf_images/23101871/1d8fbd4c-385a-11f1-b43f-a660637a40a8/x_large"
"2026-04-22 22:08:34","1007046659","Gerbera Daisies","","","","6.99","","","","2026-04-22","2026-04-28","Floral","https://f.wishabi.net/page_pdf_images/23101871/0b59fce6-385a-11f1-b43f-a660637a40a8/x_large"
"2026-04-22 22:08:35","1007046924","Mission Super Size Corn Tortillas","","","","1.99","ea member price","","Mission","2026-04-22","2026-04-28","Pantry","https://f.wishabi.net/page_items/416941892/1776228316/extra_large.jpg"
"2026-04-22 22:08:35","1007046936","Challenge or Danish Creamery Butter","","","","3.49","ea member price","","Challenge | Danish","2026-04-22","2026-04-28","Dairy & Eggs","https://f.wishabi.net/page_items/416941901/1776228318/extra_large.jpg"
"2026-04-22 22:08:35","1007046970","Coca-Cola","","","","3.49","ea member price","","Coca-Cola","2026-04-22","2026-04-28","Beverages","https://f.wishabi.net/page_items/416941931/1776228327/extra_large.jpg"
"2026-04-22 22:08:36","1007046943","Best Foods Squeeze Mayonnaise","","","","3.49","ea member price","","Best Foods","2026-04-22","2026-04-28","Pantry","https://f.wishabi.net/page_items/416941904/1776228319/extra_large.jpg"
"2026-04-22 22:08:36","1007046954","Nabisco Snack Crackers 3.5 to 9.1-oz. or Chips Ahoy! Cookies 9.5 to 13-oz.","","","","2.49","ea member price","","Nabisco","2026-04-22","2026-04-28","Snacks","https://f.wishabi.net/page_items/416941913/1776228321/extra_large.jpg"
"2026-04-22 22:08:37","1007046968","Absolut","","","","12.99","ea member price","","Absolut","2026-04-22","2026-04-28","Beverages","https://f.wishabi.net/page_items/416941929/1776228326/extra_large.jpg"
"2026-04-22 22:08:37","1007046977","Safeway for u","","","","","","","","2026-04-22","2026-04-28","Other","https://f.wishabi.net/page_items/416963094/1776228329/extra_large.jpg"
"2026-04-22 22:08:38","1007046975","Tide Detergent 55 to 63-oz. Liquid or 18 to 31-ct. Pods. Downy Fabric Softener 64 to 88-oz. Liquid, 240-ct. Sheets or 12.2 to 13.2-oz. Beads., Gain Laundry Detergent 88-oz. Liquid or 31-ct. Flings.","","","","7.99","ea member price","","Tide | Downy | Gain","2026-04-22","2026-04-28","Household","https://f.wishabi.net/page_items/416941932/1776228328/extra_large.jpg"
"2026-04-22 22:08:38","1007046982","V8 Splash Juice Blend","","","","2.49","ea member price","","V8","2026-04-22","2026-04-28","Beverages","https://f.wishabi.net/page_items/416941928/1776228326/extra_large.jpg"
"2026-04-22 22:08:39","1007046902","Farmer John Bacon","","","","6.99","ea member price","","Farmer John","2026-04-22","2026-04-28","Meat & Seafood","https://f.wishabi.net/page_items/416941874/1776228312/extra_large.jpg"
"2026-04-22 22:08:39","1007046964","Popsicle Ice Pops","","","","5.99","ea member price","","Popsicle","2026-04-22","2026-04-28","Frozen","https://f.wishabi.net/page_items/416941919/1776228323/extra_large.jpg"
"2026-04-22 22:08:39","1007046934","Coffee mate Creamer","","","","2.99","ea member price","","Coffee-mate","2026-04-22","2026-04-28","Dairy & Eggs","https://f.wishabi.net/page_items/416941898/1776228318/extra_large.jpg"
"2026-04-22 22:08:40","1007046962","Marie Callender's Pot Pie","","","","3.49","ea member price","","Marie Callender's","2026-04-22","2026-04-28","Frozen","https://f.wishabi.net/page_items/416941922/1776228323/extra_large.jpg"
"2026-04-22 22:08:40","1007046960","Coors or Bud 30-pack, 12-oz., Michelob 24-pack, 12-oz","","","","22.99","ea member price","","Coors | Bud | Michelob","2026-04-22","2026-04-28","Beverages","https://f.wishabi.net/page_items/416941926/1776228325/extra_large.jpg"
"2026-04-22 22:08:41","1007046922","Planet Oat Oatmilk","","","","2.99","ea member price","","Planet Oat","2026-04-22","2026-04-28","Dairy & Eggs","https://f.wishabi.net/page_items/416941889/1776228315/extra_large.jpg"
"2026-04-22 22:08:41","1007046905","Waterfront Bistro® or Open Nature® Mussels","","","2 for","6.0","member price","","WATERFRONT BISTRO®","2026-04-22","2026-04-28","Meat & Seafood","https://f.wishabi.net/page_pdf_images/23101874/1ac6027e-385a-11f1-8482-c60bdf50e25c/x_large"
"2026-04-22 22:08:42","1007050041","USDA Choice Boneless Beef Tri Tip Roast","","","","5.0","lb member price","","","2026-04-24","2026-04-24","Meat & Seafood","https://f.wishabi.net/page_items/416942103/1776228319/extra_large.jpg"
"2026-04-22 22:08:42","1007050051","Signature SELECT® Thick Cut Bacon","","","","5.0","lb member price","","Signature SELECT®","2026-04-24","2026-04-24","Meat & Seafood","https://f.wishabi.net/page_pdf_images/23101882/1e51fd8a-385a-11f1-b8bd-fe42d320ffa0/x_large"
"2026-04-22 22:08:43","1007050149","Local Hive Honey","EARN 4X POINTS","","","8.99","member price","","Local Hive Honey","2026-04-22","2026-04-28","Pantry","https://f.wishabi.net/page_items/416942151/1776228315/extra_large.jpg"
"2026-04-22 22:08:43","1007050242","Heinz Ketchup","Earn 2X POINTS forU","","","4.99","member price","","Heinz","2026-04-22","2026-04-28","Pantry","https://f.wishabi.net/page_pdf_images/23101885/21073dba-385a-11f1-b1ac-5a9b8810776c/x_large"
"2026-04-22 22:08:44","1007050139","Nissin Top Ramen Noodles or Maruchan Ramen","","","2 for","5.0","member price","","Nissin | Maruchan","2026-04-24","2026-04-24","Pantry","https://f.wishabi.net/page_items/416942373/1776228330/extra_large.jpg"
"2026-04-22 22:08:44","1007050141","Signature SELECT® Soda or Seltzer 2-ltr. Selected varieties. Crystal Geyser Alpine Spring Water Gallon.","","","4 for","5.0","member price","","Signature SELECT | Crystal Geyser","2026-04-24","2026-04-24","Beverages","https://f.wishabi.net/page_pdf_images/23101882/2cc2a608-385a-11f1-b8bd-fe42d320ffa0/x_large"
"2026-04-22 22:08:44","1007050142","Signature SELECT® Italian Soda","","","","3.49","ea member price","","Signature SELECT®","2026-04-22","2026-04-28","Beverages","https://f.wishabi.net/page_pdf_images/23101882/130bc4ce-385a-11f1-b8bd-fe42d320ffa0/x_large"
"2026-04-22 22:08:45","1007050138","Soleil® Sparkling Water","","","2 for","7.0","member price","","Soleil®","2026-04-22","2026-04-28","Beverages","https://f.wishabi.net/page_pdf_images/23101882/0ad7c514-385a-11f1-b8bd-fe42d320ffa0/x_large"
"2026-04-22 22:08:45","1007050146","Planters Peanuts","","","2 for","5.0","ea member price when you buy 2","","Planters","2026-04-22","2026-04-28","Snacks","https://f.wishabi.net/page_pdf_images/23101883/0d6a297a-385a-11f1-ac74-b28e59aab08c/x_large"
"2026-04-22 22:08:46","1007050301","Your Mother's Curl Talk","","","","9.99","member price","","Not Your Mother's","2026-04-22","2026-04-28","Personal Care","https://f.wishabi.net/page_pdf_images/23101887/298fc42a-385a-11f1-a792-7e7ac038e9a2/x_large"
"2026-04-22 22:08:46","1007050206","POM Wonderful Tea","Earn 2x POINTS","","2 for","4.0","member price","","POM","2026-04-22","2026-04-28","Beverages","https://f.wishabi.net/page_pdf_images/23101885/109b4bec-385a-11f1-b1ac-5a9b8810776c/x_large"
"2026-04-22 22:08:47","1007050237","Best Foods Mayonnaise","EARN 2X POINTS","","","8.99","member price","","Best Foods","2026-04-22","2026-04-28","Pantry","https://f.wishabi.net/page_pdf_images/23101885/2209ccd2-385a-11f1-b1ac-5a9b8810776c/x_large"
"2026-04-22 22:08:47","1007050230","Blue Diamond Almond Breeze Almondmilk","","","2 for","7.0","member price","","Blue Diamond","2026-04-22","2026-04-28","Dairy & Eggs","https://f.wishabi.net/page_pdf_images/23101885/1859ffea-385a-11f1-b1ac-5a9b8810776c/x_large"
"2026-04-22 22:08:48","1007050220","Signature SELECT® Peeled Baby-Cut Carrots","Earn 4x POINTS","","","1.99","ea member price","","Signature SELECT®","2026-04-22","2026-04-28","Produce","https://f.wishabi.net/page_pdf_images/23101885/1440ed9c-385a-11f1-b1ac-5a9b8810776c/x_large"
"2026-04-22 22:08:48","1007050208","Naked Juice","Earn 2X Points","","2 for","7.0","member price","","Naked","2026-04-22","2026-04-28","Beverages","https://f.wishabi.net/page_pdf_images/23101885/1193727c-385a-11f1-b1ac-5a9b8810776c/x_large"
"2026-04-22 22:08:49","1007050194","Nasoya Organic Tofu","","","","2.99","ea member price","","Nasoya","2026-04-22","2026-04-28","Produce","https://f.wishabi.net/page_pdf_images/23101885/0dfc972e-385a-11f1-b1ac-5a9b8810776c/x_large"
"2026-04-22 22:08:49","1007050224","Briette Brie","","","","4.99","ea member price","","Briette","2026-04-22","2026-04-28","Dairy & Eggs","https://f.wishabi.net/page_pdf_images/23101885/1547dc28-385a-11f1-b1ac-5a9b8810776c/x_large"
"2026-04-22 22:08:49","1007050231","Pillsbury Cake Mix 15.25-oz., Frosting 16-oz","","","2 for","5.0","member price","","Pillsbury","2026-04-22","2026-04-28","Pantry","https://f.wishabi.net/page_pdf_images/23101885/2008bd94-385a-11f1-b1ac-5a9b8810776c/x_large"
"2026-04-22 22:08:50","1007050244","FIJI Artesian Water","EARN 2X POINTS","","","5.99","member price","","FIJI Water","2026-04-22","2026-04-28","Beverages","https://f.wishabi.net/page_pdf_images/23101885/19e12dde-385a-11f1-b1ac-5a9b8810776c/x_large"
"2026-04-22 22:08:50","1007050190","Wonderful Seedless Lemons","EARN 2X POINTS","","","3.99","ea member price","","Wonderful","2026-04-22","2026-04-28","Produce","https://f.wishabi.net/page_pdf_images/23101885/0f01b6ae-385a-11f1-b1ac-5a9b8810776c/x_large"
"2026-04-22 22:08:50","1007050188","Nasoya Organic Dumplings","Earn 4x POINTS","","","5.0","ea member price","","Nasoya","2026-04-22","2026-04-28","Deli & Prepared Foods","https://f.wishabi.net/page_pdf_images/23101885/0b55699c-385a-11f1-b1ac-5a9b8810776c/x_large"
"2026-04-22 22:08:51","1007050158","Freshpass","5% off","","","","","","","2026-04-22","2026-04-28","Other","https://f.wishabi.net/page_items/416963402/1776228313/extra_large.jpg"
"2026-04-22 22:08:51","1007050370","Signature SELECT® Stack Chair","","","","39.99","member price","","Signature SELECT®","2026-04-15","2026-04-28","Household","https://f.wishabi.net/page_pdf_images/23101887/1e926b4a-385a-11f1-a792-7e7ac038e9a2/x_large"
"2026-04-22 22:08:52","1007050424","TRESemmé Styling Aids","","","","14.99","member price","","TRESemmé","2026-04-22","2026-04-28","Personal Care","https://f.wishabi.net/page_pdf_images/23101887/1ca0438e-385a-11f1-a792-7e7ac038e9a2/x_large"
"2026-04-22 22:08:52","1007050303","Panoxyl Face Wash","SAVE $5 OFF $25","","","10.99","member price","","Panoxyl","2026-04-15","2026-04-28","Personal Care","https://f.wishabi.net/page_pdf_images/23101887/2ac0ca2e-385a-11f1-a792-7e7ac038e9a2/x_large"
"2026-04-22 22:08:52","1007050339","OGX Shampoo or Conditioner","","","","6.99","ea member price when you buy 2","","OGX","2026-04-22","2026-04-28","Personal Care","https://f.wishabi.net/page_pdf_images/23101887/2663ed12-385a-11f1-a792-7e7ac038e9a2/x_large"
"2026-04-22 22:08:53","1007050414","Signature SELECT® Wood Bench with Foldable Table","25% OFF Member Price","","","","","","Signature SELECT®","2026-04-22","2026-04-28","Household","https://f.wishabi.net/page_pdf_images/23101887/31400932-385a-11f1-a792-7e7ac038e9a2/x_large"
"2026-04-22 22:08:53","1007050355","Rubbermaid TakeAlongs Food Storage","","","","5.99","member price","","Rubbermaid","2026-04-15","2026-04-28","Household","https://f.wishabi.net/page_pdf_images/23101887/223c8802-385a-11f1-a792-7e7ac038e9a2/x_large"
"2026-04-22 22:08:53","1007050394","Signature SELECT® 5-Piece Patio Set","25% OFF Member Price","","","","","","Signature SELECT®","2026-04-22","2026-04-28","Household","https://f.wishabi.net/page_pdf_images/23101887/1ef41e3a-385a-11f1-a792-7e7ac038e9a2/x_large"
"2026-04-22 22:08:54","1007050308","Cetaphil Skin Cleanser or Lotion","","","","17.99","member price","","Cetaphil","2026-04-22","2026-04-28","Personal Care","https://f.wishabi.net/page_pdf_images/23101887/2b52a2c8-385a-11f1-a792-7e7ac038e9a2/x_large"
"2026-04-22 22:08:54","1007050384","Summer Citronella","25% OFF Member Price","","","","","","","2026-04-22","2026-04-28","Household","https://f.wishabi.net/page_pdf_images/23101887/2f112e0c-385a-11f1-a792-7e7ac038e9a2/x_large"
"2026-04-22 22:08:55","1007050333","Mucinex Fast-Max Cold & Flu Relief","","","","18.99","member price","","Mucinex","2026-04-15","2026-04-28","Health & Wellness","https://f.wishabi.net/page_pdf_images/23101887/2d21626a-385a-11f1-a792-7e7ac038e9a2/x_large"
"2026-04-22 22:08:56","1007050382","Signature SELECT® Patio Umbrella","","","","49.99","member price","","Signature SELECT®","2026-04-22","2026-04-28","Household","https://f.wishabi.net/page_pdf_images/23101887/1f3016e2-385a-11f1-a792-7e7ac038e9a2/x_large"
"2026-04-22 22:08:56","1007050407","Signature SELECT® Cast Iron Bench with Star","25% OFF Member Price","","","","","","Signature SELECT®","2026-04-22","2026-04-28","Household","https://f.wishabi.net/page_items/416942251/1776228332/extra_large.jpg"
"2026-04-22 22:08:56","1007050352","Softsoap Liquid Hand Soap Refill","","","","6.99","ea","8.99","Softsoap","2026-04-22","2026-04-28","Personal Care","https://f.wishabi.net/page_pdf_images/23101887/24d3dffc-385a-11f1-a792-7e7ac038e9a2/x_large"
"2026-04-22 22:08:57","1007050403","Dove Whole Body Deodorant","","","","11.99","member price","","Dove","2026-04-22","2026-04-28","Personal Care","https://f.wishabi.net/page_pdf_images/23101887/19958b2c-385a-11f1-a792-7e7ac038e9a2/x_large"
"2026-04-22 22:08:57","1007050386","Dove Bar Soap","","","","11.99","member price","","Dove","2026-04-22","2026-04-28","Personal Care","https://f.wishabi.net/page_pdf_images/23101887/169b58ac-385a-11f1-a792-7e7ac038e9a2/x_large"
"2026-04-22 22:08:57","1007050343","Dove Dry Spray or Clinical Protection Deodorant","","","","9.99","member price","","Dove","2026-04-22","2026-04-28","Personal Care","https://f.wishabi.net/page_pdf_images/23101887/173957f0-385a-11f1-a792-7e7ac038e9a2/x_large"
"2026-04-22 22:08:58","1007050363","Dove Body Wash","","","","9.99","member price","","Dove","2026-04-15","2026-04-28","Personal Care","https://f.wishabi.net/page_pdf_images/23101887/1c07647a-385a-11f1-a792-7e7ac038e9a2/x_large"
"2026-04-22 22:08:59","1007050483","Mars Share Size Candy","","","2 for","5.0","member price","","","2026-04-22","2026-04-28","Snacks","https://f.wishabi.net/page_pdf_images/23101886/0b60fe38-385a-11f1-aa97-522c617cb9b4/x_large"
"2026-04-22 22:08:59","1007050513","Hi-Chew Stand Up Pouch","","","","7.99","member price","","Hi-Chew","2026-04-15","2026-04-28","Snacks","https://f.wishabi.net/page_pdf_images/23101886/2bb3c418-385a-11f1-aa97-522c617cb9b4/x_large"
"2026-04-22 22:08:59","1007050536","Lysol Disinfecting Wipes","","","","4.99","member price","","Lysol","2026-04-22","2026-04-28","Household","https://f.wishabi.net/page_pdf_images/23101886/19bb5c26-385a-11f1-aa97-522c617cb9b4/x_large"
"2026-04-22 22:09:00","1007050562","Signature SELECT® Baby Wipes","Earn 2x POINTS","","","5.99","member price","","Signature SELECT®","2026-04-22","2026-04-28","Personal Care","https://f.wishabi.net/page_pdf_images/23101886/14d9a96a-385a-11f1-aa97-522c617cb9b4/x_large"
"2026-04-22 22:09:01","1007050568","Boost High Protein Shakes","","","","12.99","member price","","Boost","2026-04-22","2026-04-28","Health & Wellness","https://f.wishabi.net/page_items/416942214/1776228333/extra_large.jpg"
"2026-04-22 22:09:01","1007050604","Olay Super Serum Body Wash","","","","14.99","member price","","Olay","2026-04-22","2026-04-28","Personal Care","https://f.wishabi.net/page_pdf_images/23101886/304e559c-385a-11f1-aa97-522c617cb9b4/x_large"
"2026-04-22 22:09:01","1007050182","Order Ahead","","","","","","","","2026-04-22","2026-04-28","Other","https://f.wishabi.net/page_items/416942169/1776228313/extra_large.jpg"
"2026-04-22 22:09:02","1007050047","SPAM Musubi 2 - ct., Fresh Sushi","","","","5.0","ea member price","","Spam","2026-04-24","2026-04-24","Deli & Prepared Foods","https://f.wishabi.net/page_pdf_images/23101882/10ed5950-385a-11f1-b8bd-fe42d320ffa0/x_large"
"2026-04-22 22:09:02","1007050315","Unilever","","","","","","","","2026-04-22","2026-04-28","Other","https://f.wishabi.net/page_items/416942229/1776228318/extra_large.jpg"
"2026-04-22 22:09:03","1007050085","Pudding Ring Cake","","","","5.0","ea member price","","","2026-04-24","2026-04-24","Bakery","https://f.wishabi.net/page_pdf_images/23101882/20e77bce-385a-11f1-b8bd-fe42d320ffa0/x_large"
"2026-04-22 22:09:03","1007050326","Tom's of Maine Mouthwash","","","","6.99","member price","","Tom's of Maine","2026-04-22","2026-04-28","Personal Care","https://f.wishabi.net/page_pdf_images/23101887/2e07c930-385a-11f1-a792-7e7ac038e9a2/x_large"
"2026-04-30 16:10:45","1008511177","Pork Shoulder Picnic Roast","EARN 2x POINTS","","","1.99","lb member price","","","2026-04-29","2026-05-05","Meat & Seafood","https://f.wishabi.net/page_pdf_images/23162643/91158c26-3de9-11f1-9c00-5a0030f3b653/x_large"
"2026-04-30 16:10:45","1008510887","Tidy Cats Litter","EARN 4X POINTS","","","11.99","member price","","Tidy Cats","2026-04-29","2026-05-05","Household","https://f.wishabi.net/page_pdf_images/23162625/8516bc56-3de9-11f1-b64f-3acfcac1e1e4/x_large"
"2026-04-30 16:10:46","1008513210","Always Ultra Thin Pads","EARN 4x POINTS","","","14.99","member price","","Always","2026-04-29","2026-05-05","Personal Care","https://f.wishabi.net/page_pdf_images/23162649/a8a64042-3de9-11f1-85b2-7e365182d947/x_large"
"2026-04-30 16:10:46","1008511354","Alouette Crème de Brie","","","","4.99","ea member price","","Alouette Cheese","2026-04-29","2026-05-05","Dairy & Eggs","https://f.wishabi.net/page_pdf_images/23162648/7c3f580e-3de9-11f1-be67-cad739edd859/x_large"
"2026-04-30 16:10:46","1008513377","M&M's Family Size Bag","","","","10.99","member price","","M&Ms","2026-04-29","2026-05-05","Snacks","https://f.wishabi.net/page_pdf_images/23162650/74f987a4-3de9-11f1-b004-06d56a8f0ab4/x_large"
"2026-04-30 16:10:47","1008521349","Decorated Cake","","","","30.99","","","","2026-04-29","2026-05-05","Bakery","https://f.wishabi.net/page_pdf_images/23162635/7405862c-3de9-11f1-91ef-3e80fe5b2856/x_large"
"2026-04-30 16:10:47","1008510888","Glad Trash Bags","Earn 4x POINTS","","","9.99","member price","","Glad","2026-04-29","2026-05-05","Household","https://f.wishabi.net/page_pdf_images/23162625/87ff15d0-3de9-11f1-b64f-3acfcac1e1e4/x_large"
"2026-04-30 16:10:48","1008511274","USDA Choice Beef Chuck Short Ribs","","","","5.0","lb member price","","","2026-05-01","2026-05-01","Meat & Seafood","https://f.wishabi.net/page_items/417848441/1776833322/extra_large.jpg"
"2026-04-30 16:10:48","1008511075","Cazadores","","","","16.99","ea member price","","Cazadores","2026-04-29","2026-05-05","Beverages","https://f.wishabi.net/page_items/417848377/1776833333/extra_large.jpg"
"2026-04-30 16:10:49","1008511002","Deli Fresh Lunchmeat 7 to 9-oz. Selected varieties. Oscar Mayer Meat Franks 16-oz.","","","","3.99","ea member price","","Oscar Mayer","2026-04-29","2026-05-05","Deli & Prepared Foods","https://f.wishabi.net/page_items/417848319/1776833317/extra_large.jpg"
"2026-04-30 16:10:49","1008511194","SPAM Musubi, Fresh Sushi","","","","5.0","ea member price","","","2026-05-01","2026-05-01","Deli & Prepared Foods","https://f.wishabi.net/page_pdf_images/23162643/95150a18-3de9-11f1-9c00-5a0030f3b653/x_large"
"2026-04-30 16:10:49","1008513335","Mike and Ike or Hot Tamales Theater Box","","","","1.49","member price","","Mike and Ike | Hot Tamales","2026-04-29","2026-05-05","Snacks","https://f.wishabi.net/page_pdf_images/23162650/8cdef9c6-3de9-11f1-b004-06d56a8f0ab4/x_large"
"2026-04-30 16:10:50","1008511076","Challenge or Danish Creamery Butter","","","","3.99","ea member price","","Challenge | Danish Creamery","2026-04-29","2026-05-05","Dairy & Eggs","https://f.wishabi.net/page_items/417848348/1776833325/extra_large.jpg"
"2026-04-30 16:10:50","1008511079","Rockstar Energy Drink","","","","1.69","ea member price","","Rockstar","2026-04-29","2026-05-05","Beverages","https://f.wishabi.net/page_items/417848492/1776833334/extra_large.jpg"
"2026-04-30 16:10:51","1008510841","Sargento Sliced Cheese","Earn 4x POINTS","","2 for","7.0","member price","","Sargento","2026-04-29","2026-05-05","Dairy & Eggs","https://f.wishabi.net/page_pdf_images/23162625/826fb106-3de9-11f1-b64f-3acfcac1e1e4/x_large"
"2026-04-30 16:10:51","1008513328","Ferrero Rocher Diamond Gift Box Set","","","","14.99","member price","","Ferrero Rocher","2026-04-29","2026-05-12","Snacks","https://f.wishabi.net/page_pdf_images/23162650/73cd1ec2-3de9-11f1-b004-06d56a8f0ab4/x_large"
"2026-04-30 16:10:51","1008511005","Kevin's Natural Foods Chicken Entrée","","","","7.99","ea member price","","Kevin's Natural Foods","2026-04-29","2026-05-05","Meat & Seafood","https://f.wishabi.net/page_items/417848322/1776833318/extra_large.jpg"
"2026-04-30 16:10:52","1008510963","Dreyer's 1.5-qt. Selected varieties. Novelties 3-ct. Häagen-Dazs Ice Cream 14-oz.","","","","2.99","ea member price when you buy 2","","Dreyer's | Häagen-Dazs | Novelties","2026-04-29","2026-05-05","Frozen","https://f.wishabi.net/page_pdf_images/23162629/74647b32-3de9-11f1-bffb-d6a656ee41af/x_large"
"2026-04-30 16:10:52","1008510886","Gain Laundry Detergent","Earn 4x POINTS","","","15.99","member price","","Gain","2026-04-29","2026-05-05","Household","https://f.wishabi.net/page_pdf_images/23162625/75a4482e-3de9-11f1-b64f-3acfcac1e1e4/x_large"
"2026-04-30 16:10:53","1008513218","Dove or Dove Men Deodorant","SPEND $15, SAVE $5","","","8.99","member price","","Dove","2026-04-29","2026-05-12","Personal Care","https://f.wishabi.net/page_pdf_images/23162649/7ab6489e-3de9-11f1-85b2-7e365182d947/x_large"
"2026-04-30 16:10:53","1008511281","Cacique","","","","","","","","2026-04-29","2026-05-05","Dairy & Eggs","https://f.wishabi.net/page_items/417851113/1776833319/extra_large.jpg"
"2026-04-30 16:10:54","1008513279","5-hour Energy Shot","","","2 for","6.0","member price","","5 Hour Energy","2026-04-29","2026-05-05","Health & Wellness","https://f.wishabi.net/page_pdf_images/23162649/7834c7a8-3de9-11f1-85b2-7e365182d947/x_large"
"2026-04-30 16:10:54","1008513269","Huggies Little Movers, Snugglers or Goodnites Giga Pack","","","","28.99","ea","34.99","Huggies | Goodnites","2026-04-29","2026-05-12","Personal Care","https://f.wishabi.net/page_pdf_images/23162649/b6912280-3de9-11f1-85b2-7e365182d947/x_large"
"2026-04-30 16:10:54","1008513431","Pharmacy","","","","","","","","2026-04-29","2026-05-05","Health & Wellness","https://f.wishabi.net/page_items/417849775/1776833338/extra_large.jpg"
"2026-04-30 16:10:55","1008513236","Dove Bar Soap","","","","12.99","member price","","Dove","2026-04-29","2026-05-12","Personal Care","https://f.wishabi.net/page_pdf_images/23162649/bb3f5a86-3de9-11f1-85b2-7e365182d947/x_large"
"2026-04-30 16:10:55","1008513380","Rubbermaid TakeAlongs Food Storage","","","","5.99","member price","","Rubbermaid","2026-04-29","2026-05-12","Household","https://f.wishabi.net/page_pdf_images/23162650/8763d944-3de9-11f1-b004-06d56a8f0ab4/x_large"
"2026-04-30 16:10:56","1008510837","Halo Top Ice Cream","EARN 4X POINTS","","","3.99","member price","","Halo Top","2026-04-29","2026-05-05","Frozen","https://f.wishabi.net/page_pdf_images/23162625/73888190-3de9-11f1-b64f-3acfcac1e1e4/x_large"
"2026-04-30 16:10:56","1008513163","Crest Pro Health Mouthwash","EARN 4X POINTS","","","6.99","member price","","Crest","2026-04-29","2026-05-12","Personal Care","https://f.wishabi.net/page_pdf_images/23162649/9e41c5f4-3de9-11f1-85b2-7e365182d947/x_large"
"2026-04-30 16:10:56","1008513318","Lindt Excellence Bar","","","","4.99","member price","","Lindt","2026-04-29","2026-05-12","Snacks","https://f.wishabi.net/page_pdf_images/23162650/7889050c-3de9-11f1-b004-06d56a8f0ab4/x_large"
"2026-04-30 16:10:56","1008511082","Bounty Paper Towels 6-Triple Rolls., Charmin Bath Tissue 12-Mega XL Rolls.","EARN 4X POINTS","","","16.99","ea member price","","Bounty | Charmin","2026-04-29","2026-05-05","Household","https://f.wishabi.net/page_items/417848494/1776833336/extra_large.jpg"
"2026-04-30 16:10:57","1008513389","Signature SELECT® Stack Chair","25% OFF Member Price","","","","","","Signature SELECT®","2026-04-29","2026-05-12","Household","https://f.wishabi.net/page_pdf_images/23162650/7c02d62c-3de9-11f1-b004-06d56a8f0ab4/x_large"
"2026-04-30 16:10:57","1008513323","LINDOR Truffles","","","","13.99","member price","","Lindor","2026-04-29","2026-05-12","Snacks","https://f.wishabi.net/page_pdf_images/23162650/732c7422-3de9-11f1-b004-06d56a8f0ab4/x_large"
"2026-04-30 16:10:57","1008511061","Sierra Nevada or Topo Chico 12-pack, 12-oz. Pabst 30-pack, 12-oz.","","","","17.99","ea member price","","Sierra Nevada | Topo Chico | Pabst","2026-04-29","2026-05-05","Beverages","https://f.wishabi.net/page_items/417848373/1776833332/extra_large.jpg"
"2026-04-30 16:10:58","1008510881","Heinz Easy Squeeze Ketchup","EARN 4X POINTS","","","5.99","member price","","Heinz","2026-04-29","2026-05-05","Pantry","https://f.wishabi.net/page_pdf_images/23162625/841b6068-3de9-11f1-b64f-3acfcac1e1e4/x_large"
"2026-04-30 16:10:58","1008511064","Amy's Pizza","","","","8.99","ea member price","","Amy's","2026-04-29","2026-05-05","Frozen","https://f.wishabi.net/page_items/417848366/1776833330/extra_large.jpg"
"2026-04-30 16:10:59","1008511070","Nescafé Coffee or Espresso Concentrate","","","","8.99","ea member price","","Nescafe","2026-04-29","2026-05-05","Beverages","https://f.wishabi.net/page_items/417848375/1776833333/extra_large.jpg"
"2026-04-30 16:10:59","1008513299","Personal care essentials","4x forU points*","","","","","","","2026-04-29","2026-05-05","Personal Care","https://f.wishabi.net/page_items/417849141/1776833358/extra_large.jpg"
"2026-04-30 16:10:59","1008513354","Sour Patch Kids or Swedish Fish Stand Up Bag","","","","8.99","member price","","Sour Patch Kids | Swedish Fish","2026-04-29","2026-05-12","Snacks","https://f.wishabi.net/page_pdf_images/23162650/8ca2689e-3de9-11f1-b004-06d56a8f0ab4/x_large"
"2026-04-30 16:11:00","1008513415","Chocolate items","Save $5 OFF FLOWERS When You Buy Any 2 Participating Items from Lindt, Russell Stover and Ferrero.**","","","","","","","2026-04-29","2026-05-05","Snacks","https://f.wishabi.net/page_items/417849772/1776833336/extra_large.jpg"
"2026-04-30 16:11:00","1008510642","Chobani Creamer","EARN 4X POINTS","","","3.99","ea when you buy 2 member price","","Chobani","2026-04-29","2026-05-05","Dairy & Eggs","https://f.wishabi.net/page_pdf_images/23162618/9820ed76-3de9-11f1-8c3b-e6404a01fe92/x_large"
"2026-04-30 16:11:01","1008510638","Veroni Antipasto","Earn 4x POINTS","","","8.99","ea member price","","Veroni","2026-04-29","2026-05-05","Deli & Prepared Foods","https://f.wishabi.net/page_pdf_images/23162618/93fd1ba2-3de9-11f1-8c3b-e6404a01fe92/x_large"
"2026-04-30 16:11:01","1008510879","Bush's Best Grillin' Beans","Earn 4x POINTS","","2 for","6.0","member price","","Bush's Best","2026-04-29","2026-05-05","Pantry","https://f.wishabi.net/page_pdf_images/23162625/746ab4b6-3de9-11f1-b64f-3acfcac1e1e4/x_large"
"2026-04-30 16:11:01","1008510629","Smithfield Prime Fresh Lunchmeat","EARN 4X POINTS","","2 for","7.0","member price","","Smithfield","2026-04-29","2026-05-05","Meat & Seafood","https://f.wishabi.net/page_pdf_images/23162618/915dc19e-3de9-11f1-8c3b-e6404a01fe92/x_large"
"2026-04-30 16:11:02","1008510643","Starbucks","Earn 4x POINTS","","","11.99","member price","","Starbucks","2026-04-29","2026-05-05","Beverages","https://f.wishabi.net/page_pdf_images/23162618/8d7bd7d2-3de9-11f1-8c3b-e6404a01fe92/x_large"
"2026-04-30 16:11:02","1008513158","ASSORTED PRODUCT","SPEND $15, SAVE $5","","","","","","","2026-04-29","2026-05-05","Other","https://f.wishabi.net/page_items/417848566/1776833319/extra_large.jpg"
"2026-04-30 16:11:03","1008513190","Native Deodorant, Shampoo or Conditioner","$4 OFF When you Buy 2 Member Price, Earn 4x POINTS","","","","","","Native","2026-04-29","2026-05-12","Personal Care","https://f.wishabi.net/page_pdf_images/23162649/7c25da28-3de9-11f1-85b2-7e365182d947/x_large"
"2026-04-30 16:11:03","1008513274","LUNA Bar","","","3 for","5.0","member price","","Luna","2026-04-29","2026-05-12","Snacks","https://f.wishabi.net/page_pdf_images/23162649/89a14c8c-3de9-11f1-85b2-7e365182d947/x_large"
"2026-04-30 16:11:03","1008513295","Premier Protein Shakes","","","","9.99","member price","","Premier Protein","2026-04-29","2026-05-12","Health & Wellness","https://f.wishabi.net/page_pdf_images/23162649/b8be5aa0-3de9-11f1-85b2-7e365182d947/x_large"
"2026-04-30 16:11:04","1008513384","Summer Swim Accessories","25% OFF Member Price","","","","","","","2026-04-29","2026-05-12","Household","https://f.wishabi.net/page_pdf_images/23162650/891d5436-3de9-11f1-b004-06d56a8f0ab4/x_large"
"2026-04-30 16:11:04","1008521374","Celsius","EARN 2X POINTS","","","19.99","member price","","Celsius","2026-04-29","2026-08-25","Beverages","https://f.wishabi.net/page_pdf_images/23162635/9eac72aa-3de9-11f1-91ef-3e80fe5b2856/x_large"
"2026-04-30 16:11:05","1008510650","Hidden Valley Ranch Dressing","EARN 4X POINTS","","","3.99","member price","","Hidden Valley","2026-04-29","2026-05-05","Pantry","https://f.wishabi.net/page_pdf_images/23162618/965faa40-3de9-11f1-8c3b-e6404a01fe92/x_large"
"2026-04-30 16:11:05","1008510649","Kellogg's Nutri-Grain Bars","Earn 4x POINTS","","","2.99","member price","","Kellogg's","2026-04-29","2026-05-05","Snacks","https://f.wishabi.net/page_pdf_images/23162618/9885e0e6-3de9-11f1-8c3b-e6404a01fe92/x_large"
"2026-04-30 16:11:05","1008513419","American Greetings item & 1 Yankee Candle","SAVE $4","","","","","","","2026-04-29","2026-05-12","Other","https://f.wishabi.net/page_items/417849774/1776833337/extra_large.jpg"
"2026-04-30 16:11:06","1008513423","Signature SELECT® 5-Piece Patio Set","25% OFF Member Price","","","","","","Signature SELECT®","2026-04-29","2026-05-12","Household","https://f.wishabi.net/page_pdf_images/23162650/75a2576c-3de9-11f1-b004-06d56a8f0ab4/x_large"
"2026-04-30 16:11:06","1008510916","Signature SELECT® Pork Shoulder Blade Roast","","","","2.49","lb member price","","Signature SELECT®","2026-04-29","2026-05-05","Meat & Seafood","https://f.wishabi.net/page_pdf_images/23162629/8400aed0-3de9-11f1-bffb-d6a656ee41af/x_large"
"2026-04-30 16:11:06","1008510952","Lucerne® Milk","","","","3.99","ea member price","","Lucerne®","2026-04-29","2026-05-05","Dairy & Eggs","https://f.wishabi.net/page_items/417848072/1776833326/extra_large.jpg"
"2026-04-30 16:11:07","1008513204","Tampax Pearl or Radiant Tampons","Earn 4x POINTS","","","13.99","member price","","Tampax | Radiant","2026-04-29","2026-05-05","Personal Care","https://f.wishabi.net/page_pdf_images/23162649/a76027e8-3de9-11f1-85b2-7e365182d947/x_large"
"2026-04-30 16:11:07","1008510883","Coca-Cola","Earn 4x POINTS","","","6.49","member price","","Coca-Cola","2026-04-29","2026-05-05","Beverages","https://f.wishabi.net/page_pdf_images/23162625/7769763e-3de9-11f1-b64f-3acfcac1e1e4/x_large"
"2026-04-30 16:11:08","1008510849","Kellogg's Protein Pop-Tarts","EARN 4X POINTS","","","2.99","member price","","Kellogg's","2026-04-29","2026-05-05","Snacks","https://f.wishabi.net/page_pdf_images/23162625/7a6701bc-3de9-11f1-b64f-3acfcac1e1e4/x_large"
"2026-04-30 16:11:08","1008513434","Signature SELECT® Wood Bench with Foldable Table","25% OFF Member Price","","","","","","Signature Selected®","2026-04-29","2026-05-05","Household","https://f.wishabi.net/page_pdf_images/23162650/8b46ff32-3de9-11f1-b004-06d56a8f0ab4/x_large"
"2026-04-30 16:11:08","1008510885","Puffs Facial Tissue","Earn 4x POINTS","","","6.99","member price","","Puffs","2026-04-29","2026-05-05","Personal Care","https://f.wishabi.net/page_pdf_images/23162625/80704da2-3de9-11f1-b64f-3acfcac1e1e4/x_large"
"2026-04-30 16:11:09","1008510872","Kinder's Dry Rub or Spanglish Asadero Seasoning","","","","4.99","member price","","Kinder's","2026-04-29","2026-05-05","Pantry","https://f.wishabi.net/page_pdf_images/23162625/879f1932-3de9-11f1-b64f-3acfcac1e1e4/x_large"
"2026-04-30 16:11:09","1008511039","Coffee mate Creamer","","","","2.99","ea member price","","Coffee-mate","2026-04-29","2026-05-05","Dairy & Eggs","https://f.wishabi.net/page_items/417848337/1776833322/extra_large.jpg"
"2026-04-30 16:11:09","1008513310","For Hepatitis B, prevention is key","10%","","","","","","","2026-04-29","2026-05-05","Health & Wellness","https://f.wishabi.net/page_items/417849142/1776833359/extra_large.jpg"
"2026-04-30 16:11:10","1008513334","Ghirardelli Chocolate Squares","","","","6.49","member price","","Ghirardelli","2026-04-29","2026-05-05","Snacks","https://f.wishabi.net/page_pdf_images/23162650/86a3b178-3de9-11f1-b004-06d56a8f0ab4/x_large"
"2026-04-30 16:11:10","1008511347","Horizon Organic Creamer","","","","4.99","member price","","Horizon","2026-04-29","2026-05-05","Dairy & Eggs","https://f.wishabi.net/page_pdf_images/23162648/7f205ee2-3de9-11f1-be67-cad739edd859/x_large"
"2026-04-30 16:11:10","1008511247","Freshpass®","5% off","","","","","","","2026-04-29","2026-05-05","Other","https://f.wishabi.net/page_items/417862184/1776833318/extra_large.jpg"
"2026-04-30 16:11:11","1008511085","Tide Laundry Detergent","","","","9.99","ea member price","","Tide","2026-04-29","2026-05-05","Household","https://f.wishabi.net/page_items/417848380/1776833335/extra_large.jpg"
"2026-04-30 16:11:11","1008511044","Cheez-It or Snap'd 7.5 to 12.4-oz. Kellogg's Club or Town House Crackers 9.5 to 13.8-oz.","","","","2.99","ea member price","","Cheez-It | Kellogg's","2026-04-29","2026-05-05","Snacks","https://f.wishabi.net/page_items/417848360/1776833328/extra_large.jpg"
"2026-04-30 16:11:12","1008511080","Safeway for u","","","","","","","","2026-04-29","2026-05-05","Other","https://f.wishabi.net/page_items/417849250/1776833337/extra_large.jpg"
"2026-04-30 16:11:12","1008511174","Green Onion, Radish or Cilantro","","","","0.99","ea member price","","","2026-04-29","2026-05-05","Produce","https://f.wishabi.net/page_pdf_images/23162643/8d3970d6-3de9-11f1-9c00-5a0030f3b653/x_large"
"2026-04-30 16:11:12","1008510915","Signature SELECT® 80% Lean Ground Beef Mega Pack 6-lbs. or more Thick Cut Bacon","","","","4.99","lb member price","","Signature SELECT®","2026-04-29","2026-05-05","Meat & Seafood","https://f.wishabi.net/page_pdf_images/23162629/83c34338-3de9-11f1-bffb-d6a656ee41af/x_large"
"2026-04-30 16:11:13","1008521344","Herdez Guacamole Spicy Salsa 15-oz. Medium or Mild. Spicy. Salsa 15-oz. Medium or Mild.","","","","5.99","ea member price","","Herdez","2026-04-29","2026-05-05","Pantry","https://f.wishabi.net/page_pdf_images/23162635/6dc8835e-3de9-11f1-91ef-3e80fe5b2856/x_large"
"2026-04-30 16:11:13","1008511280","Meatopia","","","","","","","","2026-04-29","2026-05-05","Meat & Seafood","https://f.wishabi.net/page_items/417851112/1776833318/extra_large.jpg"
"2026-04-30 16:11:14","1008513387","Summer Inflatables","25% OFF Member Price","","","","","","","2026-04-29","2026-05-05","Household","https://f.wishabi.net/page_pdf_images/23162650/899d2198-3de9-11f1-b004-06d56a8f0ab4/x_large"
"2026-04-30 16:11:14","1008513242","Dove Shampoo or Conditioner Pump","Instant savings when you spend $15 in a single transaction using your for U member account at checkout","","","12.99","member price","","Dove","2026-04-29","2026-05-05","Personal Care","https://f.wishabi.net/page_pdf_images/23162649/9084ead6-3de9-11f1-85b2-7e365182d947/x_large"
"2026-04-30 16:11:14","1008513403","Signature SELECT® Cast Iron Bench with Star","25% OFF Member Price","","","","","","Signature SELECT®","2026-04-29","2026-05-05","Household","https://f.wishabi.net/page_pdf_images/23162650/8ab8da90-3de9-11f1-b004-06d56a8f0ab4/x_large"
"2026-04-30 16:11:15","1008513203","TRESemmé Hair Styling Aid","","","","7.99","member price","","TRESemmé","2026-04-29","2026-05-12","Personal Care","https://f.wishabi.net/page_pdf_images/23162649/bee9f4f2-3de9-11f1-85b2-7e365182d947/x_large"
"2026-04-30 16:11:15","1008511055","Kellogg's Cereal 9.6 to 13.3-oz. Special K or 12.7 to 16.1-oz. Raisin Bran. or Rice Krispies Treats or Special K Bars 6-ct.","","","","2.49","ea member price","","Kellogg's","2026-04-29","2026-05-05","Pantry","https://f.wishabi.net/page_items/417848363/1776833329/extra_large.jpg"
"2026-04-30 16:11:15","1010198227","REDEEM POINTS FOR A CHANCE TO WIN","","","","","","","","2026-04-29","2026-05-05","Other","https://f.wishabi.net/page_items/418872157/1777467686/extra_large.jpg"
"2026-04-30 16:11:16","1008512079","Gift cards","Earn 4x POINTS on hundreds of gift cards.","","","","","","","2026-04-29","2026-05-31","Other","https://f.wishabi.net/page_items/417848514/1776833318/extra_large.jpg"
"2026-04-30 16:11:16","1008512082","De Cecco Pasta","","","2 for","5.0","member price","","DeCecco","2026-04-29","2026-05-05","Pantry","https://f.wishabi.net/page_pdf_images/23162648/8924702c-3de9-11f1-be67-cad739edd859/x_large"
"2026-04-30 16:11:17","1008512085","JonnyPops Popsicles","","","","5.99","member price","","JonnyPops","2026-04-29","2026-05-05","Frozen","https://f.wishabi.net/page_pdf_images/23162648/95d58e28-3de9-11f1-be67-cad739edd859/x_large"
"2026-04-30 16:11:17","1008513297","NatureMade or Nature's Truth Vitamins","BUY 1 GET 1 FREE Member Price When you Buy 2","","","","","","NatureMade | Nature's Truth","2026-04-29","2026-05-05","Health & Wellness","https://f.wishabi.net/page_pdf_images/23162649/76a90aca-3de9-11f1-85b2-7e365182d947/x_large"
"2026-04-30 16:11:17","1008513289","Atkins Bars 5-ct. Shakes 4-pack, 11-oz","","","","7.99","member price","","Atkins","2026-04-29","2026-05-05","Snacks","https://f.wishabi.net/page_pdf_images/23162649/85ab1464-3de9-11f1-85b2-7e365182d947/x_large"
"2026-04-30 16:11:18","1008513244","Allegra Allergy Relief","","","","22.99","member price","","Allegra","2026-04-29","2026-05-12","Health & Wellness","https://f.wishabi.net/page_pdf_images/23162649/7688bdec-3de9-11f1-85b2-7e365182d947/x_large"
"2026-04-30 16:11:18","1008513227","Benadryl Allergy Relief","","","","8.99","member price","","Benadryl","2026-04-29","2026-05-12","Health & Wellness","https://f.wishabi.net/page_pdf_images/23162649/ac5e2e52-3de9-11f1-85b2-7e365182d947/x_large"
"2026-04-30 16:11:18","1008513179","Olay Body Wash","EARN 4X POINTS","","","7.99","member price","","Olay","2026-04-29","2026-05-05","Personal Care","https://f.wishabi.net/page_pdf_images/23162649/7409fcac-3de9-11f1-85b2-7e365182d947/x_large"
"2026-04-30 16:11:19","1008513173","Crest Pro Health or 3D White Toothpaste","Earn 4x POINTS","","","6.99","member price","","Crest","2026-04-29","2026-05-05","Personal Care","https://f.wishabi.net/page_pdf_images/23162649/9d455468-3de9-11f1-85b2-7e365182d947/x_large"
"2026-04-30 16:11:19","1008513235","Bausch & Lomb Lumify Eye Drops","","","","12.99","member price","","Bausch & Lomb","2026-04-29","2026-05-12","Health & Wellness","https://f.wishabi.net/page_pdf_images/23162649/ad9ebbb0-3de9-11f1-85b2-7e365182d947/x_large"
"2026-04-30 16:11:19","1008513250","Zyrtec Allergy Relief","","","","24.99","member price","","Zyrtec","2026-04-29","2026-05-05","Health & Wellness","https://f.wishabi.net/page_pdf_images/23162649/b0195864-3de9-11f1-85b2-7e365182d947/x_large"
"2026-04-30 16:11:20","1008513180","Secret or Old Spice Deodorant","Earn 4X POINTS","","","7.99","member price","","Secret | Old Spice","2026-04-29","2026-05-05","Personal Care","https://f.wishabi.net/page_pdf_images/23162649/a0fbc7ae-3de9-11f1-85b2-7e365182d947/x_large"
"2026-04-30 16:11:20","1008513194","Native Liquid Hand Soap or Lotion","$4 OFF When you Buy 2 Member Price, EARN 4X POINTS","","","","","","Native","2026-04-29","2026-05-12","Personal Care","https://f.wishabi.net/page_pdf_images/23162649/a5aee01a-3de9-11f1-85b2-7e365182d947/x_large"
"2026-04-30 16:11:20","1008513307","CLIF Bars","","","","12.99","member price","","Clif Bar","2026-04-29","2026-05-05","Snacks","https://f.wishabi.net/page_pdf_images/23162649/870a854c-3de9-11f1-85b2-7e365182d947/x_large"
"2026-04-30 16:11:21","1008513267","Pampers Swaddlers or Easy Ups Jumbo Pack","","","","10.99","ea","11.99","Pampers","2026-04-29","2026-05-05","Household","https://f.wishabi.net/page_pdf_images/23162649/b4ffba08-3de9-11f1-85b2-7e365182d947/x_large"
"2026-04-30 16:11:21","1008513164","Pantene Pump or Head & Shoulders Shampoo or Conditioner","Earn 4X POINTS","","","7.99","member price","","Pantene | Head & Shoulders","2026-04-29","2026-05-05","Personal Care","https://f.wishabi.net/page_pdf_images/23162649/84635e0e-3de9-11f1-85b2-7e365182d947/x_large"
"2026-04-30 16:11:21","1008513186","Herbal Essences Shampoo or Conditioner","EARN 4X POINTS","","","9.99","member price","","Herbal Essences","2026-04-29","2026-05-12","Personal Care","https://f.wishabi.net/page_pdf_images/23162649/a2398a0c-3de9-11f1-85b2-7e365182d947/x_large"
"2026-04-30 16:11:22","1008513214","Always Discreet Pads","Earn 4x POINTS","","","18.99","member price","","Always","2026-04-29","2026-05-12","Personal Care","https://f.wishabi.net/page_pdf_images/23162649/aae05410-3de9-11f1-85b2-7e365182d947/x_large"
"2026-04-30 16:11:22","1008513195","Gillette or Venus Disposable Razors","$4 OFF When you Buy 2 Member Price, Earn 4x POINTS","","","","","","Gillette","2026-04-29","2026-05-05","Personal Care","https://f.wishabi.net/page_pdf_images/23162649/7566bab8-3de9-11f1-85b2-7e365182d947/x_large"
"2026-04-30 16:11:23","1008513228","Mucinex Cold & Flu Relief","","","","18.99","member price","","Mucinex","2026-04-29","2026-05-12","Health & Wellness","https://f.wishabi.net/page_pdf_images/23162649/7549d61e-3de9-11f1-85b2-7e365182d947/x_large"
"2026-04-30 16:11:23","1008513246","Claritin Allergy Relief","","","","25.99","member price","","Claritin","2026-04-29","2026-05-12","Health & Wellness","https://f.wishabi.net/page_pdf_images/23162649/7ad41efa-3de9-11f1-85b2-7e365182d947/x_large"
"2026-04-30 16:11:23","1008513301","Boost Shakes","","","","11.99","member price","","Boost","2026-04-29","2026-05-12","Health & Wellness","https://f.wishabi.net/page_pdf_images/23162649/89bf2ed2-3de9-11f1-85b2-7e365182d947/x_large"
"2026-04-30 16:11:24","1008513222","Dove Body Wash","","","","9.99","member price","","Dove","2026-04-29","2026-05-05","Personal Care","https://f.wishabi.net/page_pdf_images/23162649/bdaa4bc8-3de9-11f1-85b2-7e365182d947/x_large"
"2026-04-30 16:11:24","1008513171","Dove Shampoo or Conditioner","","","","6.99","member price","","Dove","2026-04-29","2026-05-05","Personal Care","https://f.wishabi.net/page_pdf_images/23162649/72c341c8-3de9-11f1-85b2-7e365182d947/x_large"
"2026-04-30 16:11:24","1008513285","CLIF Builders Bars","","","","11.99","member price","","Clif Bar","2026-04-29","2026-05-05","Snacks","https://f.wishabi.net/page_pdf_images/23162649/8af9e800-3de9-11f1-85b2-7e365182d947/x_large"
"2026-04-30 16:11:25","1008513350","Twizzlers or Jolly Rancher Ropes","","","","4.99","member price","","Twizzlers | Jolly Rancher","2026-04-29","2026-05-12","Snacks","https://f.wishabi.net/page_pdf_images/23162650/716ccd3a-3de9-11f1-b004-06d56a8f0ab4/x_large"
"2026-04-30 16:11:25","1008513359","Summer Party Goods","","","3 for","5.0","member price","","","2026-04-29","2026-05-05","Household","https://f.wishabi.net/page_pdf_images/23162650/7ac4b578-3de9-11f1-b004-06d56a8f0ab4/x_large"
"2026-04-30 16:11:25","1008513369","BBQ Tools or Accessories","BUY 1 GET 1 50% OFF Member Price","","","","","","","2026-04-29","2026-05-05","Household","https://f.wishabi.net/page_pdf_images/23162650/77e1e0f6-3de9-11f1-b004-06d56a8f0ab4/x_large"
"2026-04-30 16:11:26","1008513364","Signature SELECT® Food Storage","","","2 for","7.0","member price","","Signature SELECT®","2026-04-29","2026-05-05","Household","https://f.wishabi.net/page_pdf_images/23162650/73f9cd8c-3de9-11f1-b004-06d56a8f0ab4/x_large"
"2026-04-30 16:11:26","1008513375","Summer Citronella","25% OFF Member Price","","","","","","","2026-04-29","2026-05-05","Household","https://f.wishabi.net/page_pdf_images/23162650/88731f52-3de9-11f1-b004-06d56a8f0ab4/x_large"
"2026-04-30 16:11:26","1008513433","Charbroil 4-Burner Pro Gas Grill","25% OFF Member Price","","","","","","CharBroil","2026-04-29","2026-05-05","Household","https://f.wishabi.net/page_pdf_images/23162650/762d27a2-3de9-11f1-b004-06d56a8f0ab4/x_large"
"2026-04-30 16:11:27","1008513339","Haribo Gummies","","","2 for","4.0","member price","","Haribo","2026-04-29","2026-05-12","Snacks","https://f.wishabi.net/page_pdf_images/23162650/8b938b18-3de9-11f1-b004-06d56a8f0ab4/x_large"
"2026-04-30 16:11:27","1008513355","Hershey King Size Bar","","","2 for","5.0","member price","","Hershey's","2026-04-29","2026-05-05","Snacks","https://f.wishabi.net/page_pdf_images/23162650/7218c432-3de9-11f1-b004-06d56a8f0ab4/x_large"
"2026-04-30 16:11:28","1008513342","Dove Chocolate Candy","","","","6.99","member price","","Dove","2026-04-29","2026-05-12","Snacks","https://f.wishabi.net/page_pdf_images/23162650/7669de7c-3de9-11f1-b004-06d56a8f0ab4/x_large"
"2026-04-30 16:11:28","1008513398","Signature SELECT® Copper Ring Firepit","25% OFF Member Price","","","","","","Signature SELECT®","2026-04-29","2026-05-12","Household","https://f.wishabi.net/page_pdf_images/23162650/8a7abfc6-3de9-11f1-b004-06d56a8f0ab4/x_large"
"2026-04-30 16:11:28","1008510860","Kraft Mac & Cheese","Earn 4x POINTS","","3 for","5.0","member price","","Kraft","2026-04-29","2026-05-05","Pantry","https://f.wishabi.net/page_pdf_images/23162625/7beedb36-3de9-11f1-b64f-3acfcac1e1e4/x_large"
"2026-04-30 16:11:29","1008510859","Utz Chips","Earn 4X POINTS","","2 for","7.0","member price","","UTZ","2026-04-29","2026-05-05","Snacks","https://f.wishabi.net/page_pdf_images/23162625/7b986bca-3de9-11f1-b64f-3acfcac1e1e4/x_large"
"2026-04-30 16:11:29","1008510816","Bonduelle Bistro Grande Bowl","Earn 4x POINTS","","","5.99","ea member price","","Bonduelle","2026-04-29","2026-05-05","Deli & Prepared Foods","https://f.wishabi.net/page_pdf_images/23162625/8ca53d08-3de9-11f1-b64f-3acfcac1e1e4/x_large"
"2026-04-30 16:11:29","1008510833","Rana Pasta or Sauce","Earn 4X POINTS","","","8.49","member price","","Rana","2026-04-29","2026-05-05","Deli & Prepared Foods","https://f.wishabi.net/page_pdf_images/23162625/79619138-3de9-11f1-b64f-3acfcac1e1e4/x_large"
"2026-04-30 16:11:30","1008510861","Pringles Chips","Earn 4x POINTS","","","5.99","member price","","Pringles","2026-04-29","2026-05-05","Snacks","https://f.wishabi.net/page_pdf_images/23162625/7edbe9e2-3de9-11f1-b64f-3acfcac1e1e4/x_large"
"2026-04-30 16:11:30","1008510820","Farmer John Lunchmeat","EARN 4x POINTS","","","8.99","ea member price","","Farmer John","2026-04-29","2026-05-05","Deli & Prepared Foods","https://f.wishabi.net/page_pdf_images/23162625/817319a0-3de9-11f1-b64f-3acfcac1e1e4/x_large"
"2026-04-30 16:11:31","1008510876","Poppi Soda","Earn 4X POINTS","","","7.99","member price","","poppi","2026-04-29","2026-05-05","Beverages","https://f.wishabi.net/page_pdf_images/23162625/77bb436a-3de9-11f1-b64f-3acfcac1e1e4/x_large"
"2026-04-30 16:11:31","1008510889","vitaminwater","Earn 4x POINTS","","3 for","5.0","member price","","Vitaminwater","2026-04-29","2026-05-05","Beverages","https://f.wishabi.net/page_pdf_images/23162625/8bb0926c-3de9-11f1-b64f-3acfcac1e1e4/x_large"
"2026-04-30 16:11:32","1008510832","Boar's Head Traditional Bacon","EARN 4X POINTS","","","9.99","ea member price","","Boar's Head","2026-04-29","2026-05-05","Meat & Seafood","https://f.wishabi.net/page_items/417847987/1776833317/extra_large.jpg"
"2026-04-30 16:11:32","1008510845","Knudsen Cottage Cheese or Sour Cream","","","2 for","5.0","member price","","KNUDSEN","2026-04-29","2026-05-05","Dairy & Eggs","https://f.wishabi.net/page_pdf_images/23162625/78b82d1e-3de9-11f1-b64f-3acfcac1e1e4/x_large"
"2026-04-30 16:11:33","1008510891","Alani Energy Drinks","EARN 4X POINTS","","2 for","4.0","member price","","Alani Nu","2026-04-29","2026-05-05","Beverages","https://f.wishabi.net/page_pdf_images/23162625/76abf80c-3de9-11f1-b64f-3acfcac1e1e4/x_large"
"2026-04-30 16:11:33","1008510962","Mission Soft Taco Tortillas 10-ct. Tortilla Chips 9 to 11-oz. Herdez Salsa 16-oz.","","","","1.99","ea member price when you buy 3","","Mission | Herdez","2026-04-29","2026-05-05","Pantry","https://f.wishabi.net/page_pdf_images/23162629/71efa46c-3de9-11f1-bffb-d6a656ee41af/x_large"
"2026-04-30 16:11:33","1008510975","Modelo, Corona, Pacifico, Tecate or Firestone Walker","","","","11.99","ea member price when you buy 2","","Modelo | Corona | Pacifico | Tecate | Firestone Walker","2026-04-29","2026-05-05","Beverages","https://f.wishabi.net/page_pdf_images/23162629/8c2c411e-3de9-11f1-bffb-d6a656ee41af/x_large"
"2026-04-30 16:11:34","1008510926","Signature SELECT® Chicken Leg Quarters, Drumsticks or Thighs","BUY 1 GET 1 FREE Member Price When you Buy 2","","","","","","Signature SELECT®","2026-04-29","2026-05-05","Meat & Seafood","https://f.wishabi.net/page_pdf_images/23162629/846a417e-3de9-11f1-bffb-d6a656ee41af/x_large"
"2026-04-30 16:11:34","1008510932","Sweet Corn","","","3 for","1.0","member price","","","2026-04-29","2026-05-05","Produce","https://f.wishabi.net/page_pdf_images/23162629/84b67ec2-3de9-11f1-bffb-d6a656ee41af/x_large"
"2026-04-30 16:11:35","1008510972","Fresh Express Salad Blend 5 to 11-oz. C","","","","1.99","ea member price","","Fresh Express","2026-04-29","2026-05-05","Produce","https://f.wishabi.net/page_pdf_images/23162629/853054f4-3de9-11f1-bffb-d6a656ee41af/x_large"
"2026-04-30 16:11:35","1008510943","Tostitos, Doritos, Simply or Smartfood","BUY 2 GET 2 FREE","","Single price up to","5.49","ea member price when you buy 4","","Tostitos | Doritos | Simply | Smartfood","2026-04-29","2026-05-05","Snacks","https://f.wishabi.net/page_pdf_images/23162629/72a71b38-3de9-11f1-bffb-d6a656ee41af/x_large"
"2026-04-30 16:11:35","1008510950","Lean Cuisine Entrée 6 to 11-oz. or Stouffer's Mid Tier Entrée 8.37 to 12.62-oz.","","","","2.49","ea member price","","Lean Cuisine | Stouffer's","2026-04-29","2026-05-05","Frozen","https://f.wishabi.net/page_items/417848083/1776833329/extra_large.jpg"
"2026-04-30 16:11:36","1008510929","Red Cherries","","","","3.99","lb member price","","","2026-04-29","2026-05-05","Produce","https://f.wishabi.net/page_items/417848031/1776833318/extra_large.jpg"
"2026-04-30 16:11:36","1008510957","Lucerne® Sliced Cheese","","","","5.99","ea member price","","Lucerne®","2026-04-29","2026-05-05","Dairy & Eggs","https://f.wishabi.net/page_items/417848062/1776833324/extra_large.jpg"
"2026-04-30 16:11:36","1008510976","Waterfront Bistro® Large Raw Shrimp 31 to 40-ct., Fresh Atlantic Salmon Portion 7-oz","","","","4.99","member price","","WATERFRONT BISTRO®","2026-04-29","2026-05-05","Meat & Seafood","https://f.wishabi.net/page_items/417848055/1776833323/extra_large.jpg"
"2026-04-30 16:11:37","1008510934","USDA Choice Boneless Beef Tri Tip Roast","","","","6.99","lb member price","","","2026-04-29","2026-05-05","Meat & Seafood","https://f.wishabi.net/page_items/417848043/1776833320/extra_large.jpg"
"2026-04-30 16:11:38","1008511031","McCormick or Lawry's Taco Seasoning","","","","0.69","ea member price","","McCormick | Lawry's","2026-04-29","2026-05-05","Pantry","https://f.wishabi.net/page_items/417848351/1776833326/extra_large.jpg"
"2026-04-30 16:11:38","1008511065","High Protein Meal","","","","7.99","ea member price","","","2026-04-29","2026-05-05","Deli & Prepared Foods","https://f.wishabi.net/page_items/417848328/1776833320/extra_large.jpg"
"2026-04-30 16:11:38","1008511041","Old El Paso Taco Shells 4.6 to 6.6-oz. Enchilada Sauce 10-oz.","","","","1.99","ea member price","","Old El Paso","2026-04-29","2026-05-05","Pantry","https://f.wishabi.net/page_items/417848340/1776833323/extra_large.jpg"
"2026-04-30 16:11:39","1008511052","Pepperidge Farm Goldfish Crackers or Crisps","","","","1.99","ea member price","","Pepperidge Farm","2026-04-29","2026-05-05","Snacks","https://f.wishabi.net/page_items/417848354/1776833327/extra_large.jpg"
"2026-04-30 16:11:39","1008511015","Ben's Original Ready Rice","","","","1.99","ea member price","","Ben's Original","2026-04-29","2026-05-05","Pantry","https://f.wishabi.net/page_items/417848343/1776833324/extra_large.jpg"
"2026-04-30 16:11:39","1008511008","Dave's Killer Bagels or English Muffins 13.2 to 16.75-oz. Thin-Sliced Bread 20.5-oz.","","","","4.99","ea member price","","Dave's Killer","2026-04-29","2026-05-05","Bakery","https://f.wishabi.net/page_items/417848331/1776833321/extra_large.jpg"
"2026-04-30 16:11:40","1008511016","Chobani Flip or Protein Greek Yogurt","","","","0.99","ea member price","","Chobani","2026-04-29","2026-05-05","Dairy & Eggs","https://f.wishabi.net/page_items/417848334/1776833321/extra_large.jpg"
"2026-04-30 16:11:40","1008511036","Simply Orange","","","","3.49","ea member price","","Simply Orange","2026-04-29","2026-05-05","Beverages","https://f.wishabi.net/page_items/417848346/1776833325/extra_large.jpg"
"2026-04-30 16:11:40","1008511059","trü frü Frozen Fruit","","","","6.99","ea member price","","TRUFRU","2026-04-29","2026-05-05","Frozen","https://f.wishabi.net/page_items/417848369/1776833331/extra_large.jpg"
"2026-04-30 16:11:41","1008511023","Open Nature® Split Lobster Tails","","","","19.99","ea member price","","OPEN NATURE®","2026-04-29","2026-05-05","Meat & Seafood","https://f.wishabi.net/page_pdf_images/23162637/772d058c-3de9-11f1-967f-cae62afca548/x_large"
"2026-04-30 16:11:41","1008511277","BuzzBallz","","","2 for","5.0","member price","","BuzzBallz","2026-05-01","2026-05-01","Beverages","https://f.wishabi.net/page_pdf_images/23162643/9f0b3894-3de9-11f1-9c00-5a0030f3b653/x_large"
"2026-04-30 16:11:41","1008511272","Jose Cuervo","GET THIS FOR 1¢** Jose Cuervo Margarita Mix WHEN YOU BUY 1 Jose Cuervo 750-ml.","","","9.99","ea","","Jose Cuervo","2026-04-29","2026-05-05","Beverages","https://f.wishabi.net/page_pdf_images/23162643/9c9cca14-3de9-11f1-9c00-5a0030f3b653/x_large"
"2026-04-30 16:11:42","1008511294","Hint Water Variety Pack","","","","11.99","member price","","Hint","2026-04-29","2026-05-05","Beverages","https://f.wishabi.net/page_pdf_images/23162644/83b7b81a-3de9-11f1-b3c8-6eaba7f87512/x_large"
"2026-04-30 16:11:42","1008511328","Trans-Ocean Crab Classic","","","2 for","5.0","member price","","Trans-Ocean","2026-04-29","2026-05-05","Meat & Seafood","https://f.wishabi.net/page_pdf_images/23162648/81e9a552-3de9-11f1-be67-cad739edd859/x_large"
"2026-04-30 16:11:43","1008511312","Wildwonder Sparkling Prebiotic","","","2 for","6.0","member price","","Wild Wonders","2026-04-29","2026-05-05","Beverages","https://f.wishabi.net/page_pdf_images/23162648/7959af22-3de9-11f1-be67-cad739edd859/x_large"
"2026-04-30 16:11:43","1008511344","Blue Diamond Almond Breeze Almondmilk","","","2 for","7.0","member price","","Blue Diamond","2026-04-29","2026-05-05","Dairy & Eggs","https://f.wishabi.net/page_pdf_images/23162648/80854e32-3de9-11f1-be67-cad739edd859/x_large"
"2026-04-30 16:11:43","1008511322","Sunny D","","","","1.99","member price","","Sunny D","2026-04-29","2026-05-05","Beverages","https://f.wishabi.net/page_pdf_images/23162648/7f2c1192-3de9-11f1-be67-cad739edd859/x_large"
"2026-04-30 16:11:44","1008511338","Daisy Sour Cream","","","","3.99","member price","","Daisy","2026-04-29","2026-05-05","Dairy & Eggs","https://f.wishabi.net/page_pdf_images/23162648/7dae2a30-3de9-11f1-be67-cad739edd859/x_large"
"2026-04-30 16:11:44","1008511335","Made in Nature Dried Fruit","","","","8.99","ea member price","","Made In Nature™","2026-04-29","2026-05-05","Pantry","https://f.wishabi.net/page_pdf_images/23162648/972db962-3de9-11f1-be67-cad739edd859/x_large"
"2026-04-30 16:11:45","1008510931","Hass Avocado or Mango","","","10 for","10.0","member price","","","2026-04-29","2026-05-05","Produce","https://f.wishabi.net/page_pdf_images/23162629/6daafa6e-3de9-11f1-bffb-d6a656ee41af/x_large"
"2026-04-30 16:11:45","1008510971","Kettle Potato Chips 5 to 8.5-oz. Lay's Potato Chips or Poppables 5 to 8-oz. SunChips 7-oz","","","","1.99","ea member price","","Kettle | Lay's | SunChips","2026-04-29","2026-05-05","Snacks","https://f.wishabi.net/page_items/417848095/1776833331/extra_large.jpg"
"2026-04-30 16:11:45","1008511188","Tres Leches Cake","","","","19.99","member price","","","2026-04-29","2026-05-05","Bakery","https://f.wishabi.net/page_pdf_images/23162643/926daa04-3de9-11f1-9c00-5a0030f3b653/x_large"
"2026-04-30 16:11:46","1008511228","Strawberries","","","","5.0","ea member price","","","2026-05-01","2026-05-01","Produce","https://f.wishabi.net/page_pdf_images/23162643/8555c77a-3de9-11f1-9c00-5a0030f3b653/x_large"
"2026-04-30 16:11:46","1008511240","Signature SELECT®Trash Bags 18 to 45-ct. Disinfecting Wipes 75-ct.","","","","5.0","ea member price","","Signature SELECT®","2026-05-01","2026-05-01","Household","https://f.wishabi.net/page_pdf_images/23162643/86ae101e-3de9-11f1-9c00-5a0030f3b653/x_large"
"2026-04-30 16:11:47","1008511232","José Olé Taquitos 16.2 to 22.5-oz. Selected varieties. Helados Mexico Bar Minis Variety Pack 12-ct.","","","","5.0","ea member price","","José Olé | Helados Mexico","2026-05-01","2026-05-01","Frozen","https://f.wishabi.net/page_pdf_images/23162643/9786536a-3de9-11f1-9c00-5a0030f3b653/x_large"
"2026-04-30 16:11:47","1008511245","Lovely Rose Bouquet","","","","5.0","ea member price","","","2026-05-01","2026-05-01","Floral","https://f.wishabi.net/page_pdf_images/23162643/89299e12-3de9-11f1-9c00-5a0030f3b653/x_large"
"2026-04-30 16:11:47","1008511236","Tim's Cascade or Hawaiian Potato Chips","","","2 for","5.0","member price","","Tim's | Hawaiian","2026-05-01","2026-05-01","Snacks","https://f.wishabi.net/page_pdf_images/23162643/8405783e-3de9-11f1-9c00-5a0030f3b653/x_large"
"2026-04-30 16:11:47","1008511243","Red, Orange, Yellow or Green Bell Pepper","","","5 for","5.0","member price","","","2026-05-01","2026-05-01","Produce","https://f.wishabi.net/page_pdf_images/23162643/816babc0-3de9-11f1-9c00-5a0030f3b653/x_large"
"2026-04-30 16:11:48","1008511215","Single Bagel or Donut","","","5 for","5.0","member price","","","2026-05-01","2026-05-01","Bakery","https://f.wishabi.net/page_pdf_images/23162643/82bcb4ce-3de9-11f1-9c00-5a0030f3b653/x_large"
"2026-04-30 16:11:48","1008511213","Hostess Multi-Pack","","","2 for","5.0","member price","","Hostess","2026-05-01","2026-05-01","Snacks","https://f.wishabi.net/page_pdf_images/23162643/7feef540-3de9-11f1-9c00-5a0030f3b653/x_large"
"2026-04-30 16:11:48","1008511200","Jack Daniel's Entrée","","","","5.0","ea member price","","Jack Daniel's","2026-05-01","2026-05-01","Deli & Prepared Foods","https://f.wishabi.net/page_pdf_images/23162643/9a033874-3de9-11f1-9c00-5a0030f3b653/x_large"
"2026-04-30 16:11:49","1008511204","Aidells Gourmet Sausage 12-oz. or Johnsonville Party Pack Beddar with Cheddar Sausage 28-oz.","","","","5.0","ea member price","","Aidells | Johnsonville","2026-05-01","2026-05-01","Meat & Seafood","https://f.wishabi.net/page_pdf_images/23162643/75b450a2-3de9-11f1-9c00-5a0030f3b653/x_large"
"2026-04-30 16:11:49","1008511181","Cacique Chorizo","","","2 for","4.0","member price","","Cacique","2026-04-29","2026-05-05","Meat & Seafood","https://f.wishabi.net/page_pdf_images/23162643/911bc118-3de9-11f1-9c00-5a0030f3b653/x_large"
"2026-04-30 16:11:50","1008511225","Waterfront Bistro® Jumbo Raw Shrimp","","","","5.0","lb member price","","WATERFRONT BISTRO®","2026-05-01","2026-05-01","Meat & Seafood","https://f.wishabi.net/page_pdf_images/23162643/7eaafbfc-3de9-11f1-9c00-5a0030f3b653/x_large"
"2026-04-30 16:11:50","1008511276","Coca Cola, Sprite or Fanta Made In Mexico","","","3 for","5.0","member price","","Coca-Cola","2026-05-01","2026-05-01","Beverages","https://f.wishabi.net/page_pdf_images/23162643/74491d10-3de9-11f1-9c00-5a0030f3b653/x_large"
"2026-04-30 16:11:50","1008511273","$5 lb. Member Price Chicken Wings Bone-In or Boneless. Available in the Deli.","","","","5.0","member price","","","2026-05-01","2026-05-01","Deli & Prepared Foods","https://f.wishabi.net/page_items/417848438/1776833322/extra_large.jpg"
"2026-04-30 16:11:51","1008511286","Noosa Yoghurt","","","2 for","4.0","member price","","Noosa","2026-04-29","2026-05-05","Dairy & Eggs","https://f.wishabi.net/page_items/417851115/1776833320/extra_large.jpg"
"2026-04-30 16:11:51","1008511271","Guacamole","FREE* Deli Tortilla Chips WHEN YOU BUY Guacamole 14-oz.","","","5.0","ea member price","","","2026-04-29","2026-05-05","Deli & Prepared Foods","https://f.wishabi.net/page_pdf_images/23162643/8be0e200-3de9-11f1-9c00-5a0030f3b653/x_large"
"2026-04-30 16:11:51","1008511275","Rosarita Beans","","","3 for","5.0","member price","","Rosarita","2026-04-29","2026-05-05","Pantry","https://f.wishabi.net/page_pdf_images/23162643/8d3026ca-3de9-11f1-9c00-5a0030f3b653/x_large"
"2026-04-30 16:11:52","1008511299","Cutwater 4-pack, 12-oz. VMC Cocktails 4-pack, 355-ml","","","","7.99","ea member price when you buy 2","","Cutwater | VMC","2026-04-29","2026-05-05","Beverages","https://f.wishabi.net/page_pdf_images/23162643/a0653834-3de9-11f1-9c00-5a0030f3b653/x_large"
"2026-04-30 16:11:52","1008511298","Signature SELECT® Salsa or Ken's Salad Dressing","","","2 for","5.0","member price","","Signature SELECT® | Ken's","2026-05-01","2026-05-01","Pantry","https://f.wishabi.net/page_pdf_images/23162643/98c8df4a-3de9-11f1-9c00-5a0030f3b653/x_large"
"2026-04-30 16:11:52","1008511289","Cacique Queso Fresco or Crema","","","","2.99","ea member price","","Cacique","2026-04-29","2026-05-05","Dairy & Eggs","https://f.wishabi.net/page_items/417851114/1776833319/extra_large.jpg"
"2026-04-30 16:11:53","1008511359","La Tortilla Factory Handmade Style Tortillas","","","2 for","5.0","member price","","La Tortilla Factory","2026-04-29","2026-05-05","Bakery","https://f.wishabi.net/page_pdf_images/23162648/891cd9f2-3de9-11f1-be67-cad739edd859/x_large"
"2026-04-30 16:11:53","1008511303","Order Ahead","","","","","","","","2026-04-29","2026-05-05","Other","https://f.wishabi.net/page_items/417850074/1776833318/extra_large.jpg"
"2026-04-30 16:11:54","1008511352","Ice Cream For Bears","","","","6.99","member price","","Ice Cream For Bears","2026-04-29","2026-05-05","Frozen","https://f.wishabi.net/page_pdf_images/23162648/8d746de4-3de9-11f1-be67-cad739edd859/x_large"
"2026-04-30 16:11:54","1008512084","Nissin Geki Spicy Soup","","","","4.99","member price","","Nissin","2026-04-29","2026-05-05","Pantry","https://f.wishabi.net/page_pdf_images/23162648/8a93e348-3de9-11f1-be67-cad739edd859/x_large"
"2026-04-30 16:11:55","1008512081","La Tortilla Factory Simply Better Flour Tortillas","","","","2.99","member price","","La Tortilla Factory","2026-04-29","2026-05-05","Bakery","https://f.wishabi.net/page_pdf_images/23162648/87ae7454-3de9-11f1-be67-cad739edd859/x_large"
"2026-04-30 16:11:55","1008512083","Mott's Clamato","","","","4.99","member price","","Mott's","2026-04-29","2026-05-05","Beverages","https://f.wishabi.net/page_pdf_images/23162648/84e2d832-3de9-11f1-be67-cad739edd859/x_large"
"2026-04-30 16:11:55","1008512080","Sensible Portions Veggie Straws or Chips","","","2 for","7.0","member price","","Sensible Portions","2026-04-29","2026-05-05","Snacks","https://f.wishabi.net/page_pdf_images/23162648/8d69f1b6-3de9-11f1-be67-cad739edd859/x_large"
"2026-04-30 16:11:56","1008510673","CELEBRATING 100 years","Earn 4x POINTS with for U","","","","","","","2026-04-29","2026-05-05","Other","https://f.wishabi.net/page_items/417849249/1777467684/extra_large.jpg"
"2026-04-30 16:11:56","1008510657","Sweet Baby Ray's Barbecue Sauce","Earn 4x POINTS","","","1.99","member price","","Sweet Baby Rays","2026-04-29","2026-05-05","Pantry","https://f.wishabi.net/page_pdf_images/23162618/9477db9e-3de9-11f1-8c3b-e6404a01fe92/x_large"
"2026-04-30 16:11:56","1008510635","DiGiorno Rising Crust or Hand Tossed Pizza","EARN 4X POINTS","","","5.99","member price","","DiGiorno","2026-04-29","2026-05-05","Frozen","https://f.wishabi.net/page_pdf_images/23162618/900e3760-3de9-11f1-8c3b-e6404a01fe92/x_large"
"2026-04-30 16:11:57","1008510667","Kingsford Charcoal","Earn 4X POINTS","","","15.99","member price","","Kingsford","2026-04-29","2026-05-05","Household","https://f.wishabi.net/page_pdf_images/23162618/94db74e2-3de9-11f1-8c3b-e6404a01fe92/x_large"
"2026-04-30 16:11:57","1008510625","NatureSweet Tomatoes","EARN 4x POINTS","","","4.99","ea member price","","Nature Sweet","2026-04-29","2026-05-05","Produce","https://f.wishabi.net/page_pdf_images/23162618/8e6f4ca0-3de9-11f1-8c3b-e6404a01fe92/x_large"
"2026-04-30 16:11:58","1008510674","smartwater","EARN 4x POINTS","","","23.99","member price","","Smartwater","2026-04-29","2026-05-05","Beverages","https://f.wishabi.net/page_pdf_images/23162618/9a488032-3de9-11f1-8c3b-e6404a01fe92/x_large"
"2026-04-30 16:11:58","1008510654","Nabisco Chips Ahoy! Cookies","Earn 4x POINTS","","","3.49","ea member price when you buy 2","","Nabisco","2026-04-29","2026-05-05","Snacks","https://f.wishabi.net/page_pdf_images/23162618/9558d9b4-3de9-11f1-8c3b-e6404a01fe92/x_large"
"2026-04-30 16:11:58","1008510824","Cheez-It Crackers","Earn 4x POINTS","","","11.99","member price","","Cheez-It","2026-04-29","2026-05-05","Snacks","https://f.wishabi.net/page_pdf_images/23162625/7dddc86c-3de9-11f1-b64f-3acfcac1e1e4/x_large"
"2026-04-30 16:11:59","1008510890","Keebler Sandwich Crackers","EARN 4X POINTS","","2 for","6.0","member price","","Keebler","2026-04-29","2026-05-05","Snacks","https://f.wishabi.net/page_pdf_images/23162625/7f782d98-3de9-11f1-b64f-3acfcac1e1e4/x_large"
"2026-04-30 16:11:59","1008513402","Signature SELECT® 9-Foot Patio Umbrella","25% OFF Member Price","","","","","","Signature SELECT®","2026-04-29","2026-05-05","Household","https://f.wishabi.net/page_pdf_images/23162650/76f34f54-3de9-11f1-b004-06d56a8f0ab4/x_large"
"2026-04-30 16:12:00","1008513409","Bar Height Patio Set","25% OFF Member Price","","","","","","","2026-04-29","2026-05-12","Household","https://f.wishabi.net/page_pdf_images/23162650/8b0a4f9c-3de9-11f1-b004-06d56a8f0ab4/x_large"
"2026-04-30 16:12:00","1008513417","Assorted Pet Supplies","BUY 1 GET 1 50% OFF Member Price","","","","","","","2026-04-29","2026-05-05","Other","https://f.wishabi.net/page_pdf_images/23162650/7cbcc910-3de9-11f1-b004-06d56a8f0ab4/x_large"
"2026-04-30 16:12:00","1008521357","Signature SELECT® 73% Lean Ground Beef","EARN 2x POINTS","","","5.0","lb member price","","Signature SELECT®","2026-04-29","2026-08-25","Meat & Seafood","https://f.wishabi.net/page_pdf_images/23162635/9445197a-3de9-11f1-91ef-3e80fe5b2856/x_large"
"2026-04-30 16:12:01","1008521334","Wonder Bread 20-oz. Hot Dog or Hamburger Buns 13 to 15-oz.","EARN 2X POINTS","","","2.99","member price","","Wonder","2026-04-29","2026-08-25","Bakery","https://f.wishabi.net/page_pdf_images/23162635/9a58b024-3de9-11f1-91ef-3e80fe5b2856/x_large"
"2026-04-30 16:12:01","1008521388","Frito-Lay Flavor Mix","EARN 2X POINTS","","","19.99","member price","","Frito-Lay","2026-04-29","2026-08-25","Snacks","https://f.wishabi.net/page_pdf_images/23162635/9758a8d4-3de9-11f1-91ef-3e80fe5b2856/x_large"
"2026-04-30 16:12:01","1008521321","Lucerne® Yogurt","EARN 2X POINTS","","","2.69","member price","","Lucerne®","2026-04-29","2026-08-25","Dairy & Eggs","https://f.wishabi.net/page_pdf_images/23162635/95ce0054-3de9-11f1-91ef-3e80fe5b2856/x_large"
"2026-04-30 16:12:02","1008521351","Kellogg's Eggo Waffles","EARN 2X POINTS","","","5.99","member price","","Kellogg's","2026-04-29","2026-08-25","Frozen","https://f.wishabi.net/page_pdf_images/23162635/95f0d66a-3de9-11f1-91ef-3e80fe5b2856/x_large"
"2026-04-30 16:12:02","1008521342","Cosmic Crisp Apples","","","","1.99","lb member price","","Cosmic Crisp Apples","2026-04-29","2026-05-05","Produce","https://f.wishabi.net/page_items/417848188/1776833326/extra_large.jpg"
"2026-04-30 16:12:02","1008521293","Signature SELECT® Pork Shoulder Country Style Ribs","","","","3.99","lb member price","","Signature SELECT®","2026-04-29","2026-05-05","Meat & Seafood","https://f.wishabi.net/page_pdf_images/23162635/7bd76262-3de9-11f1-91ef-3e80fe5b2856/x_large"
"2026-04-30 16:12:03","1008521285","USDA Choice Beef Chuck Short Ribs Flanken Style","","","","9.99","lb member price","","","2026-04-29","2026-05-05","Meat & Seafood","https://f.wishabi.net/page_pdf_images/23162635/7bad8528-3de9-11f1-91ef-3e80fe5b2856/x_large"
"2026-04-30 16:12:03","1008521279","Isernio's Ground Chicken","","","","6.99","ea member price","","Isernio's","2026-04-29","2026-05-05","Meat & Seafood","https://f.wishabi.net/page_pdf_images/23162635/7da8a376-3de9-11f1-91ef-3e80fe5b2856/x_large"
"2026-04-30 16:12:03","1008521274","Rosie Organic Whole Chicken","","","","3.49","lb member price","","Rosie","2026-04-29","2026-05-05","Meat & Seafood","https://f.wishabi.net/page_items/417848156/1776833318/extra_large.jpg"
"2026-04-30 16:12:04","1008521286","Chicken Party Wings","","","","2.99","lb member price","","","2026-04-29","2026-05-05","Meat & Seafood","https://f.wishabi.net/page_pdf_images/23162635/82a1e98c-3de9-11f1-91ef-3e80fe5b2856/x_large"
"2026-04-30 16:12:04","1008521306","Health-Ade Kombucha 16-oz. Bolthouse Juice 15.2-oz.","EARN 2x POINTS","","","2.99","ea member price","","Health-ade | Bolthouse","2026-04-29","2026-08-25","Beverages","https://f.wishabi.net/page_pdf_images/23162635/a1931046-3de9-11f1-91ef-3e80fe5b2856/x_large"
"2026-04-30 16:12:04","1008521313","Jicama","","","","1.49","lb member price","","","2026-04-29","2026-05-05","Produce","https://f.wishabi.net/page_pdf_images/23162635/90e3d9b0-3de9-11f1-91ef-3e80fe5b2856/x_large"
"2026-04-30 16:12:05","1008521375","Signature SELECT® Poms","","","","6.99","member price","","Signature SELECT®","2026-04-29","2026-05-05","Produce","https://f.wishabi.net/page_pdf_images/23162635/8df2867a-3de9-11f1-91ef-3e80fe5b2856/x_large"
"2026-04-30 16:12:05","1008521363","Cornbread","","","","4.99","","","","2026-04-29","2026-05-05","Bakery","https://f.wishabi.net/page_pdf_images/23162635/7a03548c-3de9-11f1-91ef-3e80fe5b2856/x_large"
"2026-04-30 16:12:06","1008521381","Bouquet of the Month","","","","14.99","","","","2026-04-29","2026-05-05","Floral","https://f.wishabi.net/page_pdf_images/23162635/8f45b9f2-3de9-11f1-91ef-3e80fe5b2856/x_large"
"2026-04-30 16:12:06","1008521336","Tamale","","","2 for","5.0","member price","","","2026-04-29","2026-05-05","Deli & Prepared Foods","https://f.wishabi.net/page_pdf_images/23162635/70e7a1fa-3de9-11f1-91ef-3e80fe5b2856/x_large"
"2026-04-30 16:12:07","1008521308","Jalapeños, Tomatillos or Yellow Onions","","","","1.49","lb member price","","","2026-04-29","2026-05-05","Produce","https://f.wishabi.net/page_pdf_images/23162635/87474afe-3de9-11f1-91ef-3e80fe5b2856/x_large"
"2026-04-30 16:12:07","1008521359","Fresh Baked Cookies","","","","3.99","member price","","","2026-04-29","2026-05-05","Bakery","https://f.wishabi.net/page_pdf_images/23162635/727060f2-3de9-11f1-91ef-3e80fe5b2856/x_large"
"2026-04-30 16:12:07","1008521330","Roma Tomatoes","","","","1.99","lb member price","","","2026-04-29","2026-05-05","Produce","https://f.wishabi.net/page_pdf_images/23162635/85d447da-3de9-11f1-91ef-3e80fe5b2856/x_large"
"2026-04-30 16:12:08","1008521389","Teacher Appreciation Bouquet","","","","6.99","member price","","","2026-04-29","2026-05-05","Floral","https://f.wishabi.net/page_pdf_images/23162635/8c68da66-3de9-11f1-91ef-3e80fe5b2856/x_large"
"2026-04-30 16:12:08","1008521380","BelGioioso Cheese Cup","","","","3.99","ea member price","","Belgioioso","2026-04-29","2026-05-05","Dairy & Eggs","https://f.wishabi.net/page_pdf_images/23162635/757614b8-3de9-11f1-91ef-3e80fe5b2856/x_large"
"2026-04-30 16:12:09","1008521356","Abilyn's Ice Cream Cake","","","","22.99","member price","","Abilyn's","2026-04-29","2026-05-05","Frozen","https://f.wishabi.net/page_pdf_images/23162635/78a0de5c-3de9-11f1-91ef-3e80fe5b2856/x_large"
"2026-04-30 16:12:09","1008523005","Fresh Halibut Portion","","","","10.99","ea member price","","","2026-04-29","2026-05-05","Meat & Seafood","https://f.wishabi.net/page_pdf_images/23162635/80a7e5e6-3de9-11f1-91ef-3e80fe5b2856/x_large"
"2026-04-30 16:12:10","1008523011","Fresh Large BBQ Oysters","","","","9.99","ea member price","","","2026-04-29","2026-05-05","Meat & Seafood","https://f.wishabi.net/page_pdf_images/23162635/85770b56-3de9-11f1-91ef-3e80fe5b2856/x_large"
"2026-04-30 16:12:10","1008523016","May the 4th Be With You Bouquet","","","","14.99","","","","2026-04-29","2026-05-05","Floral","https://f.wishabi.net/page_pdf_images/23162635/8db63fda-3de9-11f1-91ef-3e80fe5b2856/x_large"
"2026-04-30 16:12:10","1008524386","Thomas' Bagels, English Muffins or Swirl Bread 12 to 20-oz. Signature SELECT® Sourdough Bread 24-oz.","","","","3.99","member price","","Thomas' | Signature SELECT®","2026-04-29","2026-05-05","Bakery","https://f.wishabi.net/page_pdf_images/23162629/7e6a8392-3de9-11f1-bffb-d6a656ee41af/x_large"
"2026-04-30 16:12:11","1008524389","Coca-Cola 12-pack, 12-oz. cans or 8-pack, 12-oz. bottles. Topo Chico Sabores 8-pack, 12-oz. Selected varieties. Dasani Water 24-pack, 16.9-oz.","BUY 2 GET 2 FREE When you Buy 4","","","","","","Coca-Cola | Topo Chico | Dasani","2026-04-29","2026-05-05","Beverages","https://f.wishabi.net/page_pdf_images/23162629/7ff3e686-3de9-11f1-bffb-d6a656ee41af/x_large"
"2026-04-30 16:12:11","1008524387","General Mills Family Size Cereal 15 to 24-oz., Kellogg's Pop-Tarts 12-ct. or Nature Valley Protein Bars 5-ct.","","","","3.99","member price","","General Mills | Kellogg's | Nature Valley","2026-04-29","2026-05-05","Pantry","https://f.wishabi.net/page_pdf_images/23162629/6e705188-3de9-11f1-bffb-d6a656ee41af/x_large"
"2026-04-30 16:12:11","1008524567","Coors or Bud 30-pack, 12-oz. Michelob 24-pack, 12-oz.","","","","22.99","member price","","Coors | Bud | Michelob","2026-04-29","2026-05-05","Beverages","https://f.wishabi.net/page_pdf_images/23162635/aeaedbf2-3de9-11f1-91ef-3e80fe5b2856/x_large"
"2026-04-30 16:12:12","1008524558","Signature SELECT® Pork Tenderloin","","","","4.99","lb member price","","Signature SELECT®","2026-04-29","2026-05-05","Meat & Seafood","https://f.wishabi.net/page_pdf_images/23162635/7f4d7fda-3de9-11f1-91ef-3e80fe5b2856/x_large"
"2026-04-30 16:12:12","1008524576","Price Lock","","","","","","","","2026-04-29","2026-05-05","Other","https://f.wishabi.net/page_items/417849704/1776833347/extra_large.jpg"
"2026-04-30 16:12:13","1008524575","el Jimador or Gran Malo 750-ml., Cointreau 375-ml","","","","16.99","member price","","el Jimador | Gran Malo | Cointreau","2026-04-29","2026-05-05","Beverages","https://f.wishabi.net/page_pdf_images/23162635/a908686c-3de9-11f1-91ef-3e80fe5b2856/x_large"
"2026-04-30 16:12:13","1008524561","Lime","","","2 for","1.0","","","","2026-04-29","2026-05-05","Produce","https://f.wishabi.net/page_pdf_images/23162635/8942a8c6-3de9-11f1-91ef-3e80fe5b2856/x_large"
"2026-04-30 16:12:13","1008524570","Sanpellegrino Soda","EARN 2X POINTS","","","6.99","member price","","Sanpellegrino","2026-04-29","2026-08-25","Beverages","https://f.wishabi.net/page_items/417848312/1776833343/extra_large.jpg"
"2026-04-30 16:12:14","1008524564","Large Navel Oranges","","","","1.69","lb member price","","","2026-04-29","2026-05-05","Produce","https://f.wishabi.net/page_pdf_images/23162635/89086c92-3de9-11f1-91ef-3e80fe5b2856/x_large"
"2026-04-30 16:12:14","1008524565","Hispanic ready2heat Meal","","","","8.99","ea member price","","","2026-04-29","2026-05-05","Deli & Prepared Foods","https://f.wishabi.net/page_pdf_images/23162635/727c9b56-3de9-11f1-91ef-3e80fe5b2856/x_large"
"2026-04-30 16:12:15","1008524569","Cucumber","","","","0.99","ea","","","2026-04-29","2026-05-05","Produce","https://f.wishabi.net/page_pdf_images/23162635/8a9c8dcc-3de9-11f1-91ef-3e80fe5b2856/x_large"
"2026-04-30 16:12:15","1008524568","Pristine Green or Red Seedless Grapes","","","","4.99","lb","","","2026-04-29","2026-05-05","Produce","https://f.wishabi.net/page_pdf_images/23162635/8ad94ff0-3de9-11f1-91ef-3e80fe5b2856/x_large"
"2026-04-30 16:12:15","1008524571","Duckhorn, Ferrari-Carano or St. Francis","","","","17.99","ea member price when you buy 6 or more","","Duckhorn | Ferrari-Carano | St. Francis","2026-04-29","2026-05-05","Beverages","https://f.wishabi.net/page_pdf_images/23162635/abd003de-3de9-11f1-91ef-3e80fe5b2856/x_large"
"2026-04-30 16:12:16","1008524573","La Crema, Gérard Bertrand or Raeburn","","","","14.99","ea member price when you buy 6 or more","","La Crema | Gérard Bertrand | Raeburn","2026-04-29","2026-05-05","Beverages","https://f.wishabi.net/page_pdf_images/23162635/a789bbbc-3de9-11f1-91ef-3e80fe5b2856/x_large"
"2026-04-30 16:12:16","1008513262","Serenity Kids Pouch","","","","3.99","member price","","Serenity Kids","2026-04-29","2026-05-05","Pantry","https://f.wishabi.net/page_pdf_images/23162649/b2da71b4-3de9-11f1-85b2-7e365182d947/x_large"
"2026-04-30 16:12:17","1008513322","Merci Finest Selection","","","","6.99","member price","","Merci","2026-04-29","2026-05-05","Snacks","https://f.wishabi.net/page_pdf_images/23162650/72a6e294-3de9-11f1-b004-06d56a8f0ab4/x_large"
"2026-04-30 16:12:17","1008511060","Nestlé Drumstick","","","","6.99","ea member price","","Nestle","2026-04-29","2026-05-05","Frozen","https://f.wishabi.net/page_items/417848357/1776833328/extra_large.jpg"
"2026-04-30 16:12:17","1008511081","Pepsi or 7UP","","","","2.79","ea member price","","Pepsi | 7UP","2026-04-29","2026-05-05","Beverages","https://f.wishabi.net/page_items/417848493/1776833335/extra_large.jpg"
"2026-04-30 16:12:18","1008513272","Huggies Baby Wipes","","","","15.99","ea","18.99","Huggies","2026-04-29","2026-05-05","Personal Care","https://f.wishabi.net/page_pdf_images/23162649/8ded4188-3de9-11f1-85b2-7e365182d947/x_large"
"2026-04-30 16:12:18","1008513258","Baby Club Savings","SPEND $25 SAVE $5 for U","","","","","","","2026-04-29","2026-05-12","Other","https://f.wishabi.net/page_pdf_images/23162649/7d5ac480-3de9-11f1-85b2-7e365182d947/x_large"
"2026-05-18T22:07:43.617983","1011445481","Mucinex Cold & Flu Relief","","","","18.99","member price","","Mucinex","2026-05-13","2026-05-26","Health & Wellness","https://f.wishabi.net/page_pdf_images/23260838/fd3d8588-48e4-11f1-ac6d-5e9b6d4d14f8/x_large"
"2026-05-18T22:07:43.993526","1011443912","Personal Seedless Watermelon","","","","4.99","ea member price","","","2026-05-13","2026-05-19","Produce","https://f.wishabi.net/page_pdf_images/23260806/dd9befa8-48e4-11f1-b54b-66daa3078806/x_large"
"2026-05-18T22:07:44.301236","1011443917","Honeycrisp Apples","","","","2.99","lb member price","","","2026-05-13","2026-05-19","Produce","https://f.wishabi.net/page_pdf_images/23260806/d85251d6-48e4-11f1-b54b-66daa3078806/x_large"
"2026-05-18T22:07:44.709134","1011443757","Blueberries","","","","3.99","ea member price","","","2026-05-13","2026-05-19","Produce","https://f.wishabi.net/page_items/419424341/1778042077/extra_large.jpg"
"2026-05-18T22:07:44.968017","1011427677","Strawberries","","","","4.99","ea member price","","","2026-05-13","2026-05-19","Produce","https://f.wishabi.net/page_pdf_images/23260803/f2a44580-48e4-11f1-b003-ae33923bdfee/x_large"
"2026-05-18T22:07:45.250886","1011427659","Coca-Cola","buy 2, get 2 free when you buy 4 Member Price PLUS FREE OREOS!","","","","","","","2026-05-13","2026-05-19","Beverages","https://f.wishabi.net/page_pdf_images/23260803/f6067b3a-48e4-11f1-b003-ae33923bdfee/x_large"
"2026-05-18T22:07:45.695671","1011427676","Hass Avocado or Mango","","","4 for","5.0","member price","","","2026-05-13","2026-05-19","Produce","https://f.wishabi.net/page_pdf_images/23260803/de907f00-48e4-11f1-b003-ae33923bdfee/x_large"
"2026-05-18T22:07:45.979676","1011427665","Dave's Killer Bread 24 to 27-oz. Breakfast Bread 18-oz. San Luis Sourdough Bread 24-oz.","","","","5.99","member price","","Dave's | San Luis","2026-05-13","2026-05-19","Bakery","https://f.wishabi.net/page_pdf_images/23260803/ea8f1cda-48e4-11f1-b003-ae33923bdfee/x_large"
"2026-05-18T22:07:46.354181","1011427657","Butterball 93% Lean Ground Turkey","","","","4.99","ea member price","","Butterball","2026-05-13","2026-05-19","Meat & Seafood","https://f.wishabi.net/page_pdf_images/23260803/f6cc3514-48e4-11f1-b003-ae33923bdfee/x_large"
"2026-05-18T22:07:46.805245","1011427662","Nabisco Oreo Cookies","FREE WHEN YOU BUY 4 Coca-Cola 12 - pack, 12 - oz. cans or 8 - pack, 12 - oz. bottles. Selected varieties.","","","","","","","2026-05-13","2026-05-19","Snacks","https://f.wishabi.net/page_pdf_images/23260803/f3fb6abc-48e4-11f1-b003-ae33923bdfee/x_large"
"2026-05-18T22:07:47.149541","1011427671","SunChips 7-oz. Lay's Potato Chips or Poppables 5 to 8-oz. Lay's Kettle Potato Chips 7 to 8-oz.","","","","1.99","ea member price","","SunChips | Lay's","2026-05-13","2026-05-19","Snacks","https://f.wishabi.net/page_pdf_images/23260803/e1263a5c-48e4-11f1-b003-ae33923bdfee/x_large"
"2026-05-18T22:07:47.505539","1011427675","Barilla Pasta","","","","0.99","ea member price","","Barilla","2026-05-13","2026-05-19","Pantry","https://f.wishabi.net/page_items/419424380/1778042087/extra_large.jpg"
"2026-05-18T22:07:47.892596","1011428872","Fresh Sushi Made Fresh Daily. Reser's American Classics Salad 48-oz.","","","","5.0","ea member price","","","2026-05-15","2026-05-15","Deli & Prepared Foods","https://f.wishabi.net/page_pdf_images/23260818/ff7379c0-48e4-11f1-ae9b-de4acc61d335/x_large"
"2026-05-18T22:07:48.182127","1011428876","Signature SELECT® Thick Cut Bacon","","","","5.0","lb member price","","Signature SELECT®","2026-05-15","2026-05-15","Meat & Seafood","https://f.wishabi.net/page_pdf_images/23260818/e76fa736-48e4-11f1-ae9b-de4acc61d335/x_large"
"2026-05-18T22:07:48.612532","1011428856","Blue Wilderness Cat Food","Save $5* when you spend $25 on select pet products. EARN 2X POINTS on select pet products","","2 for","4.0","member price","","BLUE Wilderness™","2026-05-13","2026-05-26","Other","https://f.wishabi.net/page_pdf_images/23260818/fa82fe90-48e4-11f1-ae9b-de4acc61d335/x_large"
"2026-05-18T22:07:48.885356","1011445167","Smithfield Prime Fresh Lunchmeat","","","","3.99","ea member price","","Smithfield","2026-05-13","2026-05-19","Meat & Seafood","https://f.wishabi.net/page_items/419436133/1778042081/extra_large.jpg"
"2026-05-18T22:07:49.236649","1011443750","Dreyer's 1.5-qt. Häagen-Dazs Ice Cream 14-oz. Novelties 3-ct. Nestlé Outshine Fruit Bars 4 to 6-ct.","","","","2.99","ea member price when you buy 2","","Dreyer's | Häagen-Dazs | Nestlé","2026-05-13","2026-05-19","Frozen","https://f.wishabi.net/page_pdf_images/23260803/e3780fec-48e4-11f1-b003-ae33923bdfee/x_large"
"2026-05-18T22:07:49.694940","1011443760","Modelo, Lagunitas, Stella Artois or Blue Moon 12-pack, 11.2 to 12-oz. Lucky One 8-pack, 355-ml. Coors 18-pack, 12-oz.","","","","13.99","ea member price when you buy 2","","Modelo | Lagunitas | Stella Artois | Blue Moon | Lucky One","2026-05-13","2026-05-19","Beverages","https://f.wishabi.net/page_pdf_images/23260803/fa9b559e-48e4-11f1-b003-ae33923bdfee/x_large"
"2026-05-18T22:07:50.120310","1011442664","Fresh Pass","5% off","","","","","","","2026-05-13","2026-05-19","Other","https://f.wishabi.net/page_items/419437017/1778042084/extra_large.jpg"
"2026-05-18T22:07:50.436103","1011443773","Sargento Shredded or Sliced Cheese","","","","1.99","ea member price","","Sargento","2026-05-13","2026-05-19","Dairy & Eggs","https://f.wishabi.net/page_items/419424352/1778042079/extra_large.jpg"
"2026-05-18T22:07:50.828246","1011430768","Green or Red Seedless Grapes","","","","2.49","lb member price","","","2026-05-13","2026-05-19","Produce","https://f.wishabi.net/page_pdf_images/23260803/f1c8d662-48e4-11f1-b003-ae33923bdfee/x_large"
"2026-05-18T22:07:51.275948","1011443904","Nature Valley Bars 5 to 6-ct. Kellogg's Pop-Tarts 8-ct.","EARN 4X POINTS","","","1.99","ea member price when you buy 4","","Nature Valley | Kellogg's","2026-05-13","2026-05-19","Snacks","https://f.wishabi.net/page_pdf_images/23260806/ec8a3bf0-48e4-11f1-b54b-66daa3078806/x_large"
"2026-05-18T22:07:51.566891","1011430765","USDA Choice Boneless Beef Top Sirloin Steak","","","","6.99","lb member price","","","2026-05-13","2026-05-19","Meat & Seafood","https://f.wishabi.net/page_items/419424321/1778042071/extra_large.jpg"
"2026-05-18T22:07:51.862771","1011427654","Signature SELECT® Chicken Leg Quarters, Drumsticks or Thighs","BUY 1 GET 1 FREE Member Price When you Buy 2","","","","","","","2026-05-13","2026-05-19","Meat & Seafood","https://f.wishabi.net/page_pdf_images/23260803/dec5d772-48e4-11f1-b003-ae33923bdfee/x_large"
"2026-05-18T22:07:52.223007","1011434082","Meatopia","","","","","","","","2026-05-13","2026-05-19","Meat & Seafood","https://f.wishabi.net/page_items/419436934/1778531315/extra_large.jpg"
"2026-05-18T22:07:52.550081","1011443783","Yoplait Yogurt 4 to 6-oz. Protein Yogurt 5.6-oz.","EARN 4x POINTS","","","0.39","ea member price","","Yoplait","2026-05-13","2026-05-19","Dairy & Eggs","https://f.wishabi.net/page_items/419424364/1778042082/extra_large.jpg"
"2026-05-18T22:07:52.920925","1011443770","Signature SELECT® Boneless Pork Top Loin Chops","EARN 2x POINTS","","","3.99","lb member price","","Signature SELECT®","2026-05-13","2026-05-19","Meat & Seafood","https://f.wishabi.net/page_pdf_images/23260803/f07ac2ca-48e4-11f1-b003-ae33923bdfee/x_large"
"2026-05-18T22:07:53.358026","1011443762","Waterfront Bistro® Jumbo Raw Shrimp","","","","5.99","lb member price","","WATERFRONT BISTRO®","2026-05-13","2026-05-19","Meat & Seafood","https://f.wishabi.net/page_items/419424333/1778042074/extra_large.jpg"
"2026-05-18T22:07:53.755330","1011443934","Rocky Free Range Whole Chicken","","","","1.99","lb member price","","ROCKY®","2026-05-13","2026-05-19","Meat & Seafood","https://f.wishabi.net/page_pdf_images/23260806/e0802194-48e4-11f1-b54b-66daa3078806/x_large"
"2026-05-18T22:07:54.102627","1011444916","Atkins Bars 5-ct. Shakes 4-pack, 11-oz.","","","","7.99","member price","","Atkins","2026-05-13","2026-05-26","Health & Wellness","https://f.wishabi.net/page_pdf_images/23260835/e8ac20de-48e4-11f1-9a36-2a9ae8e4982f/x_large"
"2026-05-18T22:07:54.498522","1011444965","Signature SELECT® Baby Wipes","EARN 2X POINTS, Baby Club Savings, Save more on baby essentials**, BUY $25 SAVE $5 for u","","","5.99","member price","","Signature SELECT®","2026-05-13","2026-05-26","Personal Care","https://f.wishabi.net/page_pdf_images/23260835/0507d408-48e5-11f1-9a36-2a9ae8e4982f/x_large"
"2026-05-18T22:07:54.897764","1011444963","Gerber Baby Food","Baby Club Savings, Save more on baby essentials**, BUY $25 SAVE $5 for u","","2 for","3.0","member price","","Gerber","2026-05-13","2026-05-26","Pantry","https://f.wishabi.net/page_items/419436239/1778042094/extra_large.jpg"
"2026-05-18T22:07:55.168241","1011444941","Baby essentials","BUY $25 SAVE $5 for u","","","","","","","2026-05-13","2026-05-26","Other","https://f.wishabi.net/page_pdf_images/23260835/fb52832c-48e4-11f1-9a36-2a9ae8e4982f/x_large"
"2026-05-18T22:07:55.601413","1011444956","Assorted Pet Supplies","BUY 1 GET 1 50% OFF Member Price","","","","","","","2026-05-13","2026-05-26","Other","https://f.wishabi.net/page_pdf_images/23260835/dfa40b00-48e4-11f1-9a36-2a9ae8e4982f/x_large"
"2026-05-18T22:07:56.056135","1011444962","Pharmacy","10%","","","","","","","2026-05-13","2026-05-19","Health & Wellness","https://f.wishabi.net/page_items/419436238/1778042093/extra_large.jpg"
"2026-05-18T22:07:56.362684","1011444917","LUNA Bar","","","3 for","5.0","member price","","Luna","2026-05-13","2026-05-26","Snacks","https://f.wishabi.net/page_pdf_images/23260835/f40eaee2-48e4-11f1-9a36-2a9ae8e4982f/x_large"
"2026-05-18T22:07:56.649728","1011445049","Premier Protein Shakes","","","","11.99","member price","","Premier Protein","2026-05-13","2026-05-26","Beverages","https://f.wishabi.net/page_pdf_images/23260835/024948e6-48e5-11f1-9a36-2a9ae8e4982f/x_large"
"2026-05-18T22:07:57.038656","1011444939","5-hour Energy Shot","","","2 for","6.0","member price","","5 Hour Energy","2026-05-13","2026-05-26","Beverages","https://f.wishabi.net/page_pdf_images/23260835/f343ccf4-48e4-11f1-9a36-2a9ae8e4982f/x_large"
"2026-05-18T22:07:57.365896","1011444934","CLIF Bars","","","","12.99","member price","","","2026-05-13","2026-05-26","Snacks","https://f.wishabi.net/page_pdf_images/23260835/e66545d0-48e4-11f1-9a36-2a9ae8e4982f/x_large"
"2026-05-18T22:07:57.645120","1011444948","Boost Shakes","","","","11.99","member price","","Boost","2026-05-13","2026-05-26","Beverages","https://f.wishabi.net/page_pdf_images/23260835/eb24863a-48e4-11f1-9a36-2a9ae8e4982f/x_large"
"2026-05-18T22:07:58.003447","1011444993","Trident Chewing Gum","","","2 for","3.0","member price","","Trident","2026-05-13","2026-05-26","Snacks","https://f.wishabi.net/page_pdf_images/23260835/f5a42f70-48e4-11f1-9a36-2a9ae8e4982f/x_large"
"2026-05-18T22:07:58.286416","1011445026","Hershey Snack Size Bag","","","","5.99","member price","","Hershey's","2026-05-13","2026-05-26","Snacks","https://f.wishabi.net/page_pdf_images/23260835/0a26e136-48e5-11f1-9a36-2a9ae8e4982f/x_large"
"2026-05-18T22:07:58.706778","1011445169","Starbucks","EARN 4X POINTS","","","8.99","ea member price","","","2026-05-13","2026-05-19","Beverages","https://f.wishabi.net/page_items/419436142/1778042087/extra_large.jpg"
"2026-05-18T22:07:59.092430","1011445174","Premier Protein Cereal or Granola","","","","4.99","ea member price","","Premier Protein","2026-05-13","2026-05-19","Pantry","https://f.wishabi.net/page_items/419436145/1778042089/extra_large.jpg"
"2026-05-18T22:07:59.491118","1011445175","Red Bull","","","","7.49","ea member price","","Red Bull","2026-05-13","2026-05-19","Beverages","https://f.wishabi.net/page_items/419436146/1778042090/extra_large.jpg"
"2026-05-18T22:07:59.856788","1011445181","Rana Meal","","","","11.99","ea member price","","Rana","2026-05-13","2026-05-19","Deli & Prepared Foods","https://f.wishabi.net/page_items/419436153/1778042095/extra_large.jpg"
"2026-05-18T22:08:00.237198","1011445184","Pasta Roni or Rice-A-Roni 4.3 to 7.2-oz. Bush's Best Variety Beans 15 to 16-oz.","","","","0.99","ea member price","","Pasta Roni | Rice-A-Roni | Bush's Best","2026-05-13","2026-05-19","Pantry","https://f.wishabi.net/page_items/419436154/1778042095/extra_large.jpg"
"2026-05-18T22:08:00.617472","1011445171","Kellogg's Club or Town House Crackers 9.5 to 13.8-oz. Nabisco Oreo Cakesters 10.1-oz. Selected varieties. belVita Breakfast Biscuits 5 to 8.8-oz.","","","","2.99","ea member price","","Kellogg's | Nabisco","2026-05-13","2026-05-19","Snacks","https://f.wishabi.net/page_items/419436140/1778042085/extra_large.jpg"
"2026-05-18T22:08:01.044504","1011445180","smartwater","EARN 4x POINTS","","","20.99","ea member price","","Smartwater","2026-05-13","2026-05-19","Beverages","https://f.wishabi.net/page_items/419436148/1778042091/extra_large.jpg"
"2026-05-18T22:08:01.359263","1011445177","General Mills Cereal","","","","1.99","ea member price","","General Mills","2026-05-13","2026-05-19","Pantry","https://f.wishabi.net/page_items/419436147/1778042090/extra_large.jpg"
"2026-05-18T22:08:01.715314","1011445186","Mission Street Taco Flour Tortillas","","","","1.99","ea member price","","Mission","2026-05-13","2026-05-19","Bakery","https://f.wishabi.net/page_items/419436156/1778042097/extra_large.jpg"
"2026-05-18T22:08:02.016386","1011445168","Hormel Pepperoni Pillow Pack 5 to 6-oz. Ball Park Beef Franks 15-oz.","","","","4.99","ea member price","","Hormel | Ball Park","2026-05-13","2026-05-19","Meat & Seafood","https://f.wishabi.net/page_items/419436137/1778042082/extra_large.jpg"
"2026-05-18T22:08:02.298118","1011445172","California Pizza Kitchen","","","","7.99","ea member price","","California Pizza Kitchen","2026-05-13","2026-05-19","Frozen","https://f.wishabi.net/page_items/419436141/1778042086/extra_large.jpg"
"2026-05-18T22:08:02.624235","1011445188","Philadelphia Cream Cheese","","","","2.49","ea member price","","PHILADELPHIA","2026-05-13","2026-05-19","Dairy & Eggs","https://f.wishabi.net/page_items/419436158/1778042098/extra_large.jpg"
"2026-05-18T22:08:03.091109","1011445182","Totino's Pizza Rolls","","","","5.99","ea member price","","Totino's","2026-05-13","2026-05-19","Frozen","https://f.wishabi.net/page_items/419436149/1778042092/extra_large.jpg"
"2026-05-18T22:08:03.408635","1011445179","Salt Point","","","","12.99","ea member price","","","2026-05-13","2026-05-19","Beverages","https://f.wishabi.net/page_items/419436150/1778042093/extra_large.jpg"
"2026-05-18T22:08:03.695539","1011445187","Chobani Flip or Protein Greek Yogurt","","","","0.99","ea member price","","Chobani","2026-05-13","2026-05-19","Dairy & Eggs","https://f.wishabi.net/page_items/419436157/1778042098/extra_large.jpg"
"2026-05-18T22:08:03.969314","1011445166","Waterfront Bistro® Wild Alaskan Sockeye Smoked Salmon","","","","6.99","ea member price","","WATERFRONT BISTRO","2026-05-13","2026-05-19","Meat & Seafood","https://f.wishabi.net/page_items/419436138/1778042083/extra_large.jpg"
"2026-05-18T22:08:04.320410","1011445173","Charmin Bath Tissue 12-Mega Rolls. Bounty Paper Towels 6-Double Plus Rolls","","","","14.99","ea member price","","Charmin | Bounty","2026-05-13","2026-05-19","Household","https://f.wishabi.net/page_items/419436144/1778042088/extra_large.jpg"
"2026-05-18T22:08:04.721965","1011445183","White Claw or Elysian","","","","16.99","ea member price","","White Claw | Elysian","2026-05-13","2026-05-19","Beverages","https://f.wishabi.net/page_items/419436152/1778042094/extra_large.jpg"
"2026-05-18T22:08:05.010352","1011445178","Marie Callender's Dinner Bowl","","","","3.49","ea member price","","Marie Callender's","2026-05-13","2026-05-19","Frozen","https://f.wishabi.net/page_items/419436151/1778042093/extra_large.jpg"
"2026-05-18T22:08:05.546781","1011445190","Lucerne® Butter Quarters 16-oz. Grass-Fed Butter","","","","3.99","ea member price","","Lucerne®","2026-05-13","2026-05-19","Dairy & Eggs","https://f.wishabi.net/page_items/419436160/1778042100/extra_large.jpg"
"2026-05-18T22:08:05.927976","1011445165","Safeway for u","","","","","","","","2026-05-13","2026-05-19","Other","https://f.wishabi.net/page_items/419436134/1778042082/extra_large.jpg"
"2026-05-18T22:08:06.326584","1011428860","IAMS Cat Food","Save $5* when you spend $25 on select pet products. EARN 2X POINTS on select pet products","","","12.99","member price","","IAMS","2026-05-13","2026-05-26","Pantry","https://f.wishabi.net/page_pdf_images/23260818/efc3bd00-48e4-11f1-ae9b-de4acc61d335/x_large"
"2026-05-18T22:08:06.726997","1011428852","Blue Buffalo Wet Dog Food","Save $5* when you spend $25 on select pet products. EARN 2X POINTS on select pet products","","2 for","7.0","member price","","Blue Buffalo","2026-05-13","2026-05-26","Pantry","https://f.wishabi.net/page_pdf_images/23260818/ec73a2d2-48e4-11f1-ae9b-de4acc61d335/x_large"
"2026-05-18T22:08:07.154931","1011428864","Chicken Nuggets 20-ct., Chicken Tenders Original or Nashville Hot., Potato Wedges","","","","5.0","member price","","","2026-05-15","2026-05-15","Deli & Prepared Foods","https://f.wishabi.net/page_pdf_images/23260818/e3fc3dee-48e4-11f1-ae9b-de4acc61d335/x_large"
"2026-05-18T22:08:07.499524","1011428880","Snyder's Pretzels, Pieces or Rounds 10 to 16-oz. Cape Cod Potato Chips 6.5 to 8 - oz.","","","2 for","5.0","member price","","Snyder's | Cape Cod","2026-05-15","2026-05-15","Snacks","https://f.wishabi.net/page_pdf_images/23260818/e9147058-48e4-11f1-ae9b-de4acc61d335/x_large"
"2026-05-18T22:08:07.961644","1011442653","Hint Water Variety Pack","EARN 2x POINTS","","","11.99","member price","","Hint","2026-05-13","2026-05-19","Beverages","https://f.wishabi.net/page_items/419424794/1778042086/extra_large.jpg"
"2026-05-18T22:08:08.409475","1011442565","Crystal Geyser Alpine Spring Water","","","","5.0","ea member price","","Crystal Geyser","2026-05-15","2026-05-15","Beverages","https://f.wishabi.net/page_pdf_images/23260818/eefd3fea-48e4-11f1-ae9b-de4acc61d335/x_large"
"2026-05-18T22:08:08.725525","1011442578","Select pet products","Save $5 when you spend $25 on select pet products, EARN 2X POINTS","","","","","","","2026-05-13","2026-05-26","Pantry","https://f.wishabi.net/page_items/419435997/1778042100/extra_large.jpg"
"2026-05-18T22:08:09.182172","1011442528","Sweet Corn","","","10 for","5.0","member price","","","2026-05-15","2026-05-15","Produce","https://f.wishabi.net/page_pdf_images/23260818/eee68fde-48e4-11f1-ae9b-de4acc61d335/x_large"
"2026-05-18T22:08:09.592348","1011442544","Nature's Own Small Loaf","","","2 for","5.0","member price","","Nature's Own","2026-05-15","2026-05-15","Bakery","https://f.wishabi.net/page_pdf_images/23260818/eb8a2d82-48e4-11f1-ae9b-de4acc61d335/x_large"
"2026-05-18T22:08:09.916568","1011442491","Blue Buffalo Dry Dog Food","Save $5* when you spend $25 on select pet products. EARN 2X POINTS on select pet products","","","19.99","member price","","Blue Buffalo","2026-05-13","2026-05-26","Other","https://f.wishabi.net/page_pdf_images/23260818/ec6028e2-48e4-11f1-ae9b-de4acc61d335/x_large"
"2026-05-18T22:08:10.290643","1011442506","Blue Nudges Dog Treats","Save $5* when you spend $25 on select pet products","","","9.99","member price","","Blue","2026-05-13","2026-05-26","Other","https://f.wishabi.net/page_pdf_images/23260818/ee153a92-48e4-11f1-ae9b-de4acc61d335/x_large"
"2026-05-18T22:08:10.726687","1011442566","Seagram's Vodka","","","","5.0","ea member price","","Seagrams","2026-05-15","2026-05-15","Beverages","https://f.wishabi.net/page_pdf_images/23260818/01c20b74-48e5-11f1-ae9b-de4acc61d335/x_large"
"2026-05-18T22:08:10.999548","1011442503","Butcher's Naturals Dog Treats","Save $5* when you spend $25 on select pet products. EARN 2X POINTS on select pet products","","","11.99","member price","","Butcher's","2026-05-13","2026-05-26","Other","https://f.wishabi.net/page_pdf_images/23260818/f0911b88-48e4-11f1-ae9b-de4acc61d335/x_large"
"2026-05-18T22:08:11.269659","1011442550","Cube Cake Square, Jumbo Cookies 8-ct","","","","5.0","ea member price","","","2026-05-15","2026-05-15","Bakery","https://f.wishabi.net/page_pdf_images/23260818/f57a534e-48e4-11f1-ae9b-de4acc61d335/x_large"
"2026-05-18T22:08:11.637794","1011442557","Jell-O Pudding Mix 0.6 to 6-oz. Pillsbury Cake Mix or Frosting 15.25-oz.","","","4 for","5.0","member price","","Jell-O | Pillsbury","2026-05-15","2026-05-15","Pantry","https://f.wishabi.net/page_pdf_images/23260818/fea6ff1c-48e4-11f1-ae9b-de4acc61d335/x_large"
"2026-05-18T22:08:12.034748","1011442529","Taylor Farms Mini Chopped Salad Kit","","","3 for","5.0","member price","","Taylor Farms","2026-05-15","2026-05-15","Produce","https://f.wishabi.net/page_pdf_images/23260818/f22d3968-48e4-11f1-ae9b-de4acc61d335/x_large"
"2026-05-18T22:08:12.494888","1011442567","Spray of Roses","","","","5.0","ea member price","","","2026-05-15","2026-05-15","Floral","https://f.wishabi.net/page_pdf_images/23260818/f9c32a52-48e4-11f1-ae9b-de4acc61d335/x_large"
"2026-05-18T22:08:12.940552","1011442549","Amy's Entrée","","","","5.0","ea member price","","Amy's","2026-05-15","2026-05-15","Frozen","https://f.wishabi.net/page_pdf_images/23260818/eab26e56-48e4-11f1-ae9b-de4acc61d335/x_large"
"2026-05-18T22:08:13.271771","1011442654","Kellogg's Large Size Cereal","","","","3.99","ea member price","","Kellogg's","2026-05-13","2026-05-19","Pantry","https://f.wishabi.net/page_pdf_images/23260827/e094f7d6-48e4-11f1-ac33-da9a185bcabb/x_large"
"2026-05-18T22:08:13.711363","1011442655","Sargento String or Stick Cheese","EARN 2x POINTS","","","4.99","member price","","Sargento","2026-05-13","2026-05-19","Dairy & Eggs","https://f.wishabi.net/page_items/419424793/1778042085/extra_large.jpg"
"2026-05-18T22:08:14.059319","1011443923","BBQ Rib Tips","","","","7.99","lb member price","","","2026-05-13","2026-05-19","Meat & Seafood","https://f.wishabi.net/page_pdf_images/23260806/d923bff0-48e4-11f1-b54b-66daa3078806/x_large"
"2026-05-18T22:08:14.456210","1011443929","Jumbo Snow Crab Clusters","","","","14.99","lb member price","","","2026-05-13","2026-05-19","Meat & Seafood","https://f.wishabi.net/page_pdf_images/23260806/e18306c4-48e4-11f1-b54b-66daa3078806/x_large"
"2026-05-18T22:08:14.757206","1011443927","Signature SELECT® 80% Lean Ground Beef","","","","6.99","lb member price","","Signature SELECT®","2026-05-13","2026-05-19","Meat & Seafood","https://f.wishabi.net/page_pdf_images/23260806/dfe47fdc-48e4-11f1-b54b-66daa3078806/x_large"
"2026-05-18T22:08:15.205518","1011443882","Doritos, Ruffles, Smartfood or Simply","BUY 2 GET 2 FREE When you Buy 4 Member Price","","Single price up to","5.49","ea.","","Doritos | Ruffles | Smartfood |Simply","2026-05-13","2026-05-19","Snacks","https://f.wishabi.net/page_pdf_images/23260803/dd812dee-48e4-11f1-b003-ae33923bdfee/x_large"
"2026-05-18T22:08:15.660951","1011443883","Cheez-It or Snap'd Crackers 7.5 to 12.4-oz. Chips Ahoy! Cookies 9.5 to 13-oz. Selected varieties. Nabisco Premium Crackers 9 to-oz","","","","1.99","ea member price when you buy 3","","Cheez-It | Nabisco","2026-05-13","2026-05-19","Snacks","https://f.wishabi.net/page_pdf_images/23260803/db64a734-48e4-11f1-b003-ae33923bdfee/x_large"
"2026-05-18T22:08:16.132288","1011443884","Powerade 28-oz. vitaminwater 20-oz. smartwater 700-ml.","","","4 for","5.0","member price","","Powerade | vitaminwater | smartwater","2026-05-13","2026-05-19","Beverages","https://f.wishabi.net/page_pdf_images/23260803/f8ef9782-48e4-11f1-b003-ae33923bdfee/x_large"
"2026-05-18T22:08:16.595397","1011443897","Fage Greek Yogurt","Earn 4X points","","4 for","5.0","member price","","Fage","2026-05-13","2026-05-19","Dairy & Eggs","https://f.wishabi.net/page_pdf_images/23260806/e7c33428-48e4-11f1-b54b-66daa3078806/x_large"
"2026-05-18T22:08:17.042595","1011443898","Poppi Prebiotic Soda","EARN 4x POINTS","","3 for","5.0","member price","","Poppi","2026-05-13","2026-05-19","Beverages","https://f.wishabi.net/page_pdf_images/23260806/e951d150-48e4-11f1-b54b-66daa3078806/x_large"
"2026-05-18T22:08:17.422306","1011443899","Bulleit or Kahlúa 750-ml. Patrón 375-ml.","","","","26.99","member price","","Bulleit | Kahlúa | Patrón","2026-05-13","2026-05-19","Other","https://f.wishabi.net/page_pdf_images/23260806/ef7d2c1e-48e4-11f1-b54b-66daa3078806/x_large"
"2026-05-18T22:08:17.888312","1011443901","Rose Presentation Bouquet","","","","24.99","","","","2026-05-13","2026-05-19","Floral","https://f.wishabi.net/page_pdf_images/23260806/d9b1fedc-48e4-11f1-b54b-66daa3078806/x_large"
"2026-05-18T22:08:18.273000","1011443902","Graduation Lei","","","Starting at","29.99","","","","2026-05-13","2026-05-19","Floral","https://f.wishabi.net/page_pdf_images/23260806/da2aba5c-48e4-11f1-b54b-66daa3078806/x_large"
"2026-05-18T22:08:18.765315","1011443906","Dinner Rolls","","","","4.99","","","","2026-05-13","2026-05-19","Bakery","https://f.wishabi.net/page_pdf_images/23260806/dc86c99e-48e4-11f1-b54b-66daa3078806/x_large"
"2026-05-18T22:08:19.219028","1011443900","Dixie Tableware","EARN 4X POINTS","","","5.99","member price","","Dixie","2026-05-13","2026-05-19","Household","https://f.wishabi.net/page_pdf_images/23260806/eb45e32a-48e4-11f1-b54b-66daa3078806/x_large"
"2026-05-18T22:08:19.585346","1011443932","Lemon","","","","0.99","ea","","","2026-05-13","2026-05-19","Produce","https://f.wishabi.net/page_pdf_images/23260806/e20b6bd6-48e4-11f1-b54b-66daa3078806/x_large"
"2026-05-18T22:08:19.950597","1011443916","Cucumber","","","","0.99","ea","","","2026-05-13","2026-05-19","Produce","https://f.wishabi.net/page_pdf_images/23260806/e2969760-48e4-11f1-b54b-66daa3078806/x_large"
"2026-05-18T22:08:20.249163","1011443903","Wells Ice Cream Candy Bars","EARN 4X POINTS","","","5.99","member price","","","2026-05-13","2026-05-19","Frozen","https://f.wishabi.net/page_pdf_images/23260806/e8c7c47e-48e4-11f1-b54b-66daa3078806/x_large"
"2026-05-18T22:08:20.539746","1011443909","Mission Flour Tortillas 8-ct. Burrito size. Fajita Flour Tortillas 20-ct.","Earn 4X points","","","2.99","member price","","Mission","2026-05-13","2026-05-19","Bakery","https://f.wishabi.net/page_pdf_images/23260806/ea409d12-48e4-11f1-b54b-66daa3078806/x_large"
"2026-05-18T22:08:20.985369","1011443908","Bogle, Clos du Bois or Edna Valley","","","","7.99","ea member price when you buy 6 or more","","Bogle | Clos du Bois | Edna Valley","2026-05-13","2026-05-19","Beverages","https://f.wishabi.net/page_pdf_images/23260806/ee2c5be6-48e4-11f1-b54b-66daa3078806/x_large"
"2026-05-18T22:08:21.448064","1011443914","Large Navel Oranges","","","","1.69","lb member price","","","2026-05-13","2026-05-19","Produce","https://f.wishabi.net/page_pdf_images/23260806/dd186d54-48e4-11f1-b54b-66daa3078806/x_large"
"2026-05-18T22:08:22.026116","1011443920","Roma Tomatoes","","","","1.99","lb member price","","","2026-05-13","2026-05-19","Produce","https://f.wishabi.net/page_pdf_images/23260806/e218a8e6-48e4-11f1-b54b-66daa3078806/x_large"
"2026-05-18T22:08:22.384889","1011443926","Chef's Counter™ Marinated Tri Tip Roast","","","","10.99","lb member price","","","2026-05-13","2026-05-19","Meat & Seafood","https://f.wishabi.net/page_pdf_images/23260806/deca43a2-48e4-11f1-b54b-66daa3078806/x_large"
"2026-05-18T22:08:22.750228","1011443930","Bouquet of the Month","","","","14.99","","","","2026-05-13","2026-05-19","Floral","https://f.wishabi.net/page_pdf_images/23260806/d6e45eca-48e4-11f1-b54b-66daa3078806/x_large"
"2026-05-18T22:08:23.192237","1011443925","Pabst 30-pack, 12-oz. Twisted Tea or Smirnoff 12-pack, 11.2 to 12-oz. Selected varieties. Michelob 18-pack, 12-oz.","","","","18.99","member price","","Pabst | Twisted Tea | Smirnoff | Michelob","2026-05-13","2026-05-19","Beverages","https://f.wishabi.net/page_pdf_images/23260806/f0ae4bcc-48e4-11f1-b54b-66daa3078806/x_large"
"2026-05-18T22:08:23.560859","1011443936","Chicken Party Wings","","","","2.99","lb member price","","","2026-05-13","2026-05-19","Meat & Seafood","https://f.wishabi.net/page_pdf_images/23260806/dda463e0-48e4-11f1-b54b-66daa3078806/x_large"
"2026-05-18T22:08:24.014191","1011443913","Jumbo Artichoke","","","","3.99","ea","","","2026-05-13","2026-05-19","Produce","https://f.wishabi.net/page_pdf_images/23260806/f112158a-48e4-11f1-b54b-66daa3078806/x_large"
"2026-05-18T22:08:24.428910","1011443915","Signature SELECT® Pork Spareribs","","","","3.99","lb member price","","Signature SELECT®","2026-05-13","2026-05-19","Meat & Seafood","https://f.wishabi.net/page_pdf_images/23260806/d79048de-48e4-11f1-b54b-66daa3078806/x_large"
"2026-05-18T22:08:24.810822","1011443918","French or Sourdough Baguette","","","","1.99","member price","","","2026-05-13","2026-05-19","Bakery","https://f.wishabi.net/page_pdf_images/23260806/db7d5d9c-48e4-11f1-b54b-66daa3078806/x_large"
"2026-05-18T22:08:25.113609","1011443922","Fresh Halibut Portion","","","","10.99","ea member price","","","2026-05-13","2026-05-19","Meat & Seafood","https://f.wishabi.net/page_pdf_images/23260806/df69a712-48e4-11f1-b54b-66daa3078806/x_large"
"2026-05-18T22:08:25.568762","1011443919","Tillamook Cheddar Cheese","","","","5.99","ea member price","","Tillamook","2026-05-13","2026-05-19","Dairy & Eggs","https://f.wishabi.net/page_pdf_images/23260806/d99bdb66-48e4-11f1-b54b-66daa3078806/x_large"
"2026-05-18T22:08:26.034848","1011443910","O Organics® Salad Blend","","","2 for","7.0","member price","","O Organics®","2026-05-13","2026-05-19","Produce","https://f.wishabi.net/page_pdf_images/23260806/d6f496f0-48e4-11f1-b54b-66daa3078806/x_large"
"2026-05-18T22:08:26.495323","1011443943","Danishes","","","","4.99","member price","","","2026-05-13","2026-05-19","Bakery","https://f.wishabi.net/page_pdf_images/23260806/dc083714-48e4-11f1-b54b-66daa3078806/x_large"
"2026-05-18T22:08:26.933254","1011443921","Decoy, La Crema or Josh","","","","11.99","ea member price when you buy 6 or more","","Decoy | La Crema | Josh","2026-05-13","2026-05-19","Beverages","https://f.wishabi.net/page_pdf_images/23260806/ef26b3ca-48e4-11f1-b54b-66daa3078806/x_large"
"2026-05-18T22:08:27.543300","1011443938","Open Nature® Boneless Skinless Chicken Thighs","","","","5.99","lb member price","","OPEN NATURE®","2026-05-13","2026-05-19","Meat & Seafood","https://f.wishabi.net/page_pdf_images/23260806/df4e3bbc-48e4-11f1-b54b-66daa3078806/x_large"
"2026-05-18T22:08:28.000843","1011443924","Signature SELECT® Stargazer or White Lilies","","","","9.99","member price","","Signature SELECT®","2026-05-13","2026-05-19","Floral","https://f.wishabi.net/page_pdf_images/23260806/dabe0758-48e4-11f1-b54b-66daa3078806/x_large"
"2026-05-18T22:08:28.319388","1011443907","Toom Garlic Dip","BUY 1 GET 1 FREE When you Buy 2 Member Price","","","","","","Toom","2026-05-13","2026-05-19","Deli & Prepared Foods","https://f.wishabi.net/page_pdf_images/23260806/d87bd4a2-48e4-11f1-b54b-66daa3078806/x_large"
"2026-05-18T22:08:28.712696","1011444605","Coca Cola products","Buy any $15 participating products SAVE $3 with for U","","","","","","","2026-05-13","2026-05-19","Beverages","https://f.wishabi.net/page_items/419435893/1778531311/extra_large.jpg"
"2026-05-18T22:08:29.039576","1011444609","Gold Peak Tea or vitaminwater","Buy any $15 participating products SAVE $3 with for U","","","7.99","member price","","Gold Peak | vitaminwater","2026-05-13","2026-05-19","Beverages","https://f.wishabi.net/page_pdf_images/23260821/0f059ed6-48e5-11f1-ac56-62c1cad139c9/x_large"
"2026-05-18T22:08:29.490760","1011444607","Simply Orange Juice","Buy any $15 participating products SAVE $3 with for U","","","8.99","","","Simply Orange","2026-05-13","2026-05-19","Beverages","https://f.wishabi.net/page_pdf_images/23260821/0d282066-48e5-11f1-ac56-62c1cad139c9/x_large"
"2026-05-18T22:08:29.891545","1011444606","Powerade 8-pack, 20-oz. Topo Chico Sabores 8-pack, 12-oz.","BUY 2 GET 1 FREE When you Buy 3 Member Price, Buy any $15 participating products SAVE $3 with for U","","","","","","Powerade | Topo Chico","2026-05-13","2026-05-19","Beverages","https://f.wishabi.net/page_pdf_images/23260821/100266b6-48e5-11f1-ac56-62c1cad139c9/x_large"
"2026-05-18T22:08:30.235948","1011444653","Cheetos, Tostitos, Simply or Rold Gold Selects Party Size","","","","4.99","ea member price","","Cheetos | Tostitos | Simply | Rold Gold","2026-05-13","2026-05-19","Snacks","https://f.wishabi.net/page_pdf_images/23260832/fa0b9706-48e4-11f1-aed5-5a8d9b935a06/x_large"
"2026-05-18T22:08:30.687516","1011444632","Nasoya Plantspired Chick'n or Steak","","","","5.0","ea member price","","","2026-05-13","2026-05-19","Meat & Seafood","https://f.wishabi.net/page_pdf_images/23260832/f7ec65d6-48e4-11f1-aed5-5a8d9b935a06/x_large"
"2026-05-18T22:08:31.136709","1011444608","smartwater 6-pack, Liter. Monster Energy Drinks 4-pack, 16-oz.","BUY 2 GET 1 FREE When you Buy 3 Member Price, Buy any $15 participating products SAVE $3 with for U","","","","","","smartwater | Monster","2026-05-13","2026-05-19","Beverages","https://f.wishabi.net/page_pdf_images/23260821/0e0e38c6-48e5-11f1-ac56-62c1cad139c9/x_large"
"2026-05-18T22:08:31.562480","1011444644","De Cecco Pasta","","","2 for","5.0","member price","","DeCecco","2026-05-13","2026-05-19","Pantry","https://f.wishabi.net/page_pdf_images/23260832/fc3359c4-48e4-11f1-aed5-5a8d9b935a06/x_large"
"2026-05-18T22:08:32.022914","1011444651","Frito-Lay Variety Pack","","","","8.99","ea member price","","Frito-Lay","2026-05-13","2026-05-19","Snacks","https://f.wishabi.net/page_pdf_images/23260832/fa482086-48e4-11f1-aed5-5a8d9b935a06/x_large"
"2026-05-18T22:08:32.498946","1011444655","Krusteaz Gluten Free Cake Mix","","","","4.99","ea member price","","Krusteaz","2026-05-13","2026-05-19","Pantry","https://f.wishabi.net/page_pdf_images/23260832/fb5f3e50-48e4-11f1-aed5-5a8d9b935a06/x_large"
"2026-05-18T22:08:32.905800","1011444662","Ile De France Goat Cheese","","","","4.99","ea member price","","Ile De France","2026-05-13","2026-05-19","Dairy & Eggs","https://f.wishabi.net/page_pdf_images/23260832/06bdbe2a-48e5-11f1-aed5-5a8d9b935a06/x_large"
"2026-05-18T22:08:33.308484","1011444924","CLIF BUILDERS Bars","","","","11.99","member price","","CLIF Builders","2026-05-13","2026-05-26","Snacks","https://f.wishabi.net/page_pdf_images/23260835/f3fd9576-48e4-11f1-9a36-2a9ae8e4982f/x_large"
"2026-05-18T22:08:33.750414","1011444914","Signature Care® Vitamins","BUY 1 GET 1 FREE When you Buy 2 Member Price","","","","","","Signature Care®","2026-05-13","2026-05-26","Health & Wellness","https://f.wishabi.net/page_items/419436227/1778042085/extra_large.jpg"
"2026-05-18T22:08:34.205921","1011444989","Mars Candy","","","2 for","3.0","member price","","","2026-05-13","2026-05-26","Snacks","https://f.wishabi.net/page_pdf_images/23260835/f9ae2c24-48e4-11f1-9a36-2a9ae8e4982f/x_large"
"2026-05-18T22:08:34.566003","1011445001","Pediasure Shakes","EARN 2X POINTS, Baby Club Savings, Save more on baby essentials**, BUY $25 SAVE $5 for u","","","13.99","member price","","PediaSure","2026-05-13","2026-05-26","Health & Wellness","https://f.wishabi.net/page_pdf_images/23260835/e2371e02-48e4-11f1-9a36-2a9ae8e4982f/x_large"
"2026-05-18T22:08:35.057359","1011445003","Jolly Rancher Ropes","","","","4.99","member price","","Jolly Rancher","2026-05-13","2026-05-26","Snacks","https://f.wishabi.net/page_pdf_images/23260835/0c5c107a-48e5-11f1-9a36-2a9ae8e4982f/x_large"
"2026-05-18T22:08:35.438180","1011444973","Happy Baby Pouch","Baby Club Savings, Save more on baby essentials**, BUY $25 SAVE $5 for u","","3 for","5.0","member price","","Happy Baby","2026-05-13","2026-05-26","Pantry","https://f.wishabi.net/page_pdf_images/23260835/e7dd30b2-48e4-11f1-9a36-2a9ae8e4982f/x_large"
"2026-05-18T22:08:35.925094","1011445023","Mars Stand Up Bag","","","","5.99","member price","","Mars","2026-05-13","2026-05-26","Snacks","https://f.wishabi.net/page_pdf_images/23260835/0af1eb74-48e5-11f1-9a36-2a9ae8e4982f/x_large"
"2026-05-18T22:08:36.281196","1011445036","M&M's Party Size Bag","","","","16.99","member price","","M&Ms","2026-05-13","2026-05-26","Snacks","https://f.wishabi.net/page_pdf_images/23260835/f8081718-48e4-11f1-9a36-2a9ae8e4982f/x_large"
"2026-05-18T22:08:36.668512","1011445054","Pedialyte Electrolyte Solution","EARN 2X POINTS, Baby Club Savings, Save more on baby essentials**, BUY $25 SAVE $5 for u","","","5.49","member price","","Pedialyte","2026-05-13","2026-05-26","Health & Wellness","https://f.wishabi.net/page_pdf_images/23260835/040855b4-48e5-11f1-9a36-2a9ae8e4982f/x_large"
"2026-05-18T22:08:37.081532","1011445044","Red Vines Jar","","","","9.49","member price","","red vines","2026-05-13","2026-05-26","Snacks","https://f.wishabi.net/page_pdf_images/23260835/075a2af8-48e5-11f1-9a36-2a9ae8e4982f/x_large"
"2026-05-18T22:08:37.481199","1011445007","Ferrero Chocolate Bar","","","2 for","6.0","member price","","Ferrero Rocher","2026-05-13","2026-05-26","Snacks","https://f.wishabi.net/page_pdf_images/23260835/f4d47bfe-48e4-11f1-9a36-2a9ae8e4982f/x_large"
"2026-05-18T22:08:37.967466","1011445010","Sour Patch or Swedish Fish Peg Bag","","","2 for","5.0","member price","","","2026-05-13","2026-05-26","Snacks","https://f.wishabi.net/page_pdf_images/23260835/f7346468-48e4-11f1-9a36-2a9ae8e4982f/x_large"
"2026-05-18T22:08:38.342190","1011445037","Albanese Share Size Bag","","","2 for","14.0","member price","","Albanese","2026-05-13","2026-05-26","Snacks","https://f.wishabi.net/page_pdf_images/23260835/085a776e-48e5-11f1-9a36-2a9ae8e4982f/x_large"
"2026-05-18T22:08:38.707397","1011445170","Kraft Mayonnaise 22 to 30-oz. Heinz Ketchup 32 to 38-oz.","","","","3.99","ea member price","","Kraft | Heinz","2026-05-13","2026-05-19","Pantry","https://f.wishabi.net/page_items/419436139/1778042084/extra_large.jpg"
"2026-05-18T22:08:39.028205","1011445176","Tide Laundry Detergent","","","","16.99","ea member price","","Tide","2026-05-13","2026-05-19","Household","https://f.wishabi.net/page_items/419436143/1778042087/extra_large.jpg"
"2026-05-18T22:08:39.453347","1011445189","Dannon Greek Yogurt","","","","3.99","ea member price","","Dannon","2026-05-13","2026-05-19","Dairy & Eggs","https://f.wishabi.net/page_items/419436159/1778042099/extra_large.jpg"
"2026-05-18T22:08:39.904053","1011445185","Sara Lee Bagels 5-ct. Oroweat English Muffins 12.5 to 14.5-oz.","","","","2.99","ea member price","","Sara Lee | Oroweat","2026-05-13","2026-05-19","Bakery","https://f.wishabi.net/page_items/419436155/1778042096/extra_large.jpg"
"2026-05-18T22:08:40.378155","1011445500","Summer Inflatables","25% OFF Member Price","","","","","","","2026-05-13","2026-05-26","Other","https://f.wishabi.net/page_pdf_images/23260838/0b34a6ee-48e5-11f1-ac6d-5e9b6d4d14f8/x_large"
"2026-05-18T22:08:40.727886","1011445476","Sensodyne Toothpaste","","","","7.99","member price","","Sensodyne","2026-05-13","2026-05-26","Personal Care","https://f.wishabi.net/page_pdf_images/23260838/f85a12ca-48e4-11f1-ac6d-5e9b6d4d14f8/x_large"
"2026-05-18T22:08:41.134438","1011445469","Garnier Fructis Shampoo or Conditioner","","","","5.99","member price","","","2026-05-13","2026-05-26","Personal Care","https://f.wishabi.net/page_pdf_images/23260838/e6553d20-48e4-11f1-ac6d-5e9b6d4d14f8/x_large"
"2026-05-18T22:08:41.548685","1011445559","Miralax Laxative","","","","19.99","member price","","MiraLAX","2026-05-13","2026-05-26","Health & Wellness","https://f.wishabi.net/page_pdf_images/23260838/fe762d6a-48e4-11f1-ac6d-5e9b6d4d14f8/x_large"
"2026-05-18T22:08:42.065734","1011445514","Pantene or Head & Shoulders Shampoo or Conditioner","EARN 4X POINTS","","","7.99","member price","","Pantene | Head & Shoulders","2026-05-13","2026-05-26","Personal Care","https://f.wishabi.net/page_items/419424847/1778042086/extra_large.jpg"
"2026-05-18T22:08:42.530235","1011445547","Cortizone-10 Anti-Itch Cream or Spray","","","","10.99","member price","","Cortizone-10","2026-05-13","2026-05-26","Health & Wellness","https://f.wishabi.net/page_pdf_images/23260838/fb7aae06-48e4-11f1-ac6d-5e9b6d4d14f8/x_large"
"2026-05-18T22:08:42.988426","1011445607","Summer Swim Accessories","25% OFF Member Price","","","","","","","2026-05-13","2026-05-26","Other","https://f.wishabi.net/page_pdf_images/23260838/1128e9ca-48e5-11f1-ac6d-5e9b6d4d14f8/x_large"
"2026-05-18T22:08:43.363409","1011445585","Honey Pot Organic Pads","","","","9.99","member price","","the Honey Pot Company","2026-05-13","2026-05-26","Personal Care","https://f.wishabi.net/page_pdf_images/23260838/015cd128-48e5-11f1-ac6d-5e9b6d4d14f8/x_large"
"2026-05-18T22:08:43.800134","1011445652","Signature SELECT® 5-Piece Patio Set","25% OFF Member Price","","","","","","Signature SELECT®","2026-05-13","2026-05-26","Household","https://f.wishabi.net/page_pdf_images/23260838/f04e3dea-48e4-11f1-ac6d-5e9b6d4d14f8/x_large"
"2026-05-18T22:08:44.232567","1011445575","Signature SELECT® Food Storage","","","2 for","7.0","member price","","Signature SELECT®","2026-05-13","2026-05-26","Household","https://f.wishabi.net/page_pdf_images/23260838/e35696aa-48e4-11f1-ac6d-5e9b6d4d14f8/x_large"
"2026-05-18T22:08:44.683648","1011445510","Signature SELECT® or Signature Care® Hand Soap Refill","EARN 2x POINTS","","","5.99","member price","","Signature SELECT® | Signature Care®","2026-05-13","2026-05-26","Personal Care","https://f.wishabi.net/page_pdf_images/23260838/f65e0ee0-48e4-11f1-ac6d-5e9b6d4d14f8/x_large"
"2026-05-18T22:08:45.145541","1011445598","P & G products","4X forU points*","","","","","","","2026-05-13","2026-05-26","Household","https://f.wishabi.net/page_items/419436992/1778042107/extra_large.jpg"
"2026-05-18T22:08:45.481349","1011445507","Kotex Biocare Liners or Pads","","","","6.99","ea","7.99","Kotex","2026-05-13","2026-05-26","Personal Care","https://f.wishabi.net/page_pdf_images/23260838/035406b8-48e5-11f1-ac6d-5e9b6d4d14f8/x_large"
"2026-05-18T22:08:45.838567","1011445599","Gas Patio Heater","25% OFF Member Price","","","","","","","2026-05-13","2026-05-26","Household","https://f.wishabi.net/page_pdf_images/23260838/0a317786-48e5-11f1-ac6d-5e9b6d4d14f8/x_large"
"2026-05-18T22:08:46.323692","1011445623","Dove Clinical Deodorant","","","","9.99","member price","","Dove","2026-05-13","2026-05-26","Personal Care","https://f.wishabi.net/page_pdf_images/23260838/07325d66-48e5-11f1-ac6d-5e9b6d4d14f8/x_large"
"2026-05-18T22:08:46.757674","1011445493","Listerine Mouthwash","","","","8.99","member price","","Listerine","2026-05-13","2026-05-26","Personal Care","https://f.wishabi.net/page_pdf_images/23260838/fa78301e-48e4-11f1-ac6d-5e9b6d4d14f8/x_large"
"2026-05-18T22:08:47.082663","1011445609","Secret Clinical Strength Deodorant","","","","14.99","member price","","Secret","2026-05-13","2026-05-26","Personal Care","https://f.wishabi.net/page_pdf_images/23260838/092a72d4-48e5-11f1-ac6d-5e9b6d4d14f8/x_large"
"2026-05-18T22:08:47.481713","1011445486","Native Shampoo or Conditioner","EARN 4x POINTS","","","10.99","member price","","Native","2026-05-13","2026-05-26","Personal Care","https://f.wishabi.net/page_pdf_images/23260838/f46fbd9a-48e4-11f1-ac6d-5e9b6d4d14f8/x_large"
"2026-05-18T22:08:47.974699","1011445553","STEM Light Trap Starter Kit","","","","24.99","member price","","STEM","2026-05-13","2026-05-26","Household","https://f.wishabi.net/page_pdf_images/23260838/e45522f6-48e4-11f1-ac6d-5e9b6d4d14f8/x_large"
"2026-05-18T22:08:48.449034","1011445643","Charbroil 4-Burner Pro Gas Grill","25% OFF Member Price","","","","","","CharBroil","2026-05-13","2026-05-26","Household","https://f.wishabi.net/page_pdf_images/23260838/e74deace-48e4-11f1-ac6d-5e9b6d4d14f8/x_large"
"2026-05-18T22:08:48.861931","1011445526","Depend or Poise Pads","","","","17.49","ea","19.99","Depend | Poise","2026-05-13","2026-05-26","Health & Wellness","https://f.wishabi.net/page_pdf_images/23260838/04510f52-48e5-11f1-ac6d-5e9b6d4d14f8/x_large"
"2026-05-18T22:08:49.331327","1011445584","Signature SELECT® 9-Foot Patio Umbrella","25% OFF Member Price","","","","","","","2026-05-13","2026-05-26","Household","https://f.wishabi.net/page_pdf_images/23260838/ef7ee27a-48e4-11f1-ac6d-5e9b6d4d14f8/x_large"
"2026-05-18T22:08:49.662586","1011445577","Mr. BBQ Hershey's S'mores Tools","BUY 1 GET 1 50% OFF Member Price","","","","","","Mr. BBQ","2026-05-13","2026-05-26","Household","https://f.wishabi.net/page_pdf_images/23260838/0f124a6e-48e5-11f1-ac6d-5e9b6d4d14f8/x_large"
"2026-05-18T22:08:50.094488","1011445630","Signature SELECT® Folding Beach Chair or Umbrella","25% OFF Member Price","","","","","","Signature SELECT®","2026-05-13","2026-05-26","Household","https://f.wishabi.net/page_pdf_images/23260838/100e2532-48e5-11f1-ac6d-5e9b6d4d14f8/x_large"
"2026-05-18T22:08:50.455678","1011445517","Graduation Party Goods","25% OFF Member Price","","","","","","","2026-05-13","2026-05-26","Other","https://f.wishabi.net/page_pdf_images/23260838/0d3087f6-48e5-11f1-ac6d-5e9b6d4d14f8/x_large"
"2026-05-18T22:08:50.899880","1011445631","Signature SELECT® Stack Chair","25% OFF Member Price","","","","","","Signature SELECT®","2026-05-13","2026-05-26","Household","https://f.wishabi.net/page_pdf_images/23260838/ef5c749c-48e4-11f1-ac6d-5e9b6d4d14f8/x_large"
"2026-05-18T22:08:51.300655","1011445545","IGLOO Profile II Cooler","25% OFF Member Price","","","","","","Igloo","2026-05-13","2026-05-26","Household","https://f.wishabi.net/page_pdf_images/23260838/ee74825e-48e4-11f1-ac6d-5e9b6d4d14f8/x_large"
"2026-05-18T22:08:51.718413","1011445501","BBQ Tools or Accessories","BUY 1 GET 1 50% OFF Member Price","","","","","","","2026-05-13","2026-05-26","Household","https://f.wishabi.net/page_pdf_images/23260838/ed6a5564-48e4-11f1-ac6d-5e9b6d4d14f8/x_large"
"2026-05-18T22:08:52.006911","1011444617","Essentia Water","EARN 2X POINTS","","2 for","4.0","member price","","Essentia","2026-05-13","2026-05-19","Beverages","https://f.wishabi.net/page_items/419424798/1778042086/extra_large.jpg"
"2026-05-18T22:08:52.385050","1011445604","Rubbermaid TakeAlongs Food Storage","","","","6.99","member price","","Rubbermaid","2026-05-13","2026-05-26","Household","https://f.wishabi.net/page_pdf_images/23260838/e9794280-48e4-11f1-ac6d-5e9b6d4d14f8/x_large"
"2026-05-18T22:08:52.746801","1011445538","Signature HOME™ Extra Power Eraser Pads","","","2 for","5.0","member price","","Signature Home™","2026-05-13","2026-05-26","Household","https://f.wishabi.net/page_pdf_images/23260838/e87c2fbe-48e4-11f1-ac6d-5e9b6d4d14f8/x_large"
"2026-05-18T22:08:53.101530","1011442520","New York Style Sausage or 95% Lean Ground Pork 16-oz. Miller's Premium Beef Franks 14-oz.","","","","5.0","ea member price","","","2026-05-15","2026-05-15","Meat & Seafood","https://f.wishabi.net/page_pdf_images/23260818/f7470c76-48e4-11f1-ae9b-de4acc61d335/x_large"
"2026-05-18T22:08:53.460997","1011443905","Primo Taglio® Turkey","","","","9.99","lb member price","","","2026-05-13","2026-05-19","Deli & Prepared Foods","https://f.wishabi.net/page_pdf_images/23260806/dc8daf84-48e4-11f1-b54b-66daa3078806/x_large"
"2026-05-18T22:08:53.922768","1011442644","Safeway 100","","","","","","","","2026-05-13","2026-05-19","Other","https://f.wishabi.net/page_items/419424788/1778042083/extra_large.jpg"
"2026-05-18T22:08:54.437402","1011443911","Decorated Cake","","","","30.99","","","","2026-05-13","2026-05-19","Bakery","https://f.wishabi.net/page_pdf_images/23260806/db6df0a0-48e4-11f1-b54b-66daa3078806/x_large"
"2026-05-18T22:08:54.903101","1011444929","Gatorade Protein Bars","","","","12.99","member price","","Gatorade","2026-05-13","2026-05-26","Snacks","https://f.wishabi.net/page_pdf_images/23260835/e7276c14-48e4-11f1-9a36-2a9ae8e4982f/x_large"
"2026-05-18T22:08:55.510678","1011444627","FIFA","","","","","","","","2026-05-13","2026-05-19","Other","https://f.wishabi.net/page_items/419424799/1778042086/extra_large.jpg"
"2026-05-18T22:08:55.807289","1011445561","Secret Outlast Deodorant","","","","8.49","member price","","Secret","2026-05-13","2026-05-26","Personal Care","https://f.wishabi.net/page_pdf_images/23260838/054fa918-48e5-11f1-ac6d-5e9b6d4d14f8/x_large"
"2026-05-18T22:08:56.144822","1011443896","Safeway 100","","","","","","","","2026-05-13","2026-05-19","Other","https://f.wishabi.net/page_items/419435944/1778042073/extra_large.jpg"
"2026-05-18T22:08:56.463963","1011445572","OFF! Insect Repellent","","","","11.49","member price","","Off!","2026-05-13","2026-05-26","Household","https://f.wishabi.net/page_pdf_images/23260838/dfe13bb0-48e4-11f1-ac6d-5e9b6d4d14f8/x_large"
"2026-05-18T22:08:56.969578","1011428884","Angel Soft Bath Tissue 6-Mega Rolls. Selected varieties. Brawny Paper Towels 2-Triple Rolls","","","","5.0","ea member price","","Angel Soft | Brawny","2026-05-15","2026-05-15","Household","https://f.wishabi.net/page_pdf_images/23260818/e9eb8e26-48e4-11f1-ae9b-de4acc61d335/x_large"
"2026-05-18T22:08:57.435533","1011444614","Order Ahead","Pre-Order today!","","","","","","","2026-05-13","2026-05-19","Other","https://f.wishabi.net/page_items/419424795/1778042085/extra_large.jpg"
"2026-05-18T22:08:57.905411","1011445541","Signature SELECT® Disinfecting Wipes","","","","9.99","member price","","Signature SELECT®","2026-05-13","2026-05-26","Household","https://f.wishabi.net/page_pdf_images/23260838/e24d9524-48e4-11f1-ac6d-5e9b6d4d14f8/x_large"
"2026-05-18T22:08:58.356023","1011444630","Gas Rewards","","","","","","","","2026-05-13","2026-05-19","Other","https://f.wishabi.net/page_items/419424801/1778042088/extra_large.jpg"
"2026-05-18T22:08:58.848817","1011444979","Pampers Cruisers 360 or Easy Ups Jumbo Pack","Baby Club Savings, Save more on baby essentials**, BUY $25 SAVE $5 for u","","","11.99","member price","","Pampers","2026-05-13","2026-05-26","Personal Care","https://f.wishabi.net/page_pdf_images/23260835/06868d7e-48e5-11f1-9a36-2a9ae8e4982f/x_large"
"2026-05-18T22:08:59.215412","1011445655","Groceries","","","","","","","","2026-05-13","2026-05-19","Other","https://f.wishabi.net/page_items/419436993/1778042107/extra_large.jpg"
"2026-05-18T22:08:59.810054","1011442496","Blue Buffalo Dry Cat Food","Save $5* when you spend $25 on select pet products. EARN 2X POINTS on select pet products","","","23.99","member price","","Blue","2026-05-13","2026-05-26","Household","https://f.wishabi.net/page_pdf_images/23260818/f6385df8-48e4-11f1-ae9b-de4acc61d335/x_large"
"2026-05-18T22:09:00.172467","1011428868","Signature SELECT® Pork Shoulder Country Style Ribs or Blade Steak","","","2 lbs for","5.0","member price","","","2026-05-15","2026-05-15","Meat & Seafood","https://f.wishabi.net/page_pdf_images/23260818/fc3a277c-48e4-11f1-ae9b-de4acc61d335/x_large"
"2026-05-18T22:09:00.468459","1011442548","Wild Caught Lobster Tail 3-oz. Previously Frozen. Fresh Atlantic Salmon Portion 7-oz.","","","","5.0","ea member price","","","2026-05-15","2026-05-15","Meat & Seafood","https://f.wishabi.net/page_pdf_images/23260818/e6a2d198-48e4-11f1-ae9b-de4acc61d335/x_large"
"2026-05-18T22:09:00.889031","1011442511","Arm & Hammer Cat Litter","Save $5* when you spend $25 on select pet products. EARN 2X POINTS on select pet products","","","10.99","member price","","Arm & Hammer","2026-05-13","2026-05-26","Household","https://f.wishabi.net/page_pdf_images/23260818/f734f4b4-48e4-11f1-ae9b-de4acc61d335/x_large"
"2026-05-18T22:09:01.344047","1011444633","Chicken Meal Deal","","","","15.0","ea member price","","","2026-05-13","2026-05-26","Deli & Prepared Foods","https://f.wishabi.net/page_pdf_images/23260832/f0a9a0c2-48e4-11f1-aed5-5a8d9b935a06/x_large"
"2026-05-18T22:09:01.707919","1011444610","Snapple","","","","","","","","2026-05-13","2026-05-19","Beverages","https://f.wishabi.net/page_items/419436953/1778531316/extra_large.jpg"
"2026-05-20T12:26:55.918374","1013144110","Green Giant Canned Vegetables","","","2 for","4.0","member price","","Green Giant","2026-05-20","2026-05-26","Pantry","https://f.wishabi.net/page_pdf_images/23310093/0810b948-4e81-11f1-9e09-5a7277c95964/x_large"
"2026-05-20T12:26:56.150268","1013144051","Grillo's Pickles","","","","3.99","member price","","Grillo’s Pickles","2026-05-20","2026-05-26","Pantry","https://f.wishabi.net/page_items/420239845/1778656513/extra_large.jpg"
"2026-05-20T12:26:56.464777","1013144072","Premier Protein Pancake Mix","","","","3.99","member price","","Premier Protein","2026-05-20","2026-05-26","Pantry","https://f.wishabi.net/page_pdf_images/23310093/f2b465c2-4e80-11f1-9e09-5a7277c95964/x_large"
"2026-05-20T12:26:56.795749","1013144041","Horizon Organic Milk","","","","6.49","member price","","Horizon","2026-05-20","2026-05-26","Dairy & Eggs","https://f.wishabi.net/page_pdf_images/23310093/e6156050-4e80-11f1-9e09-5a7277c95964/x_large"
"2026-05-20T12:26:57.139724","1013144057","Beyond Meat Burger Patties","","","","11.99","ea member price","","Beyond Meat","2026-05-20","2026-05-26","Meat & Seafood","https://f.wishabi.net/page_pdf_images/23310093/eabaccb2-4e80-11f1-9e09-5a7277c95964/x_large"
"2026-05-20T12:26:57.459716","1013144104","Del Real Entrée","","","","9.99","ea member price","","Del Real","2026-05-20","2026-05-26","Deli & Prepared Foods","https://f.wishabi.net/page_pdf_images/23310093/06907c0c-4e81-11f1-9e09-5a7277c95964/x_large"
"2026-05-20T12:26:57.708060","1013144115","Frito-Lay Snack Pack","","","","4.99","ea member price","","Frito-Lay","2026-05-20","2026-05-26","Snacks","https://f.wishabi.net/page_pdf_images/23310093/0506fa14-4e81-11f1-9e09-5a7277c95964/x_large"
"2026-05-20T12:26:58.134340","1013144074","Horizon Organic Creamer","","","","4.99","member price","","Horizon","2026-05-20","2026-05-26","Dairy & Eggs","https://f.wishabi.net/page_pdf_images/23310093/e63e989e-4e80-11f1-9e09-5a7277c95964/x_large"
"2026-05-20T12:26:58.462893","1013144053","Primal Kitchen Ketchup","","","","7.99","member price","","Primal Kitchen","2026-05-20","2026-05-26","Pantry","https://f.wishabi.net/page_pdf_images/23310093/ec511cfc-4e80-11f1-9e09-5a7277c95964/x_large"
"2026-05-20T12:26:58.700919","1013144105","Betty Crocker Suddenly! Salad","","","2 for","5.0","member price","","Betty Crocker","2026-05-20","2026-05-26","Pantry","https://f.wishabi.net/page_pdf_images/23310093/09280a16-4e81-11f1-9e09-5a7277c95964/x_large"
"2026-05-20T12:26:59.043892","1013144081","Kevin's Natural Foods Frozen Bowls","","","","4.99","member price","","Kevin's Natural Foods","2026-05-20","2026-05-26","Frozen","https://f.wishabi.net/page_pdf_images/23310093/f58e3908-4e80-11f1-9e09-5a7277c95964/x_large"
"2026-05-20T12:26:59.279822","1013144035","Bonne Maman Preserves","","","","6.99","member price","","Bonne Maman","2026-05-20","2026-05-26","Pantry","https://f.wishabi.net/page_pdf_images/23310093/ee123698-4e80-11f1-9e09-5a7277c95964/x_large"
"2026-05-20T12:26:59.772410","1013144356","Ratto Bros. Chopped Greens","","","","3.49","ea member price","","Ratto Bros.","2026-05-20","2026-05-26","Produce","https://f.wishabi.net/page_pdf_images/23310093/02115af2-4e81-11f1-9e09-5a7277c95964/x_large"
"2026-05-20T12:27:00.164326","1013136373","Bubly Sparkling Water","","","","3.99","member price","","bubly","2026-05-22","2026-05-25","Beverages","https://f.wishabi.net/page_pdf_images/23310058/d708df2e-4e80-11f1-9c00-e60adb63be1d/x_large"
"2026-05-20T12:27:00.440363","1013136403","Heinz Ketchup","EARN 4X POINTS","","","4.99","member price","","Heinz","2026-05-20","2026-05-26","Pantry","https://f.wishabi.net/page_pdf_images/23310058/d206e28c-4e80-11f1-9c00-e60adb63be1d/x_large"
"2026-05-20T12:27:00.844096","1013136411","Kingsford Charcoal Briquets","EARN 4X POINTS","","","13.99","member price","","Kingsford","2026-05-20","2026-05-26","Household","https://f.wishabi.net/page_pdf_images/23310058/d330b66a-4e80-11f1-9c00-e60adb63be1d/x_large"
"2026-05-20T12:27:01.282439","1013137183","Coors, Bud or Miller 30-pack, 12-oz. Michelob 24-pack, 12-oz.","","","","20.99","member price","","Coors | Bud | Miller | Michelob Ultra","2026-05-20","2026-05-26","Beverages","https://f.wishabi.net/page_pdf_images/23310059/e1985082-4e80-11f1-8a63-ce5055fd825f/x_large"
"2026-05-20T12:27:01.617969","1013136381","Cheez-It or Snap'd Crackers","BUY 1 GET 1 FREE MEMBER PRICE WHEN YOU BUY 2","","","","","","Cheez-It","2026-05-20","2026-05-26","Snacks","https://f.wishabi.net/page_pdf_images/23310058/da35d0f8-4e80-11f1-9c00-e60adb63be1d/x_large"
"2026-05-20T12:27:01.841538","1013136379","Popsicle Ice Pops","","","","3.99","member price","","Popsicle","2026-05-20","2026-05-26","Frozen","https://f.wishabi.net/page_pdf_images/23310058/d61a814e-4e80-11f1-9c00-e60adb63be1d/x_large"
"2026-05-20T12:27:02.149516","1013136369","Lucerne® Aerosol Whipped Topping 6.5-oz. Sour Cream 16-oz. Philadelphia Cream Cheese 8-oz.","","","","2.49","ea member price when you buy 2","","Lucerne® | Philadelphia","2026-05-20","2026-05-26","Dairy & Eggs","https://f.wishabi.net/page_pdf_images/23310058/db29633a-4e80-11f1-9c00-e60adb63be1d/x_large"
"2026-05-20T12:27:02.567451","1013136402","Nabisco Snack Crackers","","","3 for","5.0","member price when you buy 3","","Nabisco","2026-05-22","2026-05-25","Snacks","https://f.wishabi.net/page_items/420239012/1778656496/extra_large.jpg"
"2026-05-20T12:27:02.827433","1013136413","Sierra Nevada, Lagunitas or Firestone Walker 12-pack, 12-oz. Tito's 750-ml., High Noon 8-pack, 355-ml. cans","","","","12.99","member price","","Sierra Nevada | Lagunitas | Firestone | High Noon","2026-05-22","2026-05-25","Beverages","https://f.wishabi.net/page_items/420239027/1778656499/extra_large.jpg"
"2026-05-20T12:27:03.075596","1013136405","Strawberries","","","","3.99","ea member price","","","2026-05-22","2026-05-25","Produce","https://f.wishabi.net/page_pdf_images/23310058/cdc423e2-4e80-11f1-9c00-e60adb63be1d/x_large"
"2026-05-20T12:27:03.354008","1013136397","8-Piece Fried Chicken","","","","6.99","ea member price","","","2026-05-22","2026-05-25","Deli & Prepared Foods","https://f.wishabi.net/page_pdf_images/23310058/cdc48aa8-4e80-11f1-9c00-e60adb63be1d/x_large"
"2026-05-20T12:27:03.633667","1013136370","USDA Choice Beef Chuck Short or Flanken Style Ribs","","","","7.99","lb member price","","","2026-05-22","2026-05-25","Meat & Seafood","https://f.wishabi.net/page_pdf_images/23310058/cc8cb1ec-4e80-11f1-9c00-e60adb63be1d/x_large"
"2026-05-20T12:27:03.910800","1013136400","Waterfront Bistro® Extra Jumbo Raw Shrimp","","","","5.99","lb member price","","WATERFRONT BISTRO®","2026-05-22","2026-05-25","Meat & Seafood","https://f.wishabi.net/page_pdf_images/23310058/d924b238-4e80-11f1-9c00-e60adb63be1d/x_large"
"2026-05-20T12:27:04.087595","1013137172","Fresh Cut Produce","BUY 2 GET 1 FREE When you Buy 3 Member Price","","","","","","","2026-05-20","2026-05-26","Produce","https://f.wishabi.net/page_pdf_images/23310059/db059040-4e80-11f1-8a63-ce5055fd825f/x_large"
"2026-05-20T12:27:04.262908","1013137169","Patriotic Holiday Bouquet","","","","12.99","","","","2026-05-20","2026-05-26","Floral","https://f.wishabi.net/page_pdf_images/23310059/d08e2ed8-4e80-11f1-8a63-ce5055fd825f/x_large"
"2026-05-20T12:27:04.520143","1013137139","Signature SELECT® Gourmet Beef Burger Patties","","","","9.99","ea member price","","Signature SELECT®","2026-05-20","2026-05-26","Meat & Seafood","https://f.wishabi.net/page_pdf_images/23310059/d4500262-4e80-11f1-8a63-ce5055fd825f/x_large"
"2026-05-20T12:27:04.860095","1013137190","Jack Daniel's or Gran Malo 750-ml. Selected varieties. Buzz Ballz 1.75-ltr.","","","","17.99","member price","","Jack Daniel's | Gran Malo | BuzzBallz","2026-05-20","2026-05-26","Beverages","https://f.wishabi.net/page_pdf_images/23310059/e2c697ac-4e80-11f1-8a63-ce5055fd825f/x_large"
"2026-05-20T12:27:05.155025","1013137152","King's Hawaiian Rolls","","","","4.99","ea member price","","King's Hawaiian","2026-05-20","2026-05-26","Bakery","https://f.wishabi.net/page_pdf_images/23310059/dd3ae1f8-4e80-11f1-8a63-ce5055fd825f/x_large"
"2026-05-20T12:27:05.470961","1013137167","Patriotic Rose Bouquet","","","","12.99","","","","2026-05-20","2026-05-26","Floral","https://f.wishabi.net/page_pdf_images/23310059/d1c0f236-4e80-11f1-8a63-ce5055fd825f/x_large"
"2026-05-20T12:27:05.766433","1013137146","Waterfront Bistro® Shrimp Ring","","","","8.99","ea member price","","WATERFRONT BISTRO®","2026-05-20","2026-05-26","Meat & Seafood","https://f.wishabi.net/page_pdf_images/23310059/d567826a-4e80-11f1-8a63-ce5055fd825f/x_large"
"2026-05-20T12:27:06.030908","1013137156","Open Nature® Pita Chips 7.3-oz O Organics® Hummus 10-oz","","","Starting at","3.99","ea member price","","Open Nature® | O Organics®","2026-05-20","2026-05-26","Snacks","https://f.wishabi.net/page_pdf_images/23310059/d873162c-4e80-11f1-8a63-ce5055fd825f/x_large"
"2026-05-20T12:27:06.264068","1013137168","Patriotic Hydrangeas","","","","9.99","","","","2026-05-20","2026-05-26","Floral","https://f.wishabi.net/page_pdf_images/23310059/d308f13e-4e80-11f1-8a63-ce5055fd825f/x_large"
"2026-05-20T12:27:06.461592","1013137189","La Vieille Ferme, Ménage à Trois or Carmenet","","","","6.99","ea member price when you buy 6 or more","","La Vieille Ferme | Ménage à Trois | Carmenet","2026-05-20","2026-05-26","Beverages","https://f.wishabi.net/page_pdf_images/23310059/e49b7dd6-4e80-11f1-8a63-ce5055fd825f/x_large"
"2026-05-20T12:27:06.773744","1013137164","Fresh Baked Cookies","","","","4.99","member price","","","2026-05-20","2026-05-26","Bakery","https://f.wishabi.net/page_pdf_images/23310059/ce20f9b4-4e80-11f1-8a63-ce5055fd825f/x_large"
"2026-05-20T12:27:07.081854","1013141530","Sweet Baby Ray's Barbecue Sauce 18-oz. Signature SELECT® Deli Mustard 12-oz. French's Classic Yellow Mustard 20-oz. Bush's Best Baked or Grillin' Beans 21.7 to 28-oz.","","","2 for","4.0","member price","","Sweet Baby Ray's | Signature SELECT® | Bush's | French's","2026-05-20","2026-05-26","Pantry","https://f.wishabi.net/page_pdf_images/23310067/e2a92488-4e80-11f1-a605-b65b9d01974c/x_large"
"2026-05-20T12:27:07.430479","1013141521","Ben & Jerry's Ice Cream Pint. Ice Cream Bars 4-pack. Signature SELECT® Ice Cream 1.5-qt.","","","","2.99","ea member price","","Ben & Jerry's | Signature SELECT®","2026-05-20","2026-05-26","Frozen","https://f.wishabi.net/page_items/420239259/1778656501/extra_large.jpg"
"2026-05-20T12:27:07.714293","1013141511","Modelo, Corona, Pacifico, Stella Artois or Heineken","","","","11.99","ea member price when you buy 2","","Modelo | Corona | Pacifico | Stella Artois | Heineken","2026-05-20","2026-05-26","Beverages","https://f.wishabi.net/page_pdf_images/23310067/f13dcd00-4e80-11f1-a605-b65b9d01974c/x_large"
"2026-05-20T12:27:07.916671","1013141489","Personal Seedless Watermelon","BUY 1 GET 1 FREE MEMBER PRICE WHEN YOU BUY 2","","","","","","","2026-05-20","2026-05-26","Produce","https://f.wishabi.net/page_pdf_images/23310067/e91d77d8-4e80-11f1-a605-b65b9d01974c/x_large"
"2026-05-20T12:27:08.180891","1013141476","Fresh Atlantic Salmon Whole Fillet","","","","8.99","lb member price","","","2026-05-20","2026-05-26","Meat & Seafood","https://f.wishabi.net/page_pdf_images/23310067/e8251098-4e80-11f1-a605-b65b9d01974c/x_large"
"2026-05-20T12:27:08.395607","1013141497","Taylor Farms Chopped Salad Kit 7.3 to 13.5-oz. Fresh Express Chopped Salad Kit 6.7 to 13.3-oz","","","","3.99","ea member price","","Taylor Farms | Fresh Express","2026-05-20","2026-05-26","Produce","https://f.wishabi.net/page_items/420239236/1778656497/extra_large.jpg"
"2026-05-20T12:27:08.617971","1013141514","Lay's, Doritos, Tostitos or SunChips","","","","1.99","ea member price when you buy 5","","Lay's | Doritos | Tostitos | SunChips","2026-05-20","2026-05-26","Snacks","https://f.wishabi.net/page_pdf_images/23310067/d8aca9be-4e80-11f1-a605-b65b9d01974c/x_large"
"2026-05-20T12:27:08.900933","1013141498","Red Cherries","","","","3.99","lb member price","","","2026-05-20","2026-05-26","Produce","https://f.wishabi.net/page_pdf_images/23310067/cd0e0328-4e80-11f1-a605-b65b9d01974c/x_large"
"2026-05-20T12:27:09.262000","1013141478","USDA Choice Boneless Beef Tri Tip Roast","","","","5.99","lb member price","","","2026-05-20","2026-05-26","Meat & Seafood","https://f.wishabi.net/page_items/420239214/1778656492/extra_large.jpg"
"2026-05-20T12:27:09.552753","1013141534","Nabisco Ritz Crackers 8.8 to 13.7-oz., Ritz Toasted Chips 7 to 8.1-oz. or Sandwich Crackers 8-ct.","","","","2.49","ea member price","","Nabisco | Ritz","2026-05-20","2026-05-26","Snacks","https://f.wishabi.net/page_items/420239269/1778656504/extra_large.jpg"
"2026-05-20T12:27:09.851403","1013141482","Signature SELECT® 80% Lean Ground Beef Mega Pack","","","","3.99","lb member price","","Signature SELECT®","2026-05-20","2026-05-26","Meat & Seafood","https://f.wishabi.net/page_items/420239218/1778656493/extra_large.jpg"
"2026-05-20T12:27:10.012892","1013141535","Best Foods Mayonnaise","Earn 4x POINTS","","","3.99","ea member price","","Best Foods","2026-05-20","2026-05-26","Pantry","https://f.wishabi.net/page_items/420239279/1778656506/extra_large.jpg"
"2026-05-20T12:27:10.193003","1013141508","Coffee mate Creamer 28 to 32-oz. Challenge or Danish Creamery Butter 16-oz","","","","2.99","ea member price","","Challenge | Danish Creamery","2026-05-20","2026-05-26","Dairy & Eggs","https://f.wishabi.net/page_items/420239249/1778656499/extra_large.jpg"
"2026-05-20T12:27:10.382023","1013141503","Lucerne® Shredded, Sliced or Chunk Cheese","","","","1.99","ea member price","","Lucerne®","2026-05-20","2026-05-26","Dairy & Eggs","https://f.wishabi.net/page_items/420239239/1778656498/extra_large.jpg"
"2026-05-20T12:27:10.534203","1013142111","Spinach Dip Tray","","","","14.99","ea","","","2026-05-20","2026-05-26","Deli & Prepared Foods","https://f.wishabi.net/page_items/420239568/1778656501/extra_large.jpg"
"2026-05-20T12:27:10.831258","1013142187","Ken's Salad Dressing 16-oz. Kinder's BBQ Sauce 19.5 to 20.5-oz.","","","2 for","5.0","member price","","Ken's | Kinder's","2026-05-22","2026-05-22","Pantry","https://f.wishabi.net/page_items/420239615/1778656509/extra_large.jpg"
"2026-05-20T12:27:11.210416","1013150875","Pringles Chips 5.2 to 5.57-oz. Planters Peanuts 16-oz.","","","","1.99","ea member price","","Pringles | Planters","2026-05-20","2026-05-26","Snacks","https://f.wishabi.net/page_items/420239655/1778656501/extra_large.jpg"
"2026-05-20T12:27:11.438711","1013142133","Dibrova Sausage or Caspers Hot Dogs 16-oz. Oscar Mayer Bacon 12-oz.","","","","5.0","ea member price","","Dibrova | Caspers | Oscar Mayer","2026-05-22","2026-05-22","Meat & Seafood","https://f.wishabi.net/page_pdf_images/23310080/cf9271c4-4e80-11f1-a527-7a0eb1685987/x_large"
"2026-05-20T12:27:11.680770","1013142162","Wild Caught Lobster Tail 3-oz. Previously Frozen. Fresh Atlantic Salmon Portion 7-oz. Farm raised.","","","","5.0","ea member price","","","2026-05-22","2026-05-22","Meat & Seafood","https://f.wishabi.net/page_pdf_images/23310080/d2ca5d02-4e80-11f1-a527-7a0eb1685987/x_large"
"2026-05-20T12:27:11.939582","1013142153","Nestlé Drumstick","","","","5.0","ea member price","","Nestle","2026-05-22","2026-05-22","Frozen","https://f.wishabi.net/page_pdf_images/23310080/da35425a-4e80-11f1-a527-7a0eb1685987/x_large"
"2026-05-20T12:27:12.288714","1013142199","Kettle Brand Potato Chips","","","3 for","5.0","member price","","Kettle","2026-05-22","2026-05-22","Snacks","https://f.wishabi.net/page_pdf_images/23310080/e342621a-4e80-11f1-a527-7a0eb1685987/x_large"
"2026-05-20T12:27:12.557374","1013142198","AriZona Tea 128-oz. Soleil® Sparkling Water 8-pack, 12-oz.","","","2 for","5.0","member price","","AriZona | Soleil®","2026-05-22","2026-05-22","Beverages","https://f.wishabi.net/page_pdf_images/23310080/eea68dca-4e80-11f1-a527-7a0eb1685987/x_large"
"2026-05-20T12:27:12.930581","1013142200","On The Rocks","","","","5.0","ea member price","","On The Rocks","2026-05-22","2026-05-22","Beverages","https://f.wishabi.net/page_pdf_images/23310080/efaa1a3e-4e80-11f1-a527-7a0eb1685987/x_large"
"2026-05-20T12:27:13.183902","1013142263","Kellogg's Large Size Cereal","","","","3.49","ea member price when you buy 2","","Kellogg's","2026-05-20","2026-05-26","Pantry","https://f.wishabi.net/page_items/420239752/1779223343/extra_large.jpg"
"2026-05-20T12:27:13.506329","1013142275","Fever-tree","Earn 2x POINTS","","","6.99","member price","","","2026-05-20","2026-05-26","Beverages","https://f.wishabi.net/page_items/420239757/1779223347/extra_large.jpg"
"2026-05-20T12:27:13.844375","1013142267","Vital Farms Pasture-Raised Eggs","EARN 2X POINTS","","","12.99","member price","","Vital Farms","2026-05-20","2026-05-26","Dairy & Eggs","https://f.wishabi.net/page_items/420239753/1779223344/extra_large.jpg"
"2026-05-20T12:27:14.123843","1013142152","Dave's Killer Bread Buns","","","","5.0","ea member price","","Dave's Killer","2026-05-22","2026-05-22","Bakery","https://f.wishabi.net/page_pdf_images/23310080/d08f3170-4e80-11f1-a527-7a0eb1685987/x_large"
"2026-05-20T12:27:14.368962","1013142106","Kick'd Up Bounty Shrimp Tray","","","","19.99","ea member price","","","2026-05-20","2026-05-26","Meat & Seafood","https://f.wishabi.net/page_pdf_images/23310080/e1397a4e-4e80-11f1-a527-7a0eb1685987/x_large"
"2026-05-20T12:27:14.545709","1013142134","Yellow Peaches or Nectarines","","","2 lbs for","5.0","member price","","","2026-05-22","2026-05-22","Produce","https://f.wishabi.net/page_pdf_images/23310080/d494fd90-4e80-11f1-a527-7a0eb1685987/x_large"
"2026-05-20T12:27:14.977085","1013142108","Bakery Platter","","","Starting at","9.99","","","","2026-05-20","2026-05-26","Bakery","https://f.wishabi.net/page_pdf_images/23310080/e7d09a9a-4e80-11f1-a527-7a0eb1685987/x_large"
"2026-05-20T12:27:15.224521","1013142144","Signature SELECT® Pork Shoulder Country Style Ribs or Blade Steak","","","2 lbs for","5.0","member price","","Signature SELECT®","2026-05-22","2026-05-22","Meat & Seafood","https://f.wishabi.net/page_pdf_images/23310080/e8a8b4ca-4e80-11f1-a527-7a0eb1685987/x_large"
"2026-05-20T12:27:15.422785","1013142167","Overjoyed™ Boutique Chic Rose Mini Bouquet","","","","5.0","ea member price","","Overjoyed™","2026-05-22","2026-05-22","Floral","https://f.wishabi.net/page_pdf_images/23310080/e79c7f30-4e80-11f1-a527-7a0eb1685987/x_large"
"2026-05-20T12:27:15.615376","1013142102","Decorated Cake","","","","24.99","member price","","","2026-05-20","2026-05-26","Bakery","https://f.wishabi.net/page_pdf_images/23310080/e5c423d4-4e80-11f1-a527-7a0eb1685987/x_large"
"2026-05-20T12:27:15.873854","1013142166","Dixie Tableware 25 to 90-ct. Selected varieties. or Signature SELECT® Plastic Party Cups 100-ct.","","","","5.0","ea member price","","Dixie | Signature SELECT®","2026-05-22","2026-05-22","Household","https://f.wishabi.net/page_pdf_images/23310080/eda9277a-4e80-11f1-a527-7a0eb1685987/x_large"
"2026-05-20T12:27:16.139439","1013142271","Knudsen Cottage Cheese or Sour Cream","EARN 4X POINTS","","2 for","5.0","member price","","KNUDSEN","2026-05-20","2026-05-26","Dairy & Eggs","https://f.wishabi.net/page_pdf_images/23310087/d101ce56-4e80-11f1-bef2-e60f8ac5b0f9/x_large"
"2026-05-20T12:27:16.418535","1013150848","Chobani Flip or Protein Greek Yogurt","","","","0.99","ea member price","","Chobani","2026-05-20","2026-05-26","Dairy & Eggs","https://f.wishabi.net/page_items/420239634/1778656496/extra_large.jpg"
"2026-05-20T12:27:16.725459","1013150907","Safeway for u","","","","","","","","2026-05-20","2026-05-26","Other","https://f.wishabi.net/page_items/420289690/1778656512/extra_large.jpg"
"2026-05-20T12:27:17.028203","1013150960","Snapple Tea","EARN 4X POINTS","","","4.29","ea member price","","Snapple","2026-05-20","2026-05-26","Beverages","https://f.wishabi.net/page_items/420239739/1778656510/extra_large.jpg"
"2026-05-20T12:27:17.318679","1013150963","Brawny Paper Towels 6-Double Rolls. Quilted Northern 12-Mega Rolls. Angel Soft Bath Tissue 16-Mega Rolls","","","","11.99","ea member price","","Brawny | Quilted Northern | Angel Soft","2026-05-20","2026-05-26","Household","https://f.wishabi.net/page_items/420239741/1778656512/extra_large.jpg"
"2026-05-20T12:27:17.603445","1013150948","Blue Moon, Elysian or Twisted Tea","","","","16.99","ea member price","","Blue Moon | Elysian | Twisted Tea","2026-05-20","2026-05-26","Beverages","https://f.wishabi.net/page_items/420239703/1778656510/extra_large.jpg"
"2026-05-20T12:27:17.810323","1013144045","Blue Diamond Almondmilk","","","","3.99","member price","","Blue Diamond","2026-05-20","2026-05-26","Dairy & Eggs","https://f.wishabi.net/page_pdf_images/23310093/e7ba500a-4e80-11f1-9e09-5a7277c95964/x_large"
"2026-05-20T12:27:18.001482","1013150836","Waterfront Bistro® or Open Nature® Mussels","","","2 for","6.0","member price","","Waterfront Bistro® | Open Nature®","2026-05-20","2026-05-26","Meat & Seafood","https://f.wishabi.net/page_items/420239625/1778656494/extra_large.jpg"
"2026-05-20T12:27:18.281154","1013229420","Secret Outlast Deodorant","","","","8.49","member price","","Secret","2026-05-20","2026-05-26","Personal Care","https://f.wishabi.net/page_pdf_images/23310095/0abb3e66-4e81-11f1-8317-ce1d11290bf9/x_large"
"2026-05-20T12:27:18.680926","1013229332","Albanese Share Size Bag","","","2 for","14.0","member price","","Albanese","2026-05-20","2026-05-26","Snacks","https://f.wishabi.net/page_pdf_images/23310094/f747383a-4e80-11f1-87bc-6a5ede4d9731/x_large"
"2026-05-20T12:27:18.915513","1013177258","Shrimp Skewer","","","5 for","5.0","","","","2026-05-20","2026-05-26","Meat & Seafood","https://f.wishabi.net/page_pdf_images/23310070/e0c86a2a-4e80-11f1-bd00-4a7edd877f5d/x_large"
"2026-05-20T12:27:19.221737","1013177254","Hass Avocado","","","3 for","5.0","member price","","","2026-05-20","2026-05-26","Produce","https://f.wishabi.net/page_items/420239390/1778656500/extra_large.jpg"
"2026-05-20T12:27:19.527290","1013177296","Boar's Head Mesquite Wood Smoked Turkey","","","","12.99","lb member price","","Boar's Head","2026-05-20","2026-05-26","Deli & Prepared Foods","https://f.wishabi.net/page_pdf_images/23310070/d78fd394-4e80-11f1-bd00-4a7edd877f5d/x_large"
"2026-05-20T12:27:19.811139","1013177297","All American Footlong Sandwich","","","","8.99","ea member price","","","2026-05-20","2026-05-26","Deli & Prepared Foods","https://f.wishabi.net/page_pdf_images/23310070/de030b92-4e80-11f1-bd00-4a7edd877f5d/x_large"
"2026-05-20T12:27:20.005653","1013177318","Artisan Garlic Bread","","","","2.99","member price","","","2026-05-20","2026-05-26","Bakery","https://f.wishabi.net/page_pdf_images/23310070/d511f2c8-4e80-11f1-bd00-4a7edd877f5d/x_large"
"2026-05-20T12:27:20.265935","1013177337","Amarillo Sol Bouquet","","","","16.99","","","","2026-05-20","2026-05-26","Floral","https://f.wishabi.net/page_pdf_images/23310070/d83387dc-4e80-11f1-bd00-4a7edd877f5d/x_large"
"2026-05-20T12:27:20.460829","1013177324","Boston Cream Cake","","","","10.99","member price","","","2026-05-20","2026-05-26","Bakery","https://f.wishabi.net/page_pdf_images/23310070/db0ca34e-4e80-11f1-bd00-4a7edd877f5d/x_large"
"2026-05-20T12:27:20.725424","1013177454","Sonoma-Cutrer, Domaine Chandon or Duckhorn Vineyards","","","","17.99","ea member price when you buy 6 or more","","Sonoma-Cutrer | Domaine Chandon | Duckhorn Vineyards","2026-05-20","2026-05-26","Beverages","https://f.wishabi.net/page_pdf_images/23310070/f055a6ba-4e80-11f1-bd00-4a7edd877f5d/x_large"
"2026-05-20T12:27:21.033176","1013177280","Lemon","","","","0.99","ea","","","2026-05-20","2026-05-26","Produce","https://f.wishabi.net/page_pdf_images/23310070/d73e02b2-4e80-11f1-bd00-4a7edd877f5d/x_large"
"2026-05-20T12:27:21.245800","1013177440","Large Mango","","","4 for","5.0","member price","","","2026-05-20","2026-05-26","Produce","https://f.wishabi.net/page_pdf_images/23310070/dc65a452-4e80-11f1-bd00-4a7edd877f5d/x_large"
"2026-05-20T12:27:21.550291","1013177441","Green or Red Seedless Grapes","","","","4.99","lb","","","2026-05-20","2026-05-26","Produce","https://f.wishabi.net/page_pdf_images/23310070/dc28b6fa-4e80-11f1-bd00-4a7edd877f5d/x_large"
"2026-05-20T12:27:21.852204","1013177225","Foster Farms Fresh & Natural Chicken Leg Quarters","Earn 2x POINTS","","","0.99","lb member price","","Foster Farms","2026-05-20","2026-05-26","Meat & Seafood","https://f.wishabi.net/page_pdf_images/23310070/d208a932-4e80-11f1-bd00-4a7edd877f5d/x_large"
"2026-05-20T12:27:22.111685","1013177305","King's Hawaiian Pretzel Bites","","","","5.99","ea member price","","King's Hawaiian","2026-05-20","2026-05-26","Bakery","https://f.wishabi.net/page_pdf_images/23310070/d45a1d24-4e80-11f1-bd00-4a7edd877f5d/x_large"
"2026-05-20T12:27:22.269313","1013177224","Fage Yogurt","EARN 4X POINTS","","","5.99","member price","","Fage","2026-05-20","2026-05-26","Dairy & Eggs","https://f.wishabi.net/page_pdf_images/23310070/e1bba15e-4e80-11f1-bd00-4a7edd877f5d/x_large"
"2026-05-20T12:27:22.460331","1013177205","Miami Beef Smashed Burgers","","","","9.99","ea member price","","Miami Beef","2026-05-20","2026-05-26","Meat & Seafood","https://f.wishabi.net/page_items/420239356/1778656494/extra_large.jpg"
"2026-05-20T12:27:22.640181","1013177209","USDA Choice Beef New York Strip Steak","","","","12.99","lb member price","","","2026-05-20","2026-05-26","Meat & Seafood","https://f.wishabi.net/page_pdf_images/23310070/ce984bf4-4e80-11f1-bd00-4a7edd877f5d/x_large"
"2026-05-20T12:27:22.974518","1013177206","Chicken Party Wings","","","","2.99","lb member price","","","2026-05-20","2026-05-26","Meat & Seafood","https://f.wishabi.net/page_pdf_images/23310070/d881abba-4e80-11f1-bd00-4a7edd877f5d/x_large"
"2026-05-20T12:27:23.240812","1013177218","Smithfield Smoked Pork Chops","","","","7.99","ea member price","","Smithfield","2026-05-20","2026-05-26","Meat & Seafood","https://f.wishabi.net/page_pdf_images/23310070/d9383af6-4e80-11f1-bd00-4a7edd877f5d/x_large"
"2026-05-20T12:27:23.570990","1013177270","Green Asparagus","","","","4.99","lb","","","2026-05-20","2026-05-26","Produce","https://f.wishabi.net/page_pdf_images/23310070/d68e9a2a-4e80-11f1-bd00-4a7edd877f5d/x_large"
"2026-05-20T12:27:23.877008","1013177236","Fresh Large BBQ Oysters","","","","9.99","ea member price","","","2026-05-20","2026-05-26","Meat & Seafood","https://f.wishabi.net/page_pdf_images/23310070/d34e6b7e-4e80-11f1-bd00-4a7edd877f5d/x_large"
"2026-05-20T12:27:24.057000","1013177240","Cosmic Crisp Apples","","","","1.99","lb member price","","","2026-05-20","2026-05-26","Produce","https://f.wishabi.net/page_pdf_images/23310070/d639d1e8-4e80-11f1-bd00-4a7edd877f5d/x_large"
"2026-05-20T12:27:24.261727","1013177249","Hatfield Marinated Pork","BUY 1 GET 1 FREE Member Price When you Buy 2","","","","","","Hatfield","2026-05-20","2026-05-26","Meat & Seafood","https://f.wishabi.net/page_pdf_images/23310070/dfdf6a0a-4e80-11f1-bd00-4a7edd877f5d/x_large"
"2026-05-20T12:27:24.588159","1013177233","Starbucks Coffee","","","","11.99","member price","","Starbucks","2026-05-20","2026-05-26","Beverages","https://f.wishabi.net/page_pdf_images/23310070/e6818910-4e80-11f1-bd00-4a7edd877f5d/x_large"
"2026-05-20T12:27:24.937864","1013177312","Sabra Hummus","EARN 4X POINTS","","2 for","7.0","member price","","Sabra","2026-05-20","2026-05-26","Deli & Prepared Foods","https://f.wishabi.net/page_pdf_images/23310070/d982c60c-4e80-11f1-bd00-4a7edd877f5d/x_large"
"2026-05-20T12:27:25.137651","1013177332","Signature SELECT® Sunflowers","","","","7.99","","","Signature SELECT®","2026-05-20","2026-05-26","Floral","https://f.wishabi.net/page_items/420239460/1778656517/extra_large.jpg"
"2026-05-20T12:27:25.406811","1013177333","Kraft Mac & Cheese","EARN 4X POINTS","","4 for","5.0","member price","","Kraft","2026-05-20","2026-05-26","Pantry","https://f.wishabi.net/page_pdf_images/23310070/e3a9ac4a-4e80-11f1-bd00-4a7edd877f5d/x_large"
"2026-05-20T12:27:25.652483","1013177315","Pudding Ring Cake","","","","4.99","member price","","","2026-05-20","2026-05-26","Bakery","https://f.wishabi.net/page_items/420239432/1778656512/extra_large.jpg"
"2026-05-20T12:27:25.947099","1013177336","McCormick Grill Mates Seasoning","EARN 4x POINTS","","2 for","3.0","ea member price with digital coupon","","McCormick","2026-05-20","2026-05-26","Pantry","https://f.wishabi.net/page_pdf_images/23310070/e77698c4-4e80-11f1-bd00-4a7edd877f5d/x_large"
"2026-05-20T12:27:26.159926","1013177354","4x forU* POINTS","Earn 4x POINTS","","","","","","","2026-05-20","2026-05-26","Other","https://f.wishabi.net/page_items/420289643/1778656521/extra_large.jpg"
"2026-05-20T12:27:26.434306","1013177339","Rose Medley Bouquet","","","","16.99","","","","2026-05-20","2026-05-26","Floral","https://f.wishabi.net/page_pdf_images/23310070/d59069aa-4e80-11f1-bd00-4a7edd877f5d/x_large"
"2026-05-20T12:27:26.622865","1013177345","Mini Carnations","","","","10.99","","","","2026-05-20","2026-05-26","Floral","https://f.wishabi.net/page_pdf_images/23310070/db4d9750-4e80-11f1-bd00-4a7edd877f5d/x_large"
"2026-05-20T12:27:26.951886","1013177364","Charmin Bath Tissue 12-Mega XL Rolls Bounty Paper Towels 6-Triple Rolls","EARN 4X POINTS","","","19.99","member price","","Charmin | Bounty","2026-05-20","2026-05-26","Household","https://f.wishabi.net/page_pdf_images/23310070/e669ee86-4e80-11f1-bd00-4a7edd877f5d/x_large"
"2026-05-20T12:27:27.144303","1013177442","Lean Cuisine Entrée 6 to 11-oz. Stouffer's Mid Tier Entrée 8.37 to 12.62-oz.","Earn 4X POINTS","","2 for","6.0","member price","","Lean Cuisine | Stouffer's","2026-05-20","2026-05-26","Frozen","https://f.wishabi.net/page_pdf_images/23310070/e2b5e8bc-4e80-11f1-bd00-4a7edd877f5d/x_large"
"2026-05-20T12:27:27.488076","1013177450","White Claw or Bear Republic 12-pack, 12-oz. or Pabst 30-pack, 12-oz.","","","","18.99","member price","","White Claw | Bear Republic | Pabst","2026-05-20","2026-05-26","Beverages","https://f.wishabi.net/page_pdf_images/23310070/ed5d5e80-4e80-11f1-bd00-4a7edd877f5d/x_large"
"2026-05-20T12:27:27.832378","1013177445","Nabisco Chips Ahoy! Cookies","EARN 4X POINTS","","","3.49","ea when you buy 2 member price","","Nabisco","2026-05-20","2026-05-26","Snacks","https://f.wishabi.net/page_pdf_images/23310070/e2cedd90-4e80-11f1-bd00-4a7edd877f5d/x_large"
"2026-05-20T12:27:28.107826","1013177447","Fresh Cut Produce","BUY 2 GET 1 FREE Member Price When you Buy 3","","","","","","","2026-05-20","2026-05-26","Produce","https://f.wishabi.net/page_pdf_images/23310070/cd2c26b4-4e80-11f1-bd00-4a7edd877f5d/x_large"
"2026-05-20T12:27:28.264348","1013177444","Broccoli Crowns","","","","2.99","lb member price","","","2026-05-20","2026-05-26","Produce","https://f.wishabi.net/page_pdf_images/23310070/dd11ca52-4e80-11f1-bd00-4a7edd877f5d/x_large"
"2026-05-20T12:27:28.452050","1013177453","Kendall-Jackson, J. Lohr or Wente Morning Fog","","","","9.99","ea member price when you buy 6 or more","","Kendall-Jackson | J. Lohr | Wente","2026-05-20","2026-05-26","Beverages","https://f.wishabi.net/page_pdf_images/23310070/ea794ab2-4e80-11f1-bd00-4a7edd877f5d/x_large"
"2026-05-20T12:27:28.619731","1013177452","Bacardi, Jose Cuervo or Fireball","","","","10.99","member price","","Bacardi| Jose Cuervo | Fireball","2026-05-20","2026-05-26","Beverages","https://f.wishabi.net/page_pdf_images/23310070/e97fd4a0-4e80-11f1-bd00-4a7edd877f5d/x_large"
"2026-05-20T12:27:28.861583","1013177448","Red Bull","EARN 4X POINTS","","","9.99","member price","","Red Bull","2026-05-20","2026-05-26","Beverages","https://f.wishabi.net/page_pdf_images/23310070/f09f96e4-4e80-11f1-bd00-4a7edd877f5d/x_large"
"2026-05-20T12:27:29.031974","1013177814","Gold Peak Tea or vitaminwater","","","","7.99","member price","","Gold Peak | vitaminwater","2026-05-20","2026-05-26","Beverages","https://f.wishabi.net/page_pdf_images/23310082/d6b7dbd8-4e80-11f1-8fe1-8efd0900c5ea/x_large"
"2026-05-20T12:27:29.364122","1013177813","Coca-cola","Buy any $15 participating products SAVE $3 with forU","","","","","","Coca-Cola","2026-05-20","2026-05-26","Beverages","https://f.wishabi.net/page_items/420239682/1778656494/extra_large.jpg"
"2026-05-20T12:27:29.620394","1013177815","smartwater 6-pack, Liter. Monster Energy Drinks 4-pack, 16-oz.","BUY 2 GET 1 FREE Member Price When you Buy 3","","","","","","smartwater | Minster","2026-05-20","2026-05-26","Beverages","https://f.wishabi.net/page_pdf_images/23310082/d4031876-4e80-11f1-8fe1-8efd0900c5ea/x_large"
"2026-05-20T12:27:29.932435","1013142249","NYC TRIP FOR TWO","","","","","","","","2026-05-20","2026-05-26","Other","https://f.wishabi.net/page_items/420289165/1778656496/extra_large.jpg"
"2026-05-20T12:27:30.161453","1014662427","Fage","","","","","","","","2026-05-20","2026-05-26","Dairy & Eggs","https://f.wishabi.net/page_items/420980577/1779223348/extra_large.jpg"
"2026-05-20T12:27:30.388017","1013229256","LUNA Bar","","","3 for","5.0","member price","","Luna","2026-05-20","2026-05-26","Snacks","https://f.wishabi.net/page_pdf_images/23310094/e287304e-4e80-11f1-87bc-6a5ede4d9731/x_large"
"2026-05-20T12:27:30.556365","1013229237","5-hour Energy Shot","","","2 for","6.0","member price","","5 Hour Energy","2026-05-20","2026-05-26","Health & Wellness","https://f.wishabi.net/page_pdf_images/23310094/e1b6f618-4e80-11f1-87bc-6a5ede4d9731/x_large"
"2026-05-20T12:27:30.798563","1013229330","M & M' s Party Size Bag","","","","16.99","member price","","M&Ms","2026-05-13","2026-05-26","Snacks","https://f.wishabi.net/page_pdf_images/23310094/e71db66e-4e80-11f1-87bc-6a5ede4d9731/x_large"
"2026-05-20T12:27:30.971095","1013229328","Red Vines Jar","","","","9.49","member price","","red vines","2026-05-20","2026-05-26","Snacks","https://f.wishabi.net/page_pdf_images/23310094/f673552e-4e80-11f1-87bc-6a5ede4d9731/x_large"
"2026-05-20T12:27:31.246120","1013229427","Signature SELECT® Food Storage","","","2 for","7.0","member price","","Signature SELECT®","2026-05-20","2026-05-26","Household","https://f.wishabi.net/page_pdf_images/23310095/d2e17064-4e80-11f1-8317-ce1d11290bf9/x_large"
"2026-05-20T12:27:31.498787","1013229438","Dove Clinical Deodorant","","","","9.99","member price","","Dove","2026-05-20","2026-05-26","Personal Care","https://f.wishabi.net/page_pdf_images/23310095/0ddff3ac-4e81-11f1-8317-ce1d11290bf9/x_large"
"2026-05-20T12:27:31.771957","1013229287","Baby Club Savings","BUY $25 SAVE $5","","","","","","","2026-05-20","2026-05-26","Other","https://f.wishabi.net/page_pdf_images/23310094/e9dc0220-4e80-11f1-87bc-6a5ede4d9731/x_large"
"2026-05-20T12:27:32.229309","1013229275","Premier Protein Shakes","","","","11.99","member price","","Premier Protein","2026-05-20","2026-05-26","Health & Wellness","https://f.wishabi.net/page_pdf_images/23310094/f18c4782-4e80-11f1-87bc-6a5ede4d9731/x_large"
"2026-05-20T12:27:32.578439","1013229401","Depend or Poise Pads","","","","17.49","ea","19.99","Depend | Poise","2026-05-20","2026-05-26","Personal Care","https://f.wishabi.net/page_pdf_images/23310095/08e1f698-4e81-11f1-8317-ce1d11290bf9/x_large"
"2026-05-20T12:27:32.936319","1013229426","Signature SELECT® Folding Beach Chair or Umbrella","25% OFF Member Price","","","","","","Signature SELECT®","2026-05-20","2026-05-26","Household","https://f.wishabi.net/page_pdf_images/23310095/1cac957a-4e81-11f1-8317-ce1d11290bf9/x_large"
"2026-05-20T12:27:33.214097","1013229366","Mr. BBQ Hershey's S'mores Tools","BUY 1 GET 1 50% OFF Member Price","","","","","","","2026-05-20","2026-05-26","Household","https://f.wishabi.net/page_pdf_images/23310095/1b1f45c2-4e81-11f1-8317-ce1d11290bf9/x_large"
"2026-05-20T12:27:33.416095","1013229389","Graduation Party Goods","25% OFF Member Price","","","","","","","2026-05-20","2026-05-26","Household","https://f.wishabi.net/page_pdf_images/23310095/17ff52ec-4e81-11f1-8317-ce1d11290bf9/x_large"
"2026-05-20T12:27:33.637594","1013229441","Summer Inflatables","25% OFF Member Price","","","","","","","2026-05-20","2026-05-26","Household","https://f.wishabi.net/page_pdf_images/23310095/14bb6d28-4e81-11f1-8317-ce1d11290bf9/x_large"
"2026-05-20T12:27:34.089481","1013247692","Hint Water Variety Pack","EARN 2X POINTS","","","11.99","member price","","Hint","2026-05-20","2026-05-26","Beverages","https://f.wishabi.net/page_items/420239812/1778656502/extra_large.jpg"
"2026-05-20T12:27:34.293605","1013247707","Duke's Mayonnaise","","","","4.99","member price","","Duke's","2026-05-20","2026-05-26","Pantry","https://f.wishabi.net/page_items/420239817/1778656504/extra_large.jpg"
"2026-05-20T12:27:34.614855","1013247699","gift cards","Earn 4x POINTS on hundreds of gift cards","","","","","","","2026-03-01","2026-05-31","Other","https://f.wishabi.net/page_items/420289166/1778656505/extra_large.jpg"
"2026-05-20T12:27:34.875438","1013247698","Post Cereal","","","","1.99","ea when you buy 4 member price","","Post","2026-05-20","2026-05-26","Pantry","https://f.wishabi.net/page_items/420239814/1778656503/extra_large.jpg"
"2026-05-20T12:27:35.171059","1013247700","Celsius","Earn 2X POINTS","","","19.99","member price","","Celsius","2026-05-20","2026-05-26","Beverages","https://f.wishabi.net/page_pdf_images/23310091/d37b02ba-4e80-11f1-a208-b6231fb52c4b/x_large"
"2026-05-20T12:27:35.407893","1013128451","Order Ahead","","","","","","","","2026-05-20","2026-05-26","Other","https://f.wishabi.net/page_items/420239829/1778656505/extra_large.jpg"
"2026-05-20T12:27:35.567489","1013142278","Fage Yogurt","EARN 4X POINTS","","","5.99","member price","","Fage","2026-05-20","2026-05-26","Dairy & Eggs","https://f.wishabi.net/page_pdf_images/23310087/d5513fe6-4e80-11f1-bef2-e60f8ac5b0f9/x_large"
"2026-05-20T12:27:36.087767","1013229260","Sour Patch or Swedish Fish Peg Bag","","","2 for","5.0","member price","","Sour Patch | Swedish Fish","2026-05-20","2026-05-26","Snacks","https://f.wishabi.net/page_pdf_images/23310094/e5a3747c-4e80-11f1-87bc-6a5ede4d9731/x_large"
"2026-05-20T12:27:36.412267","1013177309","Muffins","","","","5.99","","","","2026-05-20","2026-05-26","Bakery","https://f.wishabi.net/page_pdf_images/23310070/deeac90a-4e80-11f1-bd00-4a7edd877f5d/x_large"
"2026-05-20T12:27:36.572795","1013229374","Native Shampoo or Conditioner","Earn 4X POINTS","","","10.99","member price","","Native","2026-05-20","2026-05-26","Personal Care","https://f.wishabi.net/page_pdf_images/23310095/eecafaac-4e80-11f1-8317-ce1d11290bf9/x_large"
"2026-05-20T12:27:36.890271","1013150953","Rockstar Energy Drink","","","","1.69","ea member price","","Rockstar","2026-05-20","2026-05-26","Beverages","https://f.wishabi.net/page_items/420239740/1778656511/extra_large.jpg"
"2026-05-20T12:27:37.253834","1013229408","Kotex Biocare Liners or Pads","","","","6.99","ea","7.99","Kotex","2026-05-20","2026-05-26","Personal Care","https://f.wishabi.net/page_pdf_images/23310095/073418e4-4e81-11f1-8317-ce1d11290bf9/x_large"
"2026-05-20T12:27:37.483964","1013144355","Rold Gold Selects Party Size 16-oz. Lays or Ruffles Party Size! Chips 12.5 to 13-oz.","","","","4.99","ea member price","","Rold Gold | Lays | Ruffles","2026-05-20","2026-05-26","Snacks","https://f.wishabi.net/page_pdf_images/23310093/fa607b26-4e80-11f1-9e09-5a7277c95964/x_large"
"2026-05-20T12:27:37.724716","1013137138","New York Style Sausage","","","","4.99","ea member price","","New York","2026-05-20","2026-05-26","Meat & Seafood","https://f.wishabi.net/page_pdf_images/23310059/d08ee21a-4e80-11f1-8a63-ce5055fd825f/x_large"
"2026-05-20T12:27:38.120499","1013142201","Simply Orange Juice","","","","8.99","","","Simply Orange","2026-05-20","2026-05-26","Beverages","https://f.wishabi.net/page_pdf_images/23310082/d4c53a32-4e80-11f1-8fe1-8efd0900c5ea/x_large"
"2026-05-20T12:27:38.366363","1013229492","Pharmacy","","","","","","","","2026-05-20","2026-05-26","Health & Wellness","https://f.wishabi.net/page_items/420289161/1778656528/extra_large.jpg"
"2026-05-20T12:27:38.655608","1013227924","Freshpass®","5% off","","","","","","","2026-05-20","2026-05-26","Other","https://f.wishabi.net/page_items/420289754/1778656500/extra_large.jpg"
"2026-05-20T12:27:38.815713","1013229485","Personal care essentials","4X *U points* on personal care essentials","","","","","","","2026-05-20","2026-05-26","Personal Care","https://f.wishabi.net/page_items/420289160/1778656527/extra_large.jpg"
"2026-05-20T12:27:38.993710","1013229342","Sincerely Health","10%","","","","","","","2026-05-20","2026-05-26","Health & Wellness","https://f.wishabi.net/page_items/420289689/1778656522/extra_large.jpg"
"2026-05-20T12:27:39.307871","1013137173","Apple Pie","","","","10.99","member price","","","2026-05-20","2026-05-26","Bakery","https://f.wishabi.net/page_items/420239147/1778656496/extra_large.jpg"
"2026-05-20T12:27:39.609690","1013137179","Fresh Fruit Tart","","","","20.99","member price","","","2026-05-20","2026-05-26","Bakery","https://f.wishabi.net/page_pdf_images/23310059/d9a61f62-4e80-11f1-8a63-ce5055fd825f/x_large"
"2026-05-20T12:27:39.866658","1013137147","Reser's American Classics Salad","","","","5.0","ea member price","","Reser's","2026-05-20","2026-05-26","Deli & Prepared Foods","https://f.wishabi.net/page_pdf_images/23310059/cf63952a-4e80-11f1-8a63-ce5055fd825f/x_large"
"2026-05-20T12:27:40.055466","1013141486","Signature SELECT® Chicken Boneless Skinless Breasts, Thighs or Wings","","","","2.99","lb member price","","Signature SELECT®","2026-05-20","2026-05-26","Meat & Seafood","https://f.wishabi.net/page_pdf_images/23310067/e8b54424-4e80-11f1-a605-b65b9d01974c/x_large"
"2026-05-20T12:27:40.322684","1013141537","Artesano Bread, Buns or Rolls 13.55 to 20-oz. Signature SELECT® Toast or Raisin Bread 16 to 22-oz.","BUY 1 GET 1 FREE MEMBER PRICE WHEN YOU BUY 2","","","","","","Artesano | Signature SELECT®","2026-05-20","2026-05-26","Bakery","https://f.wishabi.net/page_pdf_images/23310067/d4de4234-4e80-11f1-a605-b65b9d01974c/x_large"
"2026-05-20T12:27:40.509293","1013142093","Cupcakes","","","","9.99","member price","","","2026-05-20","2026-05-26","Bakery","https://f.wishabi.net/page_pdf_images/23310080/e427fa50-4e80-11f1-a527-7a0eb1685987/x_large"
"2026-05-20T12:27:40.782793","1013141520","Simply Orange 46-oz. Lemonade, Juice or Gold Peak Tea 52-oz.","","","","2.99","ea member price when you buy 2","","Simply | Gold Peak Tea","2026-05-20","2026-05-26","Beverages","https://f.wishabi.net/page_pdf_images/23310067/d693f448-4e80-11f1-a605-b65b9d01974c/x_large"
"2026-05-20T12:27:41.002546","1013141522","Aidells Sausage 12-oz. Hebrew National Franks 10.3 to 12-oz. Johnsonville Sausage 19-oz. Amylu Sausage 12-oz.","BUY 1 GET 1 FREE MEMBER PRICE WHEN YOU BUY 2","","","","","","Aidells | Hebrew National | Johnsonville | Amylu","2026-05-20","2026-05-26","Meat & Seafood","https://f.wishabi.net/page_items/420239266/1778656503/extra_large.jpg"
"2026-05-20T12:27:41.329885","1013142156","Red, Orange, Yellow or Green Bell Pepper","","","5 for","5.0","member price","","","2026-05-22","2026-05-22","Produce","https://f.wishabi.net/page_pdf_images/23310080/d0a3a88a-4e80-11f1-a527-7a0eb1685987/x_large"
"2026-05-20T12:27:41.541438","1013142104","Croissant Sandwich Tray","","","Starting at","19.99","ea","","","2026-05-20","2026-05-26","Deli & Prepared Foods","https://f.wishabi.net/page_items/420239562/1778656499/extra_large.jpg"
"2026-05-20T12:27:41.900546","1013150890","Snyder's Pretzel Pieces 10 to 14.4-oz. Pretzels or Rounds 12 to 16-oz. Cape Cod Potato Chips 6.5 to 8-oz.","","","","2.99","ea member price","","Snyder's | Cape Cod","2026-05-20","2026-05-26","Snacks","https://f.wishabi.net/page_items/420239661/1778656503/extra_large.jpg"
"2026-05-20T12:27:42.116002","1013142131","Signature SELECT® Pork Spareribs","","","2 for","5.0","lb member price","","Signature SELECT®","2026-05-22","2026-05-22","Meat & Seafood","https://f.wishabi.net/page_pdf_images/23310080/d87ad68c-4e80-11f1-a527-7a0eb1685987/x_large"
"2026-05-20T12:27:42.317129","1013150901","Jimmy Dean Breakfast Sandwiches","","","","5.99","ea member price","","Jimmy Dean","2026-05-20","2026-05-26","Frozen","https://f.wishabi.net/page_items/420239670/1778656505/extra_large.jpg"
"2026-05-20T12:27:42.621086","1013144022","Ithaca Hummus","","","","3.99","ea member price","","Ithaca Hummus","2026-05-20","2026-05-26","Deli & Prepared Foods","https://f.wishabi.net/page_pdf_images/23310093/dbd6e352-4e80-11f1-9e09-5a7277c95964/x_large"
"2026-05-20T12:27:42.836600","1013142113","Fruit Tray","","","Starting at","24.99","ea","","","2026-05-20","2026-05-26","Deli & Prepared Foods","https://f.wishabi.net/page_pdf_images/23310080/e4da66b8-4e80-11f1-a527-7a0eb1685987/x_large"
"2026-05-20T12:27:43.293843","1013150949","Cutwater","","","","8.99","ea member price","","CUTWATER","2026-05-20","2026-05-26","Beverages","https://f.wishabi.net/page_items/420239706/1778656512/extra_large.jpg"
"2026-05-20T12:27:43.565829","1013136408","Coca-Cola, Pepsi, 7UP or Dr Pepper","BUY 2 GET 3 FREE Member Price When you Buy 5","","","","","","Coca-Cola | Pepsi | 7UP | Dr Pepper","2026-05-22","2026-05-25","Beverages","https://f.wishabi.net/page_items/420239020/1778656498/extra_large.jpg"
"2026-05-20T12:27:43.834547","1013141493","Sweet Corn","","","","0.1","ea member price","","","2026-05-20","2026-05-26","Produce","https://f.wishabi.net/page_items/420239229/1778656495/extra_large.jpg"
"2026-05-20T12:27:44.103095","1013142155","Ciabatta Rolls","","","2 for","5.0","member price","","","2026-05-22","2026-05-22","Bakery","https://f.wishabi.net/page_pdf_images/23310080/db141aa2-4e80-11f1-a527-7a0eb1685987/x_large"
"2026-05-20T12:27:44.359889","1013144066","Birch Benders Organic Pancake Mix","","","","4.49","member price","","Birch Benders","2026-05-20","2026-05-26","Pantry","https://f.wishabi.net/page_pdf_images/23310093/ef74e81e-4e80-11f1-9e09-5a7277c95964/x_large"
"2026-05-20T12:27:44.641676","1013144100","Bonduelle Bistro Grande Bowl","EARN 4X POINTS","","","5.99","ea member price","","Bonduelle Bistro","2026-05-20","2026-05-26","Deli & Prepared Foods","https://f.wishabi.net/page_pdf_images/23310093/fd71f402-4e80-11f1-9e09-5a7277c95964/x_large"
"2026-05-20T12:27:44.962673","1013150829","Ball Park Meat Franks 15-oz. or Hillshire Farm Sausage 12 to 14-oz.","","","","3.99","ea member price","","Ball Park | Hillshire Farm","2026-05-20","2026-05-26","Meat & Seafood","https://f.wishabi.net/page_items/420239619/1778656492/extra_large.jpg"
"2026-05-20T12:27:45.129712","1013136395","Signature SELECT® Paper Plates","","","","5.99","member price","","Signature SELECT®","2026-05-20","2026-05-26","Household","https://f.wishabi.net/page_pdf_images/23310058/d32ba120-4e80-11f1-9c00-e60adb63be1d/x_large"
"2026-05-20T12:27:45.602374","1013142127","$5 lb. Member Price Chicken Tenders Original or Nashville Hot. Potato Wedges $5 ea. Member Price St. Louis Style Ribs 10-oz. Half Rack.","","","","5.0","member price","","","2026-05-22","2026-05-22","Deli & Prepared Foods","https://f.wishabi.net/page_pdf_images/23310080/dda38f00-4e80-11f1-a527-7a0eb1685987/x_large"
"2026-05-20T12:27:45.951484","1013144088","Lindy's Italian Ice","","","2 for","6.0","member price","","Lindy's","2026-05-20","2026-05-26","Frozen","https://f.wishabi.net/page_pdf_images/23310093/f73b70ae-4e80-11f1-9e09-5a7277c95964/x_large"
"2026-05-20T12:27:46.152577","1013142132","SPAM Musubi 2-ct. Fresh Sushi Made Fresh Daily.","","","","5.0","ea member price","","","2026-05-22","2026-05-22","Deli & Prepared Foods","https://f.wishabi.net/page_pdf_images/23310080/dcd41608-4e80-11f1-a527-7a0eb1685987/x_large"
"2026-05-20T12:27:46.418311","1013144119","Screamin' Sicilian Pizza","","","","5.99","ea member price","","Screamin' Sicilian","2026-05-20","2026-05-26","Frozen","https://f.wishabi.net/page_pdf_images/23310093/fba3cbf0-4e80-11f1-9e09-5a7277c95964/x_large"
"2026-05-20T12:27:46.612437","1013142109","Graduation Lei","","","Starting at","29.99","","","","2026-05-20","2026-05-26","Floral","https://f.wishabi.net/page_pdf_images/23310080/df6de2ea-4e80-11f1-a527-7a0eb1685987/x_large"
"2026-05-20T12:27:46.823433","1013144025","Galbani Fresh Mozzarella","","","","5.99","ea member price","","Galbani","2026-05-20","2026-05-26","Dairy & Eggs","https://f.wishabi.net/page_items/420239827/1778656504/extra_large.jpg"
"2026-05-20T12:27:47.056995","1013150896","S & W Variety Beans","","","","0.99","ea member price","","S & W","2026-05-20","2026-05-26","Pantry","https://f.wishabi.net/page_items/420239640/1778656497/extra_large.jpg"
"2026-05-20T12:27:47.332743","1013229254","CLIF Bars","","","","12.99","member price","","Clif Bar","2026-05-20","2026-05-26","Snacks","https://f.wishabi.net/page_pdf_images/23310094/d4c3af14-4e80-11f1-87bc-6a5ede4d9731/x_large"
"2026-05-20T12:27:47.599133","1013229296","Jolly Rancher Ropes","","","","4.99","member price","","Jolly Rancher","2026-05-20","2026-05-26","Snacks","https://f.wishabi.net/page_pdf_images/23310094/fb34a05e-4e80-11f1-87bc-6a5ede4d9731/x_large"
"2026-05-20T12:27:47.986245","1013229456","Signature HOME™ Extra Power Eraser Pads","","","2 for","5.0","member price","","Signature Home™","2026-05-20","2026-05-26","Household","https://f.wishabi.net/page_pdf_images/23310095/db1a13f8-4e80-11f1-8317-ce1d11290bf9/x_large"
"2026-05-20T12:27:48.417246","1013150841","Entenmann's c 9 to 9.5-oz. Little Bites 7.5 to 8.25-oz.","","","2 for","5.0","member price","","Entenmann's","2026-05-20","2026-05-26","Bakery","https://f.wishabi.net/page_items/420239631/1778656495/extra_large.jpg"
"2026-05-20T12:27:48.645281","1013150877","Hidden Valley Ranch Dressing 16-oz. Kinder's Dry Rub 4.2 to 6.25-oz.","","","","3.49","ea member price","","Hidden Valley | Kinder's","2026-05-20","2026-05-26","Pantry","https://f.wishabi.net/page_items/420239652/1778656500/extra_large.jpg"
"2026-05-20T12:27:48.828465","1013150882","Red Baron Pizza","","","","3.99","ea member price","","Red Baron","2026-05-20","2026-05-26","Frozen","https://f.wishabi.net/page_items/420239658/1778656502/extra_large.jpg"
"2026-05-20T12:27:49.051341","1013150906","Downy Fabric Softener 56 to 88-oz. Liquid or r s. 12.2 to 13.2-oz. Beads. Selected varieties. y Tide Laundry Detergent 55 to 63-oz. Liquid or 18 to 31-ct. Pods. Gain Laundry Detergent 88-oz. Liquid.","","","","7.99","ea member price","","Downy | Tide | Gain","2026-05-20","2026-05-26","Household","https://f.wishabi.net/page_items/420239678/1778656509/extra_large.jpg"
"2026-05-20T12:27:49.537857","1013229434","Rubbermaid TakeAlongs Food Storage","","","","6.99","member price","","Rubbermaid","2026-05-20","2026-05-26","Household","https://f.wishabi.net/page_pdf_images/23310095/dcb9ca5a-4e80-11f1-8317-ce1d11290bf9/x_large"
"2026-05-20T12:27:49.849485","1013229397","Miralax Laxative","","","","19.99","member price","","MiraLAX","2026-05-20","2026-05-26","Health & Wellness","https://f.wishabi.net/page_pdf_images/23310095/feee0d8e-4e80-11f1-8317-ce1d11290bf9/x_large"
"2026-05-20T12:27:50.031841","1013144065","Hungry Jack Pancake Mix","","","","2.99","member price","","Hungry Jack","2026-05-20","2026-05-26","Pantry","https://f.wishabi.net/page_pdf_images/23310093/f12128bc-4e80-11f1-9e09-5a7277c95964/x_large"
"2026-05-20T12:27:50.374181","1013144086","Tattooed Chef Cottage Cheese Pizza","","","","8.99","member price","","Tattooed Chef","2026-05-20","2026-05-26","Frozen","https://f.wishabi.net/page_pdf_images/23310093/f715f234-4e80-11f1-9e09-5a7277c95964/x_large"
"2026-05-20T12:27:50.716408","1013150861","Guerrero Sonora Style Flour Burrito Tortillas","","","","3.99","ea member price","","Guerrero","2026-05-20","2026-05-26","Bakery","https://f.wishabi.net/page_items/420239643/1778656498/extra_large.jpg"
"2026-05-20T12:27:51.197014","1013144094","Blue Bunny Soft Serve Frozen Dessert","","","","3.49","member price","","Blue Bunny","2026-05-20","2026-05-26","Frozen","https://f.wishabi.net/page_pdf_images/23310093/f8d479e2-4e80-11f1-9e09-5a7277c95964/x_large"
"2026-05-20T12:27:51.461740","1013150832","Foster Farms Frozen Chicken Selections","","","","8.99","ea member price","","Foster Farms","2026-05-20","2026-05-26","Frozen","https://f.wishabi.net/page_items/420239622/1778656493/extra_large.jpg"
"2026-05-20T12:27:51.706569","1013144034","Daisy Sour Cream Squeeze","EARN 2X POINTS","","","3.49","member price","","Daisy Brand","2026-05-20","2026-05-26","Dairy & Eggs","https://f.wishabi.net/page_pdf_images/23310093/e4a01954-4e80-11f1-9e09-5a7277c95964/x_large"
"2026-05-20T12:27:52.046565","1013144036","Stonefire Naan Crisps","","","","3.99","ea member price","","Stonefire","2026-05-20","2026-05-26","Snacks","https://f.wishabi.net/page_pdf_images/23310093/e216b1ca-4e80-11f1-9e09-5a7277c95964/x_large"
"2026-05-20T12:27:52.376139","1013144077","Kodiak Cakes Frozen Power Waffles or Flapjacks","","","","4.99","member price","","Kodiak","2026-05-20","2026-05-26","Frozen","https://f.wishabi.net/page_pdf_images/23310093/f413271e-4e80-11f1-9e09-5a7277c95964/x_large"
"2026-05-20T12:27:52.727818","1013150866","Kraft Singles","","","","2.99","ea member price","","Kraft","2026-05-20","2026-05-26","Dairy & Eggs","https://f.wishabi.net/page_items/420239646/1778656499/extra_large.jpg"
"2026-05-20T12:27:53.003349","1013150884","Nature Valley Bars 5 to 6-ct. or Betty Crocker Fruit Snacks 6 to 10-ct.","","","","2.99","ea member price","","Nature Valley | Betty Crocker","2026-05-20","2026-05-26","Snacks","https://f.wishabi.net/page_items/420239664/1778656503/extra_large.jpg"
"2026-05-20T12:27:53.317247","1013150886","Ore-Ida Fries 26 to 32-oz. Tater Tots 28 to 32-oz.","","","","4.99","ea member price","","Ore-Ida","2026-05-20","2026-05-26","Frozen","https://f.wishabi.net/page_items/420239667/1778656504/extra_large.jpg"
"2026-05-20T12:27:53.555035","1013150961","Signature SELECT® refreshe® Purified Drinking Water","","","","3.99","ea member price","","Signature SELECT®","2026-05-20","2026-05-26","Beverages","https://f.wishabi.net/page_pdf_images/23310077/e8a18510-4e80-11f1-8992-1289657f05f9/x_large"
"2026-05-20T12:27:53.803678","1013229273","Boost Shakes","","","","11.99","member price","","Boost","2026-05-20","2026-05-26","Health & Wellness","https://f.wishabi.net/page_pdf_images/23310094/d997d498-4e80-11f1-87bc-6a5ede4d9731/x_large"
"2026-05-20T12:27:53.989573","1013229292","Happy Baby Pouch","","","3 for","5.0","member price","","Happy Baby","2026-05-20","2026-05-26","Pantry","https://f.wishabi.net/page_pdf_images/23310094/d63d09e4-4e80-11f1-87bc-6a5ede4d9731/x_large"
"2026-05-20T12:27:54.225728","1013229482","Gas Patio Heater","25% OFF Member Price","","","","","","","2026-05-20","2026-05-26","Household","https://f.wishabi.net/page_pdf_images/23310095/1305b2ea-4e81-11f1-8317-ce1d11290bf9/x_large"
"2026-05-20T12:27:54.578098","1013150851","St. Louis Style Ribs","","","","12.99","ea member price","","","2026-05-20","2026-05-26","Meat & Seafood","https://f.wishabi.net/page_items/420239628/1778656494/extra_large.jpg"
"2026-05-20T12:27:54.869630","1013150852","Silk Almondmilk","","","","2.99","ea member price","","Silk","2026-05-20","2026-05-26","Dairy & Eggs","https://f.wishabi.net/page_items/420239637/1778656497/extra_large.jpg"
"2026-05-20T12:27:55.339848","1013142164","CELEBRATE YOUR GRAD!","","","","","","","","2026-05-20","2026-05-26","Floral","https://f.wishabi.net/page_items/420289139/1778656513/extra_large.jpg"
"2026-05-20T12:27:55.599115","1013150876","Lucerne® Cream Cheese Spread","","","","2.99","ea member price","","Lucerne®","2026-05-20","2026-05-26","Dairy & Eggs","https://f.wishabi.net/page_items/420239649/1778656500/extra_large.jpg"
"2026-05-20T12:27:55.851742","1013229417","Summer Swim Accessories","25% OFF Member Price","","","","","","","2026-05-20","2026-05-26","Household","https://f.wishabi.net/page_items/420239952/1778656515/extra_large.jpg"
"2026-05-20T12:27:56.006146","1013142202","Powerade 8-pack, 20-oz. Topo Chico Sabores 8-pack, 12-oz.","BUY 2 GET 1 FREE When you Buy 5 Member Price","","","","","","Powerade | Topo Chico","2026-05-20","2026-05-26","Beverages","https://f.wishabi.net/page_pdf_images/23310082/d50ebd1a-4e80-11f1-8fe1-8efd0900c5ea/x_large"
"2026-05-20T12:27:56.292953","1013142206","Meatopia","","","","","","","","2026-05-20","2026-05-26","Meat & Seafood","https://f.wishabi.net/page_items/420239689/1778656498/extra_large.jpg"
"2026-05-20T12:27:56.558382","1013125419","GATORADE","EARN 4x POINTS BUY 10 GET 5 FREE MEMBER PRICE WHEN YOU BUY 15","","","","","","Gatorade","2026-05-20","2026-05-26","Beverages","https://f.wishabi.net/page_items/420239246/1778656498/extra_large.jpg"
"2026-06-03T14:42:54.367013","1016196789","Crest Scope Mouthwash","EARN 4X POINTS","","","6.99","member price","","Crest","2026-05-27","2026-06-09","Personal Care","https://f.wishabi.net/page_pdf_images/23404555/7e6db838-595e-11f1-92cb-6a0188a6f79b/x_large"
"2026-06-03T14:42:54.692768","1016196390","Nerds Gummy Clusters","EARN 4x POINTS","","2 for","4.0","member price","","Nerds","2026-06-03","2026-06-09","Snacks","https://f.wishabi.net/page_pdf_images/23404533/4fdef59a-595e-11f1-a6c0-82056eb7dfce/x_large"
"2026-06-03T14:42:54.956058","1016198737","Wonder Hot Dog or Hamburger Buns","EARN 2x POINTS","","","2.99","member price","","Wonder","2026-06-03","2026-06-09","Bakery","https://f.wishabi.net/page_pdf_images/23404541/69956f32-595e-11f1-ad53-260d34e1bdad/x_large"
"2026-06-03T14:42:55.237782","1016194233","Modelo, Sierra Nevada, Lagunitas or Stella Artois 12-pack, 11.2 to 12-oz. Lucky One 8-pack, 355-ml. Coors 18-pack, 12-oz.","","","","13.99","ea member price when you buy 2","","Modelo | Sierra Nevada | Lagunitas | Stella Artois | Lucky One | Coors","2026-06-03","2026-06-09","Beverages","https://f.wishabi.net/page_pdf_images/23404522/59ee6994-595e-11f1-a8a5-dacee4f5b59a/x_large"
"2026-06-03T14:42:55.519396","1016196443","Boar's Head Hummus","","","","4.49","ea member price","","Boar's Head","2026-06-03","2026-06-09","Deli & Prepared Foods","https://f.wishabi.net/page_pdf_images/23404533/45fe7046-595e-11f1-a6c0-82056eb7dfce/x_large"
"2026-06-03T14:42:55.774896","1016196448","Taylor Farms Chopped Salad Kit 7.3 to 13.5-oz. Fresh Express Chopped Salad Kit 6.7 to 13.3-oz.","","","","3.99","ea member price when you buy 2","","Taylor Farms | Fresh Express","2026-06-03","2026-06-09","Produce","https://f.wishabi.net/page_items/421888216/1779848638/extra_large.jpg"
"2026-06-03T14:42:56.070336","1016198943","Briette Brie","","","","3.99","ea member price","","Briette","2026-06-03","2026-06-09","Dairy & Eggs","https://f.wishabi.net/page_pdf_images/23404554/78e3e95a-595e-11f1-9e68-56f6c9cabe85/x_large"
"2026-06-03T14:42:56.446024","1016198949","Pete & Gerry's Free Range Organic Eggs","","","","6.99","ea member price","","Pete & Gerry's","2026-06-03","2026-06-09","Dairy & Eggs","https://f.wishabi.net/page_pdf_images/23404552/702ef836-595e-11f1-8c63-ea06bfdb36d4/x_large"
"2026-06-03T14:42:56.792967","1016196825","Mr. Clean Shower & Tub Starter Kit","EARN 4X POINTS","","","12.99","member price","","Mr. Clean","2026-05-27","2026-06-09","Household","https://f.wishabi.net/page_pdf_images/23404555/96cb3004-595e-11f1-92cb-6a0188a6f79b/x_large"
"2026-06-03T14:42:57.196609","1016197159","Kind Protein Bars 8.8-oz. Mini Bars 10-ct., 7-oz.","","","","8.99","member price","","Kind","2026-05-27","2026-06-09","Snacks","https://f.wishabi.net/page_pdf_images/23404556/72228bd0-595e-11f1-9c62-fe8ad4cad3fc/x_large"
"2026-06-03T14:42:57.735907","1016196722","Head & Shoulders Bare or Herbal Essences Hair Care","EARN 4x POINTS","","","9.99","member price","","Head & Shoulders | Herbal Essences","2026-05-27","2026-06-09","Personal Care","https://f.wishabi.net/page_pdf_images/23404555/7d8f1218-595e-11f1-92cb-6a0188a6f79b/x_large"
"2026-06-03T14:42:58.032780","1016196812","Dove or Dove Men Care Whole Body Deodorant, Shampoo or Conditioner","EARN 4X POINTS","","","12.99","member price","","Dove","2026-05-27","2026-06-09","Personal Care","https://f.wishabi.net/page_pdf_images/23404555/7ae7039a-595e-11f1-92cb-6a0188a6f79b/x_large"
"2026-06-03T14:42:58.444671","1016197200","Signature SELECT® Stack Chairs","25% OFF Member Price","","","","","","Signature SELECT","2026-06-03","2026-06-09","Household","https://f.wishabi.net/page_pdf_images/23404556/7399b4e8-595e-11f1-9c62-fe8ad4cad3fc/x_large"
"2026-06-03T14:42:58.737402","1016197248","Igloo Profile II Cooler","25% OFF Member Price","","","","","","Igloo","2026-06-03","2026-06-09","Household","https://f.wishabi.net/page_pdf_images/23404556/72f0b988-595e-11f1-9c62-fe8ad4cad3fc/x_large"
"2026-06-03T14:42:59.130621","1016197279","Tylenol Extra Strength Pain Relief","","","","14.99","member price","","Tylenol","2026-05-27","2026-06-09","Health & Wellness","https://f.wishabi.net/page_pdf_images/23404556/880ad2ea-595e-11f1-9c62-fe8ad4cad3fc/x_large"
"2026-06-03T14:42:59.474766","1016198665","Pringles Chips","","","3 for","5.0","member price","","Pringles","2026-06-05","2026-06-05","Snacks","https://f.wishabi.net/page_pdf_images/23404541/6fe8e40e-595e-11f1-ad53-260d34e1bdad/x_large"
"2026-06-03T14:42:59.733069","1016198692","Green or Red Seedless Grapes","","","3 lbs for","5.0","member price","","","2026-06-05","2026-06-05","Produce","https://f.wishabi.net/page_pdf_images/23404541/64dfe30a-595e-11f1-ad53-260d34e1bdad/x_large"
"2026-06-03T14:43:00.007986","1016194296","Sweet Corn","","","3 for","1.0","member price","","","2026-06-03","2026-06-09","Produce","https://f.wishabi.net/page_pdf_images/23404522/56089b9c-595e-11f1-a8a5-dacee4f5b59a/x_large"
"2026-06-03T14:43:00.413672","1016196471","Large Navel Oranges","","","","1.69","lb member price","","","2026-06-03","2026-06-09","Produce","https://f.wishabi.net/page_pdf_images/23404533/4cd9db1c-595e-11f1-a6c0-82056eb7dfce/x_large"
"2026-06-03T14:43:00.795653","1016196756","Dove Shampoo or Conditioner","EARN 4X POINTS","","","6.99","member price","","Dove","2026-05-27","2026-06-09","Personal Care","https://f.wishabi.net/page_pdf_images/23404555/83bcab96-595e-11f1-92cb-6a0188a6f79b/x_large"
"2026-06-03T14:43:01.068117","1016196427","Muffins","","","","4.99","member price","","","2026-06-03","2026-06-09","Bakery","https://f.wishabi.net/page_pdf_images/23404533/493475b2-595e-11f1-a6c0-82056eb7dfce/x_large"
"2026-06-03T14:43:01.388604","1016197145","Ensure Max Protein Shakes","","","","14.99","member price","","Ensure","2026-05-27","2026-06-09","Health & Wellness","https://f.wishabi.net/page_pdf_images/23404556/7fe03290-595e-11f1-9c62-fe8ad4cad3fc/x_large"
"2026-06-03T14:43:01.744901","1016197208","Q-Tips Cotton Swabs","","","","5.99","member price","","Q-tips","2026-05-27","2026-06-09","Personal Care","https://f.wishabi.net/page_pdf_images/23404556/8ba4b01a-595e-11f1-9c62-fe8ad4cad3fc/x_large"
"2026-06-03T14:43:02.074159","1016196716","Venus Glide, Intimates Razor or Cartridges","EARN 4x POINTS","","","15.99","member price","","Venus","2026-06-03","2026-06-09","Personal Care","https://f.wishabi.net/page_items/421888694/1779848636/extra_large.jpg"
"2026-06-03T14:43:02.459636","1016196807","Lysol Toilet Bowl Cleaner","EARN 4X POINTS","","","3.99","member price","","Lysol","2026-05-27","2026-06-09","Household","https://f.wishabi.net/page_pdf_images/23404555/98c342ca-595e-11f1-92cb-6a0188a6f79b/x_large"
"2026-06-03T14:43:02.824246","1016197126","Lifesavers or Skittles Candy","","","","2.49","member price","","Lifesavers | Skittles","2026-05-27","2026-06-09","Snacks","https://f.wishabi.net/page_pdf_images/23404556/7f472528-595e-11f1-9c62-fe8ad4cad3fc/x_large"
"2026-06-03T14:43:03.116179","1016194207","Best Foods Mayonnaise","EARN 4x POINTS","","","3.99","ea member price","","Best Foods","2026-06-03","2026-06-09","Pantry","https://f.wishabi.net/page_items/421888108/1779848633/extra_large.jpg"
"2026-06-03T14:43:03.436034","1016194224","Ruffles, Doritos, SunChips or Smartfood","","","","2.49","ea member price when you buy 4","","Ruffles | Doritos | SunChips | Smartfood","2026-06-03","2026-06-09","Snacks","https://f.wishabi.net/page_pdf_images/23404522/4b6e2b70-595e-11f1-a8a5-dacee4f5b59a/x_large"
"2026-06-03T14:43:03.679491","1016196460","Cookies","","","Starting at","4.99","","","","2026-06-03","2026-06-09","Bakery","https://f.wishabi.net/page_pdf_images/23404533/4bafeda8-595e-11f1-a6c0-82056eb7dfce/x_large"
"2026-06-03T14:43:03.920504","1016196706","L'Oréal Root Coverup Spray","EARN 4X POINTS","","","12.99","member price","","L'Oréal","2026-05-27","2026-06-09","Personal Care","https://f.wishabi.net/page_pdf_images/23404555/8ddd8dca-595e-11f1-92cb-6a0188a6f79b/x_large"
"2026-06-03T14:43:04.299154","1016196771","Earth's Best Organic Snacks","EARN 4X POINTS","","","4.49","member price","","Earth's Best Organic","2026-05-27","2026-06-09","Snacks","https://f.wishabi.net/page_pdf_images/23404555/8c0a096a-595e-11f1-92cb-6a0188a6f79b/x_large"
"2026-06-03T14:43:04.633954","1016196834","Febreze PLUG Scented Oil Warmer","EARN 4x POINTS","","","4.99","member price","","Febreze","2026-06-03","2026-06-09","Household","https://f.wishabi.net/page_pdf_images/23404555/9aaa6398-595e-11f1-92cb-6a0188a6f79b/x_large"
"2026-06-03T14:43:04.955299","1016197116","Twizzlers or Jolly Rancher Ropes","","","","4.99","member price","","Twizzlers | Jolly Rancher","2026-05-27","2026-06-09","Snacks","https://f.wishabi.net/page_pdf_images/23404556/7df436ac-595e-11f1-9c62-fe8ad4cad3fc/x_large"
"2026-06-03T14:43:05.286670","1016198723","Spindrift Sparkling Water","EARN 2x POINTS","","","6.49","member price","","Spindrift","2026-06-03","2026-08-25","Beverages","https://f.wishabi.net/page_pdf_images/23404541/5e4496c6-595e-11f1-ad53-260d34e1bdad/x_large"
"2026-06-03T14:43:05.580950","1016196777","Poise Pads","Earn 4x POINTS","","","17.49","ea","19.99","Poise","2026-06-03","2026-06-09","Health & Wellness","https://f.wishabi.net/page_pdf_images/23404555/8f9bc62c-595e-11f1-92cb-6a0188a6f79b/x_large"
"2026-06-03T14:43:05.834826","1016196813","Tampax Pearl Tampons","Earn 4x POINTS","","","10.99","ea","11.99","Tampax","2026-06-03","2026-06-09","Personal Care","https://f.wishabi.net/page_pdf_images/23404555/9e23f034-595e-11f1-92cb-6a0188a6f79b/x_large"
"2026-06-03T14:43:06.121017","1016197104","Signature SELECT® Food Storage","","","2 for","7.0","member price","","Signature SELECT","2026-05-27","2026-06-09","Household","https://f.wishabi.net/page_pdf_images/23404556/89d3534a-595e-11f1-9c62-fe8ad4cad3fc/x_large"
"2026-06-03T14:43:06.494676","1016197119","AirHeads Bites","","","2 for","5.0","member price","","Airheads","2026-05-27","2026-06-09","Snacks","https://f.wishabi.net/page_pdf_images/23404556/90b00636-595e-11f1-9c62-fe8ad4cad3fc/x_large"
"2026-06-03T14:43:06.824259","1016197158","Rubbermaid TakeAlongs Food Storage","","","","5.99","member price","","Rubbermaid","2026-05-27","2026-06-09","Household","https://f.wishabi.net/page_pdf_images/23404556/876f3736-595e-11f1-9c62-fe8ad4cad3fc/x_large"
"2026-06-03T14:43:07.176193","1016197187","Summer Swim Accessories","25% OFF Member Price","","","","","","","2026-05-27","2026-06-09","Other","https://f.wishabi.net/page_pdf_images/23404556/7c2b2d08-595e-11f1-9c62-fe8ad4cad3fc/x_large"
"2026-06-03T14:43:07.482659","1016197221","Lindor Truffle Stand-Up Bag","","","","13.99","member price","","Lindor","2026-05-27","2026-06-09","Snacks","https://f.wishabi.net/page_pdf_images/23404556/7acf2b12-595e-11f1-9c62-fe8ad4cad3fc/x_large"
"2026-06-03T14:43:07.877252","1016198889","Bear Naked Granola","","","","5.49","ea member price","","Bear Naked","2026-06-03","2026-06-09","Pantry","https://f.wishabi.net/page_pdf_images/23404554/7a052484-595e-11f1-9e68-56f6c9cabe85/x_large"
"2026-06-03T14:43:08.286832","1016198907","Frito-Lay Variety Pack","","","","9.99","ea member price","","Frito Lay","2026-06-03","2026-06-09","Snacks","https://f.wishabi.net/page_pdf_images/23404554/7e2bdeea-595e-11f1-9e68-56f6c9cabe85/x_large"
"2026-06-03T14:43:08.566644","1016198912","Geisha Mandarin Oranges","","","2 for","5.0","member price","","GEISHA","2026-06-03","2026-06-09","Pantry","https://f.wishabi.net/page_pdf_images/23404554/76c61e86-595e-11f1-9e68-56f6c9cabe85/x_large"
"2026-06-03T14:43:08.898746","1016198926","Lactaid Milk","","","","3.99","ea member price","","LACTAID®","2026-06-03","2026-06-09","Dairy & Eggs","https://f.wishabi.net/page_pdf_images/23404554/8036c1b4-595e-11f1-9e68-56f6c9cabe85/x_large"
"2026-06-03T14:43:09.282682","1016198971","Kellogg's Giant Size Cereal","","","","5.99","ea member price","","Kellogg's","2026-06-03","2026-06-09","Pantry","https://f.wishabi.net/page_pdf_images/23404554/7d014e10-595e-11f1-9e68-56f6c9cabe85/x_large"
"2026-06-03T14:43:09.704574","1016199086","Daisy Sour Cream","","","2 for","5.0","member price","","Daisy","2026-06-03","2026-06-09","Dairy & Eggs","https://f.wishabi.net/page_pdf_images/23404554/70b01bb4-595e-11f1-9e68-56f6c9cabe85/x_large"
"2026-06-03T14:43:10.123131","1016194190","Strawberries","","","","4.99","ea member price","","","2026-06-03","2026-06-09","Produce","https://f.wishabi.net/page_pdf_images/23404522/3f14afa2-595e-11f1-a8a5-dacee4f5b59a/x_large"
"2026-06-03T14:43:10.428736","1016194213","Waterfront Bistro® Colossal Raw Shrimp","","","","7.99","lb member price","","WATERFRONT BISTRO®","2026-06-03","2026-06-09","Meat & Seafood","https://f.wishabi.net/page_items/421888131/1779848637/extra_large.jpg"
"2026-06-03T14:43:10.733417","1016194273","USDA Choice Boneless Beef Top Sirloin Steak","","","","6.99","lb member price","","","2026-06-03","2026-06-09","Meat & Seafood","https://f.wishabi.net/page_items/421888139/1779848639/extra_large.jpg"
"2026-06-03T14:43:11.114638","1016194222","Personal Seedless Watermelon or Cantaloupe","BUY 1 GET 1 FREE Member Price When you Buy 2","","","","","","","2026-06-03","2026-06-09","Produce","https://f.wishabi.net/page_pdf_images/23404522/54d7ca40-595e-11f1-a8a5-dacee4f5b59a/x_large"
"2026-06-03T14:43:11.473509","1016194275","Sargento Shredded or Sliced Cheese","","","","1.99","ea member price","","Sargento","2026-06-03","2026-06-09","Dairy & Eggs","https://f.wishabi.net/page_items/421888112/1779848634/extra_large.jpg"
"2026-06-03T14:43:11.727084","1016194283","Signature SELECT® 90% Lean Ground Beef","","","","6.99","lb member price","","Signature SELECT","2026-06-03","2026-06-09","Meat & Seafood","https://f.wishabi.net/page_pdf_images/23404522/577f92c8-595e-11f1-a8a5-dacee4f5b59a/x_large"
"2026-06-03T14:43:11.986923","1016196404","Mission Soft Taco Tortillas","EARN 4x POINTS","","","3.99","member price","","Mission","2026-06-03","2026-06-09","Bakery","https://f.wishabi.net/page_pdf_images/23404533/51024eae-595e-11f1-a6c0-82056eb7dfce/x_large"
"2026-06-03T14:43:12.264615","1016197271","Pharmacy","20 off","","","","","","","2026-06-03","2026-06-09","Health & Wellness","https://f.wishabi.net/page_items/421888763/1779848653/extra_large.jpg"
"2026-06-03T14:43:12.648611","1016198928","Olipop Sparkling Tonic","","","","1.99","ea member price","","Olipop","2026-06-03","2026-06-09","Beverages","https://f.wishabi.net/page_pdf_images/23404554/73886616-595e-11f1-9e68-56f6c9cabe85/x_large"
"2026-06-03T14:43:12.996859","1016199001","Greek Gods Yogurt","","","","3.99","member price","","The Greek Gods","2026-06-03","2026-06-09","Dairy & Eggs","https://f.wishabi.net/page_pdf_images/23404554/71a4aa1c-595e-11f1-9e68-56f6c9cabe85/x_large"
"2026-06-03T14:43:13.332848","1016223309","Pepperidge Farm Milano, Sweet & Simple or Chunk Cookies","","","","2.99","ea member price","","Pepperidge Farm","2026-06-03","2026-06-09","Snacks","https://f.wishabi.net/page_items/421888340/1779848635/extra_large.jpg"
"2026-06-03T14:43:13.680155","1016223329","Pilgrim's Crispy Chicken","","","","4.49","ea member price","","Pilgrim's","2026-06-03","2026-06-09","Frozen","https://f.wishabi.net/page_items/421888350/1779848637/extra_large.jpg"
"2026-06-03T14:43:13.950206","1016197241","Haribo Gummies","","","2 for","4.0","member price","","Haribo","2026-05-27","2026-06-09","Snacks","https://f.wishabi.net/page_pdf_images/23404556/798e6024-595e-11f1-9c62-fe8ad4cad3fc/x_large"
"2026-06-03T14:43:14.346967","1016197294","Dawn Sponges","","","","3.99","member price","","Dawn","2026-05-27","2026-06-09","Household","https://f.wishabi.net/page_pdf_images/23404556/86141014-595e-11f1-9c62-fe8ad4cad3fc/x_large"
"2026-06-03T14:43:14.611143","1016198688","Corn Dog, Pizza Stix or Beef & Bean Burrito","","","5 for","5.0","member price","","","2026-06-05","2026-06-05","Frozen","https://f.wishabi.net/page_items/421888509/1779848643/extra_large.jpg"
"2026-06-03T14:43:14.857015","1016198727","Frito-Lay Flavor Mix","EARN 2X POINTS","","","19.99","member price","","Frito-Lay","2026-06-03","2026-08-25","Snacks","https://f.wishabi.net/page_pdf_images/23404541/6b0bf958-595e-11f1-ad53-260d34e1bdad/x_large"
"2026-06-03T14:43:15.222198","1016198738","Blueberries","","","","5.0","ea member price","","","2026-06-05","2026-06-05","Produce","https://f.wishabi.net/page_pdf_images/23404541/5dd0d9de-595e-11f1-ad53-260d34e1bdad/x_large"
"2026-06-03T14:43:15.437642","1016198786","Frito-Lay® AND Quaker® products*","SAVE $5 with for u When you spend $20 or more on participating Frito-Lay® AND Quaker® products*","","","","","","Frito-Lay® | Quaker","2026-05-27","2026-07-07","Snacks","https://f.wishabi.net/page_items/421888529/1779848630/extra_large.jpg"
"2026-06-03T14:43:15.785449","1016198835","Gatorade","","","","9.99","member price","","Gatorade","2026-06-03","2026-08-25","Beverages","https://f.wishabi.net/page_items/421888532/1779848632/extra_large.jpg"
"2026-06-03T14:43:16.073579","1016198904","La Tortilla Factory Carb Cutting Tortillas","","","","4.99","member price","","La Tortilla Factory","2026-06-03","2026-06-09","Pantry","https://f.wishabi.net/page_pdf_images/23404554/77c82a5e-595e-11f1-9e68-56f6c9cabe85/x_large"
"2026-06-03T14:43:16.386844","1016199142","Shamrock Rockin' Protein Milk","EARN 2X POINTS","","","3.99","member price","","Shamrock","2026-06-03","2026-08-25","Dairy & Eggs","https://f.wishabi.net/page_items/421888687/1779848642/extra_large.jpg"
"2026-06-03T14:43:16.752477","1016223274","Vitali","","","","7.99","ea member price","","Vitali","2026-06-03","2026-06-09","Other","https://f.wishabi.net/page_items/421888321/1779848629/extra_large.jpg"
"2026-06-03T14:43:17.197431","1016194239","Kellogg's Cereal","EARN 4X POINTS","","","1.99","ea member price","","Kellogg's","2026-06-03","2026-06-09","Pantry","https://f.wishabi.net/page_items/421888082/1779848629/extra_large.jpg"
"2026-06-03T14:43:17.467345","1016196504","Shrimp Skewer","","","5 for","5.0","member price","","","2026-06-03","2026-06-09","Meat & Seafood","https://f.wishabi.net/page_pdf_images/23404533/49c84a58-595e-11f1-a6c0-82056eb7dfce/x_large"
"2026-06-03T14:43:17.697303","1016196551","Decorated Cake","","","","30.99","","","","2026-06-03","2026-06-09","Bakery","https://f.wishabi.net/page_pdf_images/23404533/4a36b7ae-595e-11f1-a6c0-82056eb7dfce/x_large"
"2026-06-03T14:43:17.991689","1016196559","ReadyMeals® Snacker","BUY 2 GET 1 FREE Member Price When you Buy 3","","","","","","ReadyMeals®","2026-06-03","2026-06-09","Deli & Prepared Foods","https://f.wishabi.net/page_pdf_images/23404533/4b5fa8ca-595e-11f1-a6c0-82056eb7dfce/x_large"
"2026-06-03T14:43:18.286084","1016196695","Sun Bum Spray Sunscreen","EARN 4X POINTS","","","17.99","member price","","Sun Bum","2026-05-27","2026-06-09","Health & Wellness","https://f.wishabi.net/page_pdf_images/23404555/7f4f98c0-595e-11f1-92cb-6a0188a6f79b/x_large"
"2026-06-03T14:43:18.627981","1016196711","L' Oréal Preference Hair Color","EARN 4x POINTS","","","14.99","member price","","L'Oréal","2026-05-27","2026-06-09","Personal Care","https://f.wishabi.net/page_pdf_images/23404555/8989c036-595e-11f1-92cb-6a0188a6f79b/x_large"
"2026-06-03T14:43:18.869902","1016196778","Pantene or Aussie Hair Care","EARN 4x POINTS","","","5.99","member price","","Pantene | Aussie","2026-05-27","2026-06-09","Personal Care","https://f.wishabi.net/page_pdf_images/23404555/7cb34b98-595e-11f1-92cb-6a0188a6f79b/x_large"
"2026-06-03T14:43:19.135085","1016197160","Boost High Protein Shakes","","","","10.99","member price","","Boost","2026-06-03","2026-06-09","Health & Wellness","https://f.wishabi.net/page_pdf_images/23404556/78d732f0-595e-11f1-9c62-fe8ad4cad3fc/x_large"
"2026-06-03T14:43:19.507589","1016198886","Darigold Chocolate or Fit Milk 59-oz. Cottage Cheese 24-oz.","EARN 2X POINTS","","","4.99","member price","","Darigold","2026-06-03","2026-08-25","Dairy & Eggs","https://f.wishabi.net/page_items/421888776/1779848631/extra_large.jpg"
"2026-06-03T14:43:19.798700","1016198909","Dogsters Ice Cream","","","","3.99","member price","","Dogsters","2026-06-03","2026-06-09","Frozen","https://f.wishabi.net/page_pdf_images/23404554/831cb226-595e-11f1-9e68-56f6c9cabe85/x_large"
"2026-06-03T14:43:20.109612","1016223346","Challenge or Danish Creamery Butter","","","","3.99","ea member price","","Challenge | Danish Creamery","2026-06-03","2026-06-09","Dairy & Eggs","https://f.wishabi.net/page_items/421888357/1779848640/extra_large.jpg"
"2026-06-03T14:43:20.408018","1016198921","Sensible Portions Veggie Straws or Chips","","","2 for","7.0","member price","","Sensible Portions","2026-06-03","2026-06-09","Snacks","https://f.wishabi.net/page_pdf_images/23404554/7b125a90-595e-11f1-9e68-56f6c9cabe85/x_large"
"2026-06-03T14:43:20.815025","1016198980","Califia Farms Organic Almondmilk, Soymilk or Coconutmilk","","","","4.99","member price","","Califia Farms","2026-06-03","2026-06-09","Beverages","https://f.wishabi.net/page_items/421888632/1779848632/extra_large.jpg"
"2026-06-03T14:43:21.125667","1016196505","Signature SELECT® Lilies","","","","12.99","","","Signature SELECT®","2026-06-03","2026-06-09","Floral","https://f.wishabi.net/page_pdf_images/23404533/4bfd3ee6-595e-11f1-a6c0-82056eb7dfce/x_large"
"2026-06-03T14:43:21.449853","1016196738","Stayfree Ultra Thin Pads","EARN 4X POINTS","","","6.99","ea","7.99","Stayfree","2026-05-27","2026-06-09","Personal Care","https://f.wishabi.net/page_pdf_images/23404555/92427b6e-595e-11f1-92cb-6a0188a6f79b/x_large"
"2026-06-03T14:43:21.782026","1016196801","Pampers Easy Ups Super Pack","EARN 4x POINTS","","","27.99","ea","30.99","Pampers","2026-06-03","2026-06-09","Personal Care","https://f.wishabi.net/page_pdf_images/23404555/9ef5bd30-595e-11f1-92cb-6a0188a6f79b/x_large"
"2026-06-03T14:43:22.098012","1016196823","Happy Tot Baby Pouch","EARN 4x POINTS","","3 for","5.0","member price","","Happy Tot","2026-05-27","2026-06-09","Pantry","https://f.wishabi.net/page_pdf_images/23404555/91458724-595e-11f1-92cb-6a0188a6f79b/x_large"
"2026-06-03T14:43:22.344909","1016196836","Pedialyte Electrolyte Solution","EARN 4x POINTS","","","5.49","member price","","Pedialyte","2026-05-27","2026-06-09","Health & Wellness","https://f.wishabi.net/page_pdf_images/23404555/8ebf267c-595e-11f1-92cb-6a0188a6f79b/x_large"
"2026-06-03T14:43:22.630482","1016196860","Swiffer PowerMop Mopping Kit","Earn 4x POINTS","","","26.99","ea","34.99","Swiffer","2026-05-27","2026-06-09","Household","https://f.wishabi.net/page_pdf_images/23404555/95e92254-595e-11f1-92cb-6a0188a6f79b/x_large"
"2026-06-03T14:43:22.940698","1016197189","Premier Protein Value Pack","","","","26.99","member price","","Premier Protein","2026-05-27","2026-06-09","Health & Wellness","https://f.wishabi.net/page_pdf_images/23404556/7719219e-595e-11f1-9c62-fe8ad4cad3fc/x_large"
"2026-06-03T14:43:23.346343","1016197266","BBQ Tools or Accessories","BUY 1 GET 1 50% OFF Member Price","","","","","","","2026-05-27","2026-06-09","Household","https://f.wishabi.net/page_pdf_images/23404556/7cbeb96a-595e-11f1-9c62-fe8ad4cad3fc/x_large"
"2026-06-03T14:43:23.612704","1016196540","Signature SELECT® Gourmet Beef Burger Patties","EARN 2x POINTS","","","9.99","ea member price","","Signature SELECT","2026-06-03","2026-06-09","Meat & Seafood","https://f.wishabi.net/page_pdf_images/23404533/488b372c-595e-11f1-a6c0-82056eb7dfce/x_large"
"2026-06-03T14:43:23.919266","1016198882","Clover Organic Milk","EARN 2x POINTS","","","5.99","member price","","CLOVER","2026-06-03","2026-06-09","Dairy & Eggs","https://f.wishabi.net/page_items/421888631/1779848631/extra_large.jpg"
"2026-06-03T14:43:24.293402","1016198919","Cheetos, Rold Gold Selects or Simply Cheetos","","","","4.99","ea member price","","Cheetos | Rold Gold |Simply","2026-06-03","2026-06-09","Snacks","https://f.wishabi.net/page_pdf_images/23404554/7e33c222-595e-11f1-9e68-56f6c9cabe85/x_large"
"2026-06-03T14:43:24.601358","1016198958","Tazo Tea Concentrate","","","","4.49","member price","","Tazo","2026-06-03","2026-06-09","Beverages","https://f.wishabi.net/page_pdf_images/23404554/84fc4ad4-595e-11f1-9e68-56f6c9cabe85/x_large"
"2026-06-03T14:43:24.843564","1016199035","JonnyPops Popsicles","","","","5.99","member price","","JonnyPops","2026-06-03","2026-06-09","Frozen","https://f.wishabi.net/page_pdf_images/23404554/8126c8c6-595e-11f1-9e68-56f6c9cabe85/x_large"
"2026-06-03T14:43:25.098904","1016199106","Perfect Bar Mini","","","","7.99","ea member price","","Perfect Bar","2026-06-03","2026-06-09","Health & Wellness","https://f.wishabi.net/page_pdf_images/23404554/749432ce-595e-11f1-9e68-56f6c9cabe85/x_large"
"2026-06-03T14:43:25.460069","1016196833","Old Spice Deodorant","Earn 4x POINTS","","","7.99","member price","","Old Spice","2026-06-03","2026-06-09","Personal Care","https://f.wishabi.net/page_pdf_images/23404555/8562c7fa-595e-11f1-92cb-6a0188a6f79b/x_large"
"2026-06-03T14:43:25.701836","1016226804","Freshpass","5% off","","","","","","","2026-06-03","2026-06-09","Other","https://f.wishabi.net/page_items/421888688/1779848630/extra_large.jpg"
"2026-06-03T14:43:26.042311","1016198820","Keebler Sandwich Crackers 8-pack, 1.38-oz. Kellogg's Nutri Grain Bars 8 to 10-ct. Protein Pop Tarts 8-ct. Rice Krispies Treats 8-ct. Special K Bars 6-ct.","","","","2.49","ea member price","","Keebler | Kellogg's","2026-06-03","2026-06-09","Snacks","https://f.wishabi.net/page_items/421888527/1779848630/extra_large.jpg"
"2026-06-03T14:43:26.397330","1016198693","Chicken Tenders Original or Nashville Hot, Signature SELECT® Classic Salad 32 to 48-oz. Selected varieties, Chicken Nuggets 20-ct.","","","","5.0","member price","","","2026-06-05","2026-06-05","Deli & Prepared Foods","https://f.wishabi.net/page_items/421888512/1779848644/extra_large.jpg"
"2026-06-03T14:43:26.674701","1016198660","Lucerne® Yogurt","","","","2.69","member price","","Lucerne","2026-06-03","2026-08-25","Dairy & Eggs","https://f.wishabi.net/page_pdf_images/23404541/67b5ae5c-595e-11f1-ad53-260d34e1bdad/x_large"
"2026-06-03T14:43:26.937970","1016198887","Sargento String or Stick Cheese 9 to 12-oz. or Shareables 6-oz.","EARN 2x POINTS","","","4.99","member price","","Sargento","2026-06-03","2026-06-09","Dairy & Eggs","https://f.wishabi.net/page_items/421888634/1779848633/extra_large.jpg"
"2026-06-03T14:43:27.331428","1016196410","Nutella Hazelnut or Peanut Spread","Earn 4x POINTS","","","1.99","member price","","Nutella","2026-06-03","2026-06-09","Pantry","https://f.wishabi.net/page_pdf_images/23404533/4ebfc266-595e-11f1-a6c0-82056eb7dfce/x_large"
"2026-06-03T14:43:27.597968","1016198731","Fresh Sushi","FREE smartwater with Purchase","","","5.0","ea member price","","","2026-06-05","2026-06-05","Deli & Prepared Foods","https://f.wishabi.net/page_items/421888507/1779848642/extra_large.jpg"
"2026-06-03T14:43:28.055264","1016196538","Graduation Balloon","","","Starting at","6.99","","","","2026-06-03","2026-06-09","Floral","https://f.wishabi.net/page_pdf_images/23404533/4aaca810-595e-11f1-a6c0-82056eb7dfce/x_large"
"2026-06-03T14:43:28.294252","1016197180","Signature SELECT® Wood Bench with Foldable Table","25% OFF Member Price","","","","","","Signature SELECT®","2026-05-27","2026-06-09","Household","https://f.wishabi.net/page_pdf_images/23404556/74e78c44-595e-11f1-9c62-fe8ad4cad3fc/x_large"
"2026-06-03T14:43:28.582809","1016199187","Gas Rewards","","","","","","","","2026-06-03","2026-06-09","Other","https://f.wishabi.net/page_items/421888686/1779848641/extra_large.jpg"
"2026-06-03T14:43:28.982194","1016198703","Price Lock","","","","","","","","2026-06-03","2026-06-09","Other","https://f.wishabi.net/page_items/421899604/1779848646/extra_large.jpg"
"2026-06-03T14:43:29.240645","1016190408","Rockstar Energy Drink","BUY 2 GET 2 FREE When you Buy 4 Member Price","","","","","","Rockstar","2026-06-03","2026-06-09","Beverages","https://f.wishabi.net/page_items/421899601/1779848632/extra_large.jpg"
"2026-06-03T14:43:29.515962","1016198666","Dave's Killer Bagels or English Muffins","","","","5.0","ea member price","","Dave's Killer","2026-06-05","2026-06-05","Bakery","https://f.wishabi.net/page_pdf_images/23404541/5f486160-595e-11f1-ad53-260d34e1bdad/x_large"
"2026-06-03T14:43:29.856835","1016196798","Neutrogena Sun Care","EARN 4X POINTS","","","13.99","member price","","Neutrogena","2026-05-27","2026-06-09","Personal Care","https://f.wishabi.net/page_pdf_images/23404555/80376e7a-595e-11f1-92cb-6a0188a6f79b/x_large"
"2026-06-03T14:43:30.260025","1016196717","Dove Bar Soap","EARN 4x POINTS","","","11.99","member price","","Dove","2026-05-27","2026-06-09","Personal Care","https://f.wishabi.net/page_pdf_images/23404555/791386ec-595e-11f1-92cb-6a0188a6f79b/x_large"
"2026-06-03T14:43:30.516609","1016197162","SmartSweets Candy","","","2 for","7.0","member price","","SmartSweets","2026-05-27","2026-06-09","Snacks","https://f.wishabi.net/page_pdf_images/23404556/83063c80-595e-11f1-9c62-fe8ad4cad3fc/x_large"
"2026-06-03T14:43:30.808691","1016198673","Signature SELECT® Lunchmeat or Dibrova Sausage 16-oz. Niman Ranch Sausage 12-oz.","","","","5.0","ea member price","","Signature SELECT | Dibrova | Niman","2026-06-05","2026-06-05","Meat & Seafood","https://f.wishabi.net/page_pdf_images/23404541/6db1dace-595e-11f1-ad53-260d34e1bdad/x_large"
"2026-06-03T14:43:31.137140","1016196740","Dove or Axe Deodorant","EARN 4X POINTS","","","6.99","member price","","Dove | Axe","2026-05-27","2026-06-09","Personal Care","https://f.wishabi.net/page_pdf_images/23404555/864bff06-595e-11f1-92cb-6a0188a6f79b/x_large"
"2026-06-03T14:43:31.464246","1016190395","White Claw, Athletic or Party Bomb","","","","19.99","member price","","White Claw | Athletic | Party Bomb","2026-06-03","2026-06-09","Beverages","https://f.wishabi.net/page_pdf_images/23404533/53b15c94-595e-11f1-a6c0-82056eb7dfce/x_large"
"2026-06-03T14:43:31.739975","1016190317","Signature SELECT® Potato Chips","","","","1.88","member price","","Signature SELECT®","2026-06-03","2026-06-09","Snacks","https://f.wishabi.net/page_pdf_images/23404522/526f7f14-595e-11f1-a8a5-dacee4f5b59a/x_large"
"2026-06-03T14:43:31.953142","1016190391","Josh Cellars Whites, Joel Gott or Ferrari-Carano Fumé Blanc","","","","9.99","ea member price when you buy 6 or more","","Josh Cellars Whites | Joel Gott | Ferrari-Carano","2026-06-03","2026-06-09","Beverages","https://f.wishabi.net/page_pdf_images/23404533/54951236-595e-11f1-a6c0-82056eb7dfce/x_large"
"2026-06-03T14:43:32.159634","1016190397","Malibu, Jim Beam or Sauza","—$3 OFF BUY 2 Spirits SAVE $6†","","","10.99","ea member price when you buy 2","13.99","Malibu | Jim Beam | Sauza","2026-06-03","2026-06-09","Beverages","https://f.wishabi.net/page_pdf_images/23404533/5363b28c-595e-11f1-a6c0-82056eb7dfce/x_large"
"2026-06-03T14:43:32.499802","1016194280","Foster Farms Simply Raised Boneless Skinless Chicken Breasts, Thin Sliced or Tenders","BUY 1 GET 1 FREE Member Price When you Buy 2","","","","","","Foster Farms","2026-06-03","2026-06-09","Meat & Seafood","https://f.wishabi.net/page_pdf_images/23404522/51c49ed2-595e-11f1-a8a5-dacee4f5b59a/x_large"
"2026-06-03T14:43:32.730430","1016194200","Nabisco Snack Crackers 3.5 to 9.1-oz. Ritz Crackers 8.8 to 13.7-oz. Ritz Toasted Chips 7 to 8.1-oz. Chips Ahoy! Cookies 9.5 to 13-oz. belVita Breakfast Biscuits 5 to 8.8-oz.","EARN 4x POINTS","","","2.49","ea member price when you buy 2","","Nabisco | belVita","2026-06-03","2026-06-09","Snacks","https://f.wishabi.net/page_pdf_images/23404522/46b9da20-595e-11f1-a8a5-dacee4f5b59a/x_large"
"2026-06-03T14:43:32.954625","1016194291","Sun-Maid Raisin Bread 16-oz. Oroweat Variety Bread 24-oz.","BUY 1 GET 1 FREE When you Buy 2 Member Price","","","","","","Sun-Maid | Oroweat","2026-06-03","2026-06-09","Bakery","https://f.wishabi.net/page_pdf_images/23404522/492f05d2-595e-11f1-a8a5-dacee4f5b59a/x_large"
"2026-06-03T14:43:33.357362","1016194274","BONELESS CHICKEN WINGS","","","","6.99","lb member price","","","2026-06-08","2026-06-08","Deli & Prepared Foods","https://f.wishabi.net/page_pdf_images/23404522/4ff7433e-595e-11f1-a8a5-dacee4f5b59a/x_large"
"2026-06-03T14:43:33.664169","1016194284","Tillamook Ice Cream 1.5-qt. Ice Cream Bars 4-pack.","Earn 4x POINTS","","","3.99","ea member price when you buy 2","","Tillamook","2026-06-03","2026-06-09","Frozen","https://f.wishabi.net/page_pdf_images/23404522/49bb1676-595e-11f1-a8a5-dacee4f5b59a/x_large"
"2026-06-03T14:43:34.035080","1016194223","Butterball 93% Lean Ground Turkey","","","","4.99","ea member price","","Butterball","2026-06-03","2026-06-09","Meat & Seafood","https://f.wishabi.net/page_pdf_images/23404522/56ed442c-595e-11f1-a8a5-dacee4f5b59a/x_large"
"2026-06-03T14:43:34.382182","1016194267","Pepsi or 7UP 12-pack, 12-oz. cans. Pepsi 6-pack, 16.9-oz. bottles. 7UP 8-pack, 12-oz. bottles. Pure Leaf 6-pack, 16.9-oz. Selected varieties.","BUY 2 GET 2 FREE Member Price When you Buy 4, EARN 4x POINTS","","","","","","Pepsi | 7UP | Pure Leaf","2026-06-03","2026-06-09","Beverages","https://f.wishabi.net/page_pdf_images/23404522/47d54b7e-595e-11f1-a8a5-dacee4f5b59a/x_large"
"2026-06-03T14:43:34.827566","1016194249","Chobani Creamer 24-oz. or Lucerne® Milk Gallon.","","","","3.99","ea member price","","Chobani | Lucerne®","2026-06-03","2026-06-09","Dairy & Eggs","https://f.wishabi.net/page_items/421888090/1779848631/extra_large.jpg"
"2026-06-03T14:43:35.222075","1016194254","Signature SELECT® or Bonduelle Salad Bowl","","","","1.99","ea member price","","Signature SELECT® | Bonduelle","2026-06-03","2026-06-09","Produce","https://f.wishabi.net/page_items/421888143/1779848640/extra_large.jpg"
"2026-06-03T14:43:35.467180","1016196496","Van de Kamp's Seafood Selections","","","","5.99","ea member price","","Van de Kamps","2026-06-03","2026-06-09","Frozen","https://f.wishabi.net/page_pdf_images/23404533/4e127a48-595e-11f1-a6c0-82056eb7dfce/x_large"
"2026-06-03T14:43:35.828658","1016196525","Fresh Wild Caught Copper River Sockeye Salmon Fillet","MARKET PRICE","","","","","","","2026-06-03","2026-06-09","Meat & Seafood","https://f.wishabi.net/page_pdf_images/23404533/4d9a7b9c-595e-11f1-a6c0-82056eb7dfce/x_large"
"2026-06-03T14:43:36.135502","1016196519","Hatfield Marinated Pork","","","","7.99","ea member price","","Hatfield","2026-06-03","2026-06-09","Meat & Seafood","https://f.wishabi.net/page_pdf_images/23404533/482cd470-595e-11f1-a6c0-82056eb7dfce/x_large"
"2026-06-03T14:43:36.562993","1016196493","Artisan Garlic Bread","","","","3.99","member price","","","2026-06-03","2026-06-09","Bakery","https://f.wishabi.net/page_pdf_images/23404533/4c82a5c2-595e-11f1-a6c0-82056eb7dfce/x_large"
"2026-06-03T14:43:36.930656","1016196498","Rosie Organic Boneless Skinless Chicken Breasts","","","","8.99","lb member price","","","2026-06-03","2026-06-09","Meat & Seafood","https://f.wishabi.net/page_pdf_images/23404533/47498f30-595e-11f1-a6c0-82056eb7dfce/x_large"
"2026-06-03T14:43:37.253010","1016190393","Duckhorn Sauvignon Blanc, La Crema Sonoma Pinot Noir or Whispering Angel Rosé","","","","18.89","ea member price when you buy 6 or more","","Duckhorn | La Crema | Whispering Angel","2026-06-03","2026-06-09","Beverages","https://f.wishabi.net/page_pdf_images/23404533/52e39318-595e-11f1-a6c0-82056eb7dfce/x_large"
"2026-06-03T14:43:37.532522","1016196555","Large Mango","","","4 for","5.0","member price","","","2026-06-03","2026-06-09","Produce","https://f.wishabi.net/page_pdf_images/23404533/4b07daa0-595e-11f1-a6c0-82056eb7dfce/x_large"
"2026-06-03T14:43:37.843909","1016196518","Large Fuji Apples","","","","1.99","lb member price","","","2026-06-03","2026-06-09","Produce","https://f.wishabi.net/page_pdf_images/23404533/4c2eed88-595e-11f1-a6c0-82056eb7dfce/x_large"
"2026-06-03T14:43:38.073039","1016196438","Cooked Perfect Meatballs","","","","9.99","ea member price","","Cooked Perfect","2026-06-03","2026-06-09","Frozen","https://f.wishabi.net/page_pdf_images/23404533/48b6a592-595e-11f1-a6c0-82056eb7dfce/x_large"
"2026-06-03T14:43:38.390556","1016196607","Cucumber","","","4 for","5.0","","","","2026-06-03","2026-06-09","Produce","https://f.wishabi.net/page_pdf_images/23404533/4d12af3c-595e-11f1-a6c0-82056eb7dfce/x_large"
"2026-06-03T14:43:38.703797","1016196610","Signature SELECT® Coffee","EARN 4x POINTS","","","9.99","member price","","Signature SELECT®","2026-06-03","2026-06-09","Beverages","https://f.wishabi.net/page_pdf_images/23404533/50a2b584-595e-11f1-a6c0-82056eb7dfce/x_large"
"2026-06-03T14:43:39.004303","1016196856","Huggies Baby Wipes","Earn 4x POINTS","","","7.99","member price","","Huggies","2026-05-27","2026-06-09","Personal Care","https://f.wishabi.net/page_pdf_images/23404555/8bf6ac08-595e-11f1-92cb-6a0188a6f79b/x_large"
"2026-06-03T14:43:39.286838","1016196694","Colgate Total Toothpaste","EARN 4x POINTS","","","7.99","member price","","Colgate","2026-05-27","2026-06-09","Personal Care","https://f.wishabi.net/page_pdf_images/23404555/93e49d80-595e-11f1-92cb-6a0188a6f79b/x_large"
"2026-06-03T14:43:39.605056","1016196608","Capri Sun","EARN 4x POINTS","","","4.49","member price","","Capri Sun","2026-06-03","2026-06-09","Beverages","https://f.wishabi.net/page_pdf_images/23404533/54bb658a-595e-11f1-a6c0-82056eb7dfce/x_large"
"2026-06-03T14:43:40.001398","1016196851","Cetaphil Skin Cleanser or Lotion","EARN 4x POINTS","","","17.99","member price","","Cetaphil","2026-06-03","2026-06-09","Personal Care","https://f.wishabi.net/page_pdf_images/23404555/89762f12-595e-11f1-92cb-6a0188a6f79b/x_large"
"2026-06-03T14:43:40.277401","1016196828","Baby Club Savings","BUY $25 SAVE $5","","","","","","","2026-06-03","2026-06-09","Other","https://f.wishabi.net/page_pdf_images/23404555/9fe31724-595e-11f1-92cb-6a0188a6f79b/x_large"
"2026-06-03T14:43:40.626743","1016196800","Dove Body Wash","EARN 4x POINTS","","","8.99","member price","","Dove","2026-06-03","2026-06-09","Personal Care","https://f.wishabi.net/page_pdf_images/23404555/762e070e-595e-11f1-92cb-6a0188a6f79b/x_large"
"2026-06-03T14:43:40.993895","1016196867","TRESemmé Hair Styling Aides or Dove Deodorant","EARN 4x POINTS","","","8.99","member price","","TRESemmé | Dove","2026-05-27","2026-06-09","Personal Care","https://f.wishabi.net/page_pdf_images/23404555/7a24e30a-595e-11f1-92cb-6a0188a6f79b/x_large"
"2026-06-03T14:43:41.250522","1016197092","Claritin Allergy Relief","","","","12.99","member price","","Claritin","2026-05-27","2026-06-09","Health & Wellness","https://f.wishabi.net/page_pdf_images/23404556/8cdfbfec-595e-11f1-9c62-fe8ad4cad3fc/x_large"
"2026-06-03T14:43:41.489642","1016197267","CLIF or LUNA Bars","EARN 4X POINTS","","","6.99","member price","","CLIF | LUNA","2026-05-27","2026-06-09","Snacks","https://f.wishabi.net/page_pdf_images/23404556/8e1e7a9c-595e-11f1-9c62-fe8ad4cad3fc/x_large"
"2026-06-03T14:43:41.802939","1016197278","Dial Liquid Hand Soap Refill","","","","7.49","ea","9.49","Dial","2026-06-03","2026-06-09","Personal Care","https://f.wishabi.net/page_pdf_images/23404556/88aa3c18-595e-11f1-9c62-fe8ad4cad3fc/x_large"
"2026-06-03T14:43:42.070936","1016197234","NatureMade or Nature's Truth Vitamins","BUY 1 GET 1 FREE When you Buy 2 Member Price","","","","","","NatureMade | Nature's Truth","2026-05-27","2026-06-09","Health & Wellness","https://f.wishabi.net/page_pdf_images/23404556/77a448fa-595e-11f1-9c62-fe8ad4cad3fc/x_large"
"2026-06-03T14:43:42.393672","1016197251","Summer Inflatables","25% OFF Member Price","","","","","","","2026-05-27","2026-06-09","Household","https://f.wishabi.net/page_pdf_images/23404556/70c2d5ec-595e-11f1-9c62-fe8ad4cad3fc/x_large"
"2026-06-03T14:43:42.673967","1016197268","Signature SELECT® 5-Piece Patio Set","25% OFF Member Price","","","","","","Signature SELECT®","2026-05-27","2026-06-09","Household","https://f.wishabi.net/page_pdf_images/23404556/7502cf9a-595e-11f1-9c62-fe8ad4cad3fc/x_large"
"2026-06-03T14:43:42.956935","1016197282","Gas Patio Heater","25% OFF Member Price","","","","","","","2026-06-03","2026-06-09","Household","https://f.wishabi.net/page_pdf_images/23404556/83a37630-595e-11f1-9c62-fe8ad4cad3fc/x_large"
"2026-06-03T14:43:43.227280","1016197188","Sensodyne Toothpaste","","","","7.99","member price","","Sensodyne","2026-05-27","2026-06-09","Personal Care","https://f.wishabi.net/page_pdf_images/23404556/8c434612-595e-11f1-9c62-fe8ad4cad3fc/x_large"
"2026-06-03T14:43:43.444481","1016198681","Yerba Madre","EARN 2x POINTS","","2 for","6.0","member price","","Yerba Madre","2026-06-03","2026-08-25","Beverages","https://f.wishabi.net/page_pdf_images/23404541/60c509b2-595e-11f1-ad53-260d34e1bdad/x_large"
"2026-06-03T14:43:43.847890","1016198730","Signature SELECT® Soda or Seltzer 2-ltr. Selected varieties. Crystal Geyser Alpine Spring Water Gallon.","","","4 for","5.0","member price","","Signature SELECT® | Crystal Geyser","2026-06-05","2026-06-05","Beverages","https://f.wishabi.net/page_pdf_images/23404541/70531162-595e-11f1-ad53-260d34e1bdad/x_large"
"2026-06-03T14:43:44.165448","1016198720","Kellogg's Eggo Waffles","","","2 for","5.0","member price","","Kellogg's","2026-06-05","2026-06-05","Frozen","https://f.wishabi.net/page_pdf_images/23404541/6c665d48-595e-11f1-ad53-260d34e1bdad/x_large"
"2026-06-03T14:43:44.413763","1016198667","Firefly Ridge or Meridian","","","","5.0","ea member price","","Firefly Ridge | Meridian","2026-06-05","2026-06-05","Beverages","https://f.wishabi.net/page_pdf_images/23404541/71555cbe-595e-11f1-ad53-260d34e1bdad/x_large"
"2026-06-03T14:43:44.900758","1016198726","Waterfront Bistro® Large Raw Shrimp or Peeled & Deveined Large Shrimp","","","","5.0","lb member price","","WATERFRONT BISTRO®","2026-06-05","2026-06-05","Meat & Seafood","https://f.wishabi.net/page_pdf_images/23404541/63c8371a-595e-11f1-ad53-260d34e1bdad/x_large"
"2026-06-03T14:43:45.123355","1016198671","Lamb Weston Idaho Potatoes","EARN 2x POINTS","","","4.99","member price","","Lamb Weston","2026-06-03","2026-08-25","Frozen","https://f.wishabi.net/page_pdf_images/23404541/6ae5c94a-595e-11f1-ad53-260d34e1bdad/x_large"
"2026-06-03T14:43:45.514849","1016198932","Yerba Madre","EARN 2x POINTS","","2 for","6.0","member price","","Yerba Madre","2026-06-03","2026-06-09","Beverages","https://f.wishabi.net/page_items/421888777/1779848632/extra_large.jpg"
"2026-06-03T14:43:45.787459","1016198951","Post Cereal","","","","1.99","ea member price when you buy 3","","Post","2026-06-03","2026-06-09","Pantry","https://f.wishabi.net/page_items/421888625/1779848631/extra_large.jpg"
"2026-06-03T14:43:46.198158","1016223335","McCormick Taco or Brown Gravy Seasoning Mix","EARN 4X POINTS","","","0.69","ea member price","","McCormick","2026-06-03","2026-06-09","Pantry","https://f.wishabi.net/page_items/421888354/1779848639/extra_large.jpg"
"2026-06-03T14:43:46.494436","1016223352","Hormel Natural Choice Lunchmeat","","","","3.99","ea member price","","Hormel","2026-06-03","2026-06-09","Meat & Seafood","https://f.wishabi.net/page_items/421888372/1779848644/extra_large.jpg"
"2026-06-03T14:43:46.784136","1016223304","San Luis Sourdough Bread","","","","4.99","ea member price","","San Luis","2026-06-03","2026-06-09","Bakery","https://f.wishabi.net/page_items/421888336/1779848633/extra_large.jpg"
"2026-06-03T14:43:47.104898","1016223283","Signature SELECT® Orange Juice","","","","3.49","ea member price","","Signature SELECT™","2026-06-03","2026-06-09","Beverages","https://f.wishabi.net/page_items/421888325/1779848630/extra_large.jpg"
"2026-06-03T14:43:47.468141","1016223296","Chobani Greek or Zero Sugar Yogurt 4-pack, 5.3-oz. 20G Protein Yogurt 4-pack, 6.7-oz.","EARN 4X POINTS","","","3.49","ea member price","","Chobani","2026-06-03","2026-06-09","Dairy & Eggs","https://f.wishabi.net/page_items/421888334/1779848633/extra_large.jpg"
"2026-06-03T14:43:47.836186","1016223297","Nestlé Outshine Fruit Bars 4 to 6-ct. Frollies Bars 6-ct.","EARN 4x POINTS","","","2.99","ea member price","","Nestlé | Frollies","2026-06-03","2026-06-09","Frozen","https://f.wishabi.net/page_pdf_images/23404538/5e5df99a-595e-11f1-9a93-52c4cf2696ea/x_large"
"2026-06-03T14:43:48.212490","1016223356","Jimmy Dean Breakfast Sandwiches","","","","5.99","ea member price","","Jimmy Dean","2026-06-03","2026-06-09","Frozen","https://f.wishabi.net/page_items/421888363/1779848641/extra_large.jpg"
"2026-06-03T14:43:48.458807","1016223366","Open Nature® Snow Crab Clusters","","","","24.99","ea member price","","OPEN NATURE®","2026-06-03","2026-06-09","Meat & Seafood","https://f.wishabi.net/page_items/421888366/1779848642/extra_large.jpg"
"2026-06-03T14:43:48.844719","1016223367","Safeway for u","","","","","","","","2026-06-03","2026-06-09","Other","https://f.wishabi.net/page_items/421888382/1779848647/extra_large.jpg"
"2026-06-03T14:43:49.090368","1016223383","Nestlé Drumstick","EARN 4X POINTS","","","5.99","ea member price","","Nestle","2026-06-03","2026-06-09","Frozen","https://f.wishabi.net/page_items/421888379/1779848646/extra_large.jpg"
"2026-06-03T14:43:49.337769","1016223278","all Laundry Detergent 73-oz. Liquid. or 39-ct. Pacs. Persil 84-oz. Liquid. or 42-ct. Pacs.","","","","8.99","ea member price","","all | Persil","2026-06-03","2026-06-09","Household","https://f.wishabi.net/page_items/421888323/1779848629/extra_large.jpg"
"2026-06-03T14:43:49.724047","1016223319","Kraft PowerMac, Deluxe or Restaurant Edition Mac & Cheese","","","","2.99","ea member price","","Kraft","2026-06-03","2026-06-09","Pantry","https://f.wishabi.net/page_items/421888347/1779848637/extra_large.jpg"
"2026-06-03T14:43:50.062623","1016223318","Michelob 24-pack, 12-oz. Selected varieties. Coors, Bud or Miller 30-pack, 12-oz.","","","","22.99","ea member price","","Michelob | Coors | Bud | Miller","2026-06-03","2026-06-09","Beverages","https://f.wishabi.net/page_items/421888338/1779848634/extra_large.jpg"
"2026-06-03T14:43:50.470840","1016223375","Herdez Salsa 16-oz. or Hormel Chili 15-oz.","","","","1.99","ea member price","","Hormel","2026-06-03","2026-06-09","Pantry","https://f.wishabi.net/page_items/421888331/1779848632/extra_large.jpg"
"2026-06-03T14:43:50.828463","1016223389","7UP or Snapple Tea","","","","3.49","ea member price","","7UP | Snapple Tea","2026-06-03","2026-06-09","Beverages","https://f.wishabi.net/page_items/421888575/1779848646/extra_large.jpg"
"2026-06-03T14:43:51.104898","1016223361","Mini Babybel Snacking Cheese","","","","5.99","ea member price","","MIni Babybel","2026-06-03","2026-06-09","Dairy & Eggs","https://f.wishabi.net/page_items/421888369/1779848643/extra_large.jpg"
"2026-06-03T14:43:51.351584","1016223370","Silk Almondmilk 64-oz. International Delight Creamer 32-oz. Too Good Creamer 25.4-oz.","EARN 4X POINTS","","","2.99","ea member price","","Silk | International Delight | Too Good","2026-06-03","2026-06-09","Dairy & Eggs","https://f.wishabi.net/page_items/421888375/1779848644/extra_large.jpg"
"2026-06-03T14:43:51.686892","1016223391","Monster","Earn 4x POINTS","","","23.99","ea member price","","Monster","2026-06-03","2026-06-09","Beverages","https://f.wishabi.net/page_items/421888576/1779848646/extra_large.jpg"
"2026-06-03T14:43:52.070721","1016223392","BODYARMOR, smartwater, vitaminwater, Powerade or Coca-Cola Hecho en Mexico","EARN 4X POINTS","","","1.69","ea member price","","BODYARMOR | smartwater | vitaminwater | Powerade | Coca-Cola","2026-06-03","2026-06-09","Beverages","https://f.wishabi.net/page_items/421888577/1779848647/extra_large.jpg"
"2026-06-03T14:43:52.388080","1016223390","Brawny Paper Towels 6-Double Rolls. Selected varieties. Quilted Northern 12-Mega Rolls. Angel Soft Bath Tissue 16-Mega Rolls.","","","","11.99","ea member price","","Brawny | Quilted Northern | Angel Soft","2026-06-03","2026-06-09","Household","https://f.wishabi.net/page_items/421888574/1779848645/extra_large.jpg"
"2026-06-03T14:43:52.656840","1016198743","Open Nature® Water Crackers","EARN 2X POINTS","","","3.99","ea member price","","Open Nature","2026-06-03","2026-08-25","Pantry","https://f.wishabi.net/page_pdf_images/23404541/6825c390-595e-11f1-ad53-260d34e1bdad/x_large"
"2026-06-03T14:43:53.021305","1016197211","Signature SELECT® Bar Height Patio Set","25% OFF Member Price","","","","","","Signature SELECT","2026-06-03","2026-06-09","Other","https://f.wishabi.net/page_pdf_images/23404556/74503c4a-595e-11f1-9c62-fe8ad4cad3fc/x_large"
"2026-06-03T14:43:53.272406","1016197222","RXBAR","EARN 4X POINTS","","2 for","6.0","member price","","RxBars","2026-06-03","2026-06-09","Snacks","https://f.wishabi.net/page_pdf_images/23404556/8d7e736c-595e-11f1-9c62-fe8ad4cad3fc/x_large"
"2026-06-03T14:43:53.495629","1016197236","Signature SELECT® 9-Foot Patio Umbrella","25% OFF Member Price","","","","","","Signature SELECT","2026-05-27","2026-06-09","Other","https://f.wishabi.net/page_pdf_images/23404556/75b9f530-595e-11f1-9c62-fe8ad4cad3fc/x_large"
"2026-06-03T14:43:53.864810","1016198871","Horizon Organic Milk","","","","5.99","member price","","Horizon","2026-06-03","2026-06-09","Dairy & Eggs","https://f.wishabi.net/page_pdf_images/23404554/7293f644-595e-11f1-9e68-56f6c9cabe85/x_large"
"2026-06-03T14:43:54.287110","1016196815","Air Wick Scented Oil Refills","EARN 4x POINTS","","","6.99","member price","","Air Wick","2026-06-03","2026-06-09","Household","https://f.wishabi.net/page_items/421888722/1779848658/extra_large.jpg"
"2026-06-03T14:43:54.559994","1016197156","OFF! Insect Repellent","","","","11.49","member price","","Off!","2026-05-27","2026-06-09","Personal Care","https://f.wishabi.net/page_pdf_images/23404556/6f6ba160-595e-11f1-9c62-fe8ad4cad3fc/x_large"
"2026-06-03T14:43:54.945414","1016223378","Kettle Potato Chips","EARN 4X POINTS","","","1.99","ea member price","","Kettle","2026-06-03","2026-06-09","Snacks","https://f.wishabi.net/page_items/421888344/1779848636/extra_large.jpg"
"2026-06-03T14:43:55.362985","1016198668","Lovely Rose Bouquet","","","","5.0","ea member price","","","2026-06-05","2026-06-05","Floral","https://f.wishabi.net/page_pdf_images/23404541/66220d6a-595e-11f1-ad53-260d34e1bdad/x_large"
"2026-06-03T14:43:55.671079","1016197237","Charbroil 4-Burner Pro Gas Grill","25% OFF Member Price","","","","","","CharBroil","2026-05-27","2026-06-09","Household","https://f.wishabi.net/page_pdf_images/23404556/75a125e6-595e-11f1-9c62-fe8ad4cad3fc/x_large"
"2026-06-03T14:43:56.050895","1016196612","Jelly Belly Jelly Beans","EARN 4X POINTS","","","3.49","member price","","Jelly Belly","2026-06-03","2026-06-09","Snacks","https://f.wishabi.net/page_pdf_images/23404533/50437b82-595e-11f1-a6c0-82056eb7dfce/x_large"
"2026-06-03T14:43:56.282918","1016198690","Single Donut","","","5 for","5.0","member price","","","2026-06-05","2026-06-05","Bakery","https://f.wishabi.net/page_pdf_images/23404541/6efc6c50-595e-11f1-ad53-260d34e1bdad/x_large"
"2026-06-03T14:43:56.661858","1016196720","Huggies Little Movers, Snugglers or Goodnites Giga Pack","","","","30.99","ea","34.99","Huggies | Goodnites","2026-05-27","2026-06-09","Personal Care","https://f.wishabi.net/page_pdf_images/23404555/9aafbe6a-595e-11f1-92cb-6a0188a6f79b/x_large"
"2026-06-03T14:43:57.056027","1016197153","Mentos Curvy Bottle Gum","","","","4.49","member price","","Mentos","2026-05-27","2026-06-09","Snacks","https://f.wishabi.net/page_pdf_images/23404556/7ea9d958-595e-11f1-9c62-fe8ad4cad3fc/x_large"
"2026-06-03T14:43:57.425747","1016196479","Rose Presentation Bouquet","","","","24.99","","","","2026-06-03","2026-06-09","Floral","https://f.wishabi.net/page_pdf_images/23404533/4ca65562-595e-11f1-a6c0-82056eb7dfce/x_large"
"2026-06-03T14:43:57.704844","1016196565","Broccoli Crowns","","","","2.99","lb member price","","","2026-06-03","2026-06-09","Produce","https://f.wishabi.net/page_pdf_images/23404533/4adf7736-595e-11f1-a6c0-82056eb7dfce/x_large"
"2026-06-03T14:43:57.982019","1016196414","Lay's Potato Chips or Poppables 5 to 8-oz. Doritos or Cheetos Minis 3.62 to 5.12-oz.","EARN 4X POINTS, BUY 1 GET 1 FREE Member Price When you Buy 2","","","","","","Lay's | Poppables | Doritos | Cheetos","2026-06-03","2026-06-09","Snacks","https://f.wishabi.net/page_pdf_images/23404533/4e97a100-595e-11f1-a6c0-82056eb7dfce/x_large"
"2026-06-03T14:43:58.311898","1016223339","Keebler Cookies","EARN 4X POINTS","","","1.49","ea member price","","Keebler","2026-06-03","2026-06-09","Snacks","https://f.wishabi.net/page_items/421888360/1779848641/extra_large.jpg"
"2026-06-03T14:43:58.604599","1016197098","Lysol Disinfecting Wipes","","","","4.99","member price","","Lysol","2026-05-27","2026-06-09","Household","https://f.wishabi.net/page_pdf_images/23404556/84463a96-595e-11f1-9c62-fe8ad4cad3fc/x_large"
"2026-06-03T14:43:58.819818","1016196613","Lemon","","","","0.99","ea","","","2026-06-03","2026-06-09","Produce","https://f.wishabi.net/page_pdf_images/23404533/4d4828ec-595e-11f1-a6c0-82056eb7dfce/x_large"
"2026-06-03T14:43:59.046485","1016196745","TRESemmé Shampoo or Conditioner","EARN 4X POINTS","","","7.99","member price","","TRESemmé","2026-05-27","2026-06-09","Personal Care","https://f.wishabi.net/page_pdf_images/23404555/8493deae-595e-11f1-92cb-6a0188a6f79b/x_large"
"2026-06-03T14:43:59.382107","1016196754","Band-Aid Bandages","EARN 4x POINTS","","","6.49","member price","","Band-Aid","2026-05-27","2026-06-09","Health & Wellness","https://f.wishabi.net/page_pdf_images/23404555/97b43718-595e-11f1-92cb-6a0188a6f79b/x_large"
"2026-06-03T14:43:59.729095","1016197138","FitCrunch Bars","","","","6.99","ea","7.99","FITCRUNCH","2026-05-27","2026-06-09","Snacks","https://f.wishabi.net/page_pdf_images/23404556/77bd5336-595e-11f1-9c62-fe8ad4cad3fc/x_large"
"2026-06-03T14:44:00.054669","1016197181","Mike & Ike or Hot Tamales Theater Boxes","","","","1.49","member price","","Mike & Ike | Hot Tamales","2026-05-27","2026-06-09","Snacks","https://f.wishabi.net/page_pdf_images/23404556/810fd9f4-595e-11f1-9c62-fe8ad4cad3fc/x_large"
"2026-06-03T14:44:00.464330","1016198707","Signature SELECT® Boneless Pork Top Loin Chops","EARN 2X POINTS","","","3.99","lb member price","","Signature SELECT®","2026-06-03","2026-08-25","Meat & Seafood","https://f.wishabi.net/page_pdf_images/23404541/672e7fb8-595e-11f1-ad53-260d34e1bdad/x_large"
"2026-06-03T14:44:00.736649","1016198811","Essentia Water","EARN 2X POINTS","","2 for","4.0","member price","","Essentia","2026-06-03","2026-08-25","Beverages","https://f.wishabi.net/page_items/421888531/1779848631/extra_large.jpg"
"2026-06-03T14:44:01.580929","1016198754","Foster Farms Chicken Party Wings","","","","5.0","ea member price","","Foster Farms","2026-06-05","2026-06-05","Meat & Seafood","https://f.wishabi.net/page_pdf_images/23404541/655425c6-595e-11f1-ad53-260d34e1bdad/x_large"
"2026-06-03T14:44:01.808581","1016197112","Muscle Milk Shakes","EARN 4X POINTS","","","9.99","member price","","MUSCLE MILK","2026-06-03","2026-06-09","Beverages","https://f.wishabi.net/page_pdf_images/23404556/8f575686-595e-11f1-9c62-fe8ad4cad3fc/x_large"
"2026-06-03T14:44:02.203178","1016196442","National Doughnut Day Bouquet","","","","14.99","","","","2026-06-03","2026-06-09","Floral","https://f.wishabi.net/page_pdf_images/23404533/496de888-595e-11f1-a6c0-82056eb7dfce/x_large"
"2026-06-03T14:44:02.468914","1016196396","McCormick Grill Mates Seasoning","EARN 4X POINTS","","2 for","3.0","member price","","McCormick","2026-06-03","2026-06-09","Pantry","https://f.wishabi.net/page_pdf_images/23404533/4f68ed00-595e-11f1-a6c0-82056eb7dfce/x_large"
"2026-06-03T14:44:02.683991","1016197300","Summer Party Goods","","","3 for","5.0","member price","","","2026-05-27","2026-06-09","Household","https://f.wishabi.net/page_pdf_images/23404556/6dec3782-595e-11f1-9c62-fe8ad4cad3fc/x_large"
"2026-06-03T14:44:03.165520","1016196420","Hass Avocado","","","3 for","5.0","member price","","","2026-06-03","2026-06-09","Produce","https://f.wishabi.net/page_pdf_images/23404533/4674f7fc-595e-11f1-a6c0-82056eb7dfce/x_large"
"2026-06-03T14:44:03.479763","1016196753","Dove Dry Spray Deodorant","EARN 4x POINTS","","","9.99","member price","","Dove","2026-05-27","2026-06-09","Personal Care","https://f.wishabi.net/page_pdf_images/23404555/7727fd90-595e-11f1-92cb-6a0188a6f79b/x_large"
"2026-06-03T14:44:03.705819","1016197111","Imodium A-D or Pepcid Heartburn Relief","","","","17.99","member price","","Imodium | Pepcid","2026-05-27","2026-06-09","Health & Wellness","https://f.wishabi.net/page_pdf_images/23404556/876964be-595e-11f1-9c62-fe8ad4cad3fc/x_large"
"2026-06-03T14:44:03.928964","1016196774","Playtex Tampons","","","","7.99","ea","9.99","Playtex","2026-05-27","2026-06-09","Personal Care","https://f.wishabi.net/page_pdf_images/23404555/9d4e178e-595e-11f1-92cb-6a0188a6f79b/x_large"
"2026-06-03T14:44:04.349003","1016198742","Signature SELECT® Pork Shoulder Country Style Ribs or Blade Steak","","","2 lbs for","5.0","member price","","Signature SELECT®","2026-06-05","2026-06-05","Meat & Seafood","https://f.wishabi.net/page_pdf_images/23404541/6b6f3d42-595e-11f1-ad53-260d34e1bdad/x_large"
"2026-06-03T14:44:04.744147","1016196530","Boar's Head EverRoast Chicken Breast","","","","12.99","lb member price","","Boar's Head","2026-06-03","2026-06-09","Deli & Prepared Foods","https://f.wishabi.net/page_items/421888287/1779848651/extra_large.jpg"
"2026-06-03T14:44:04.973957","1016198716","Wish-Bone Salad Dressing 15-oz. Vlasic Pickles 24-oz. Hunt's Tomatoes 28-oz.","","","2 for","5.0","member price","","Wish-Bone | Vlasic | Hunt's","2026-06-05","2026-06-05","Pantry","https://f.wishabi.net/page_pdf_images/23404541/6e88d524-595e-11f1-ad53-260d34e1bdad/x_large"
"2026-06-03T14:44:05.316967","1016196480","Chicken Party Wings","","","","2.99","lb member price","","","2026-06-03","2026-06-09","Meat & Seafood","https://f.wishabi.net/page_pdf_images/23404533/46f72696-595e-11f1-a6c0-82056eb7dfce/x_large"
"2026-06-03T14:44:05.631014","1016196466","ready2eat Pretzel Duo Sandwiches","","","","6.99","ea member price","","","2026-06-03","2026-06-09","Deli & Prepared Foods","https://f.wishabi.net/page_pdf_images/23404533/465e126c-595e-11f1-a6c0-82056eb7dfce/x_large"
"2026-06-03T14:44:06.081912","1016197298","Pharmacy","","","","","","","","2026-06-03","2026-06-09","Health & Wellness","https://f.wishabi.net/page_items/421888767/1779848655/extra_large.jpg"
"2026-06-03T14:44:06.498564","1016199097","Vital Farms Pasture-Raised Eggs","EARN 2x POINTS","","","12.99","member price","","Vital Farms","2026-06-03","2026-06-09","Dairy & Eggs","https://f.wishabi.net/page_items/421888685/1779848640/extra_large.jpg"
"2026-06-03T14:44:06.887863","1016197154","Nerds or SweeTarts Share Pouch","","","2 for","4.0","member price","","Nerds | SweeTarts","2026-06-03","2026-06-09","Snacks","https://f.wishabi.net/page_pdf_images/23404556/7abb6c58-595e-11f1-9c62-fe8ad4cad3fc/x_large"
"2026-06-03T14:44:07.091211","1016198877","Safeway 100","","","","","","","","2026-06-03","2026-06-09","Other","https://f.wishabi.net/page_items/421888633/1779848632/extra_large.jpg"
"2026-06-10T12:58:09.263148","1018083029","GUM Flossers or Soft-Picks","","","2 for","6.0","member price","","G.U.M","2026-06-10","2026-06-16","Personal Care","https://f.wishabi.net/page_pdf_images/23454721/16330a40-5ee8-11f1-b309-2e01f53ebde5/x_large"
"2026-06-10T12:58:09.570906","1018083339","Starbucks Creamer","","","","3.99","ea member price","","Starbucks","2026-06-10","2026-06-16","Dairy & Eggs","https://f.wishabi.net/page_items/422794154/1781049073/extra_large.jpg"
"2026-06-10T12:58:09.860504","1018082376","Fresh Atlantic Salmon Portion 7-oz. Farm raised. Includes marinated portion. Sold by the each. Waterfront Bistro® Extra Jumbo Raw Shrimp 16 to 20-ct. Sold in a 2-lb. bag. Frozen. Sold by the pound.","","","","6.99","member price","","WATERFRONT BISTRO®","2026-06-10","2026-06-16","Frozen","https://f.wishabi.net/page_items/422793674/1780501268/extra_large.jpg"
"2026-06-10T12:58:10.075693","1018082613","Jack Link's Jerky Mega Pack","EARN 4X POINTS","","","14.99","ea member price","","Jack Links","2026-06-10","2026-06-16","Snacks","https://f.wishabi.net/page_pdf_images/23454699/0e74f1d8-5ee8-11f1-bc36-260a6aae37f0/x_large"
"2026-06-10T12:58:10.552513","1018082690","Chef's Counter™ Marinated Tri Tip Roast","","","","12.99","lb member price","","Chef's Counter","2026-06-10","2026-06-16","Meat & Seafood","https://f.wishabi.net/page_pdf_images/23454699/08cfacc8-5ee8-11f1-bc36-260a6aae37f0/x_large"
"2026-06-10T12:58:10.966235","1018082954","Clorox Clean-Up Cleaner","EARN 4X POINTS","","","5.99","member price","","Clorox","2026-06-10","2026-06-16","Household","https://f.wishabi.net/page_pdf_images/23454720/13b1c662-5ee8-11f1-95cb-9e79096f2b1d/x_large"
"2026-06-10T12:58:11.432403","1018082816","Safeway for u","","","","","","","","2026-06-10","2026-06-16","Other","https://f.wishabi.net/page_items/422794121/1780501289/extra_large.jpg"
"2026-06-10T12:58:11.769019","1018082681","Artisan Par-Bake Dinner Bread","","","","5.99","","","","2026-06-10","2026-06-16","Bakery","https://f.wishabi.net/page_pdf_images/23454699/00877028-5ee8-11f1-bc36-260a6aae37f0/x_large"
"2026-06-10T12:58:12.083525","1018082710","Cantaloupe","","","","2.99","ea member price","","","2026-06-10","2026-06-16","Produce","https://f.wishabi.net/page_pdf_images/23454699/ffb1450c-5ee7-11f1-bc36-260a6aae37f0/x_large"
"2026-06-10T12:58:12.422633","1018083085","Softsoap Liquid Hand Soap","","","2 for","4.0","member price","","Softsoap","2026-06-10","2026-06-16","Personal Care","https://f.wishabi.net/page_pdf_images/23454721/189f48c0-5ee8-11f1-b309-2e01f53ebde5/x_large"
"2026-06-10T12:58:12.803174","1018082935","Igloo Profile II Cooler","25% OFF Member Price","","","","","","Igloo","2026-06-10","2026-06-16","Household","https://f.wishabi.net/page_items/422794247/1780501282/extra_large.jpg"
"2026-06-10T12:58:13.339286","1018082940","Hawaiian Tropic Sun Care","","","","8.99","ea","11.99","Hawaiian Tropic","2026-06-10","2026-06-16","Personal Care","https://f.wishabi.net/page_pdf_images/23454720/119ed39c-5ee8-11f1-95cb-9e79096f2b1d/x_large"
"2026-06-10T12:58:13.671777","1018083034","Hershey Share Size Bag","","","","6.99","member price","","Hershey's","2026-06-10","2026-06-16","Snacks","https://f.wishabi.net/page_pdf_images/23454721/151e4a02-5ee8-11f1-b309-2e01f53ebde5/x_large"
"2026-06-10T12:58:13.939391","1018083055","M & M's Family Size Bag","","","","10.99","member price","","M&Ms","2026-06-10","2026-06-16","Snacks","https://f.wishabi.net/page_pdf_images/23454721/11cbc26c-5ee8-11f1-b309-2e01f53ebde5/x_large"
"2026-06-10T12:58:14.284975","1018083089","Muscle Milk Shakes","EARN 4X POINTS","","","9.99","member price","","MUSCLE MILK","2026-06-10","2026-06-16","Beverages","https://f.wishabi.net/page_pdf_images/23454721/1b340472-5ee8-11f1-b309-2e01f53ebde5/x_large"
"2026-06-10T12:58:14.635356","1018082666","Fresh Atlantic Salmon Whole Fillet","","","","12.99","lb member price","","","2026-06-10","2026-06-16","Meat & Seafood","https://f.wishabi.net/page_items/422793876/1780501285/extra_large.jpg"
"2026-06-10T12:58:14.896094","1018082651","Overjoyed® Frosted Sugar Cookies","","","Starting at","4.99","","","Overjoyed®","2026-06-10","2026-06-16","Bakery","https://f.wishabi.net/page_pdf_images/23454699/1022d018-5ee8-11f1-bc36-260a6aae37f0/x_large"
"2026-06-10T12:58:15.235967","1018082846","Signature SELECT® Unsalted Walnut Halves & Pieces","","","","5.99","ea member price","","Signature SELECT®","2026-06-10","2026-06-16","Pantry","https://f.wishabi.net/page_items/422794237/1780501288/extra_large.jpg"
"2026-06-10T12:58:15.551554","1018082858","Sabra Hummus","","","2 for","7.0","member price","","Sabra","2026-06-10","2026-06-16","Deli & Prepared Foods","https://f.wishabi.net/page_items/422794239/1780501289/extra_large.jpg"
"2026-06-10T12:58:15.795880","1018082884","Signature SELECT® Stack Chair","25% OFF Member Price","","","","","","Signature SELECT®","2026-06-10","2026-06-16","Household","https://f.wishabi.net/page_pdf_images/23454720/38a6f848-5ee8-11f1-95cb-9e79096f2b1d/x_large"
"2026-06-10T12:58:16.132839","1018082595","USDA Choice Beef Chuck Flanken Style Short Ribs","","","","9.99","lb member price","","","2026-06-10","2026-06-16","Meat & Seafood","https://f.wishabi.net/page_pdf_images/23454699/fb6e67b8-5ee7-11f1-bc36-260a6aae37f0/x_large"
"2026-06-10T12:58:16.330559","1018082639","ReadyMeals® Entrée Salad","","","","5.99","ea member price when you buy 2","","ReadyMeals®","2026-06-10","2026-06-16","Deli & Prepared Foods","https://f.wishabi.net/page_pdf_images/23454699/065551dc-5ee8-11f1-bc36-260a6aae37f0/x_large"
"2026-06-10T12:58:16.665474","1018082646","Red Cherries","","","","5.99","lb member price","","","2026-06-10","2026-06-16","Produce","https://f.wishabi.net/page_pdf_images/23454699/0c123266-5ee8-11f1-bc36-260a6aae37f0/x_large"
"2026-06-10T12:58:17.021612","1018082892","Handi-Foil","BUY 1 GET 1 50% OFF Member Price","","","","","","Handi- Foil","2026-06-10","2026-06-16","Household","https://f.wishabi.net/page_pdf_images/23454720/332179b6-5ee8-11f1-95cb-9e79096f2b1d/x_large"
"2026-06-10T12:58:17.279389","1018082400","Hass Avocado, Large Mango, Cucumber, Red, Orange, Yellow or Green Bell Pepper","","","","0.99","ea member price","","","2026-06-10","2026-06-16","Produce","https://f.wishabi.net/page_items/422793699/1780501273/extra_large.jpg"
"2026-06-10T12:58:17.500624","1018082441","Häagen-Dazs Ice Cream 14-oz. Novelties 3-ct.","","","","1.99","ea member price","","HÃ¤agen-Dazs","2026-06-10","2026-06-16","Frozen","https://f.wishabi.net/page_pdf_images/23454693/09b7f0f0-5ee8-11f1-881c-aaa1cf73e617/x_large"
"2026-06-10T12:58:17.760321","1018082615","High Protein Meal","","","","8.99","ea member price","","","2026-06-10","2026-06-16","Deli & Prepared Foods","https://f.wishabi.net/page_pdf_images/23454699/07e21800-5ee8-11f1-bc36-260a6aae37f0/x_large"
"2026-06-10T12:58:17.971481","1018082620","Dove Body Wash","EARN 4X POINTS","","","6.99","ea member price","","Dove","2026-06-10","2026-06-16","Personal Care","https://f.wishabi.net/page_items/422793864/1780501282/extra_large.jpg"
"2026-06-10T12:58:18.276116","1018082410","Challenge or Danish Creamery Butter","","","","3.99","ea member price","","Challenge | Danish Creamery","2026-06-10","2026-06-16","Dairy & Eggs","https://f.wishabi.net/page_pdf_images/23454693/fe973456-5ee7-11f1-881c-aaa1cf73e617/x_large"
"2026-06-10T12:58:18.565940","1018082652","Jumbo Raw Shrimp","EARN 2X POINTS","","","7.99","lb member price","","","2026-06-10","2026-06-16","Meat & Seafood","https://f.wishabi.net/page_pdf_images/23454699/f862b8e4-5ee7-11f1-bc36-260a6aae37f0/x_large"
"2026-06-10T12:58:18.963614","1018082845","Cheez-It Crackers 9 to 12.4-oz. or 20-ct. Kellogg's Pop-Tarts or Rice Krispies Treats 8-ct. Pringles Chips 5.2 to 5.57-oz.","GET $3 OFF WHEN YOU BUY 4 PARTICIPATING ITEMS WITH for U","","","","","","Cheez-It | Kellogg's | Pringles","2026-06-10","2026-06-16","Snacks","https://f.wishabi.net/page_items/422794235/1780501287/extra_large.jpg"
"2026-06-10T12:58:19.189367","1018082899","Coppertone Sun Care","EARN 4X POINTS","","","11.99","member price","","Coppertone","2026-06-10","2026-06-16","Personal Care","https://f.wishabi.net/page_pdf_images/23454720/2b630672-5ee8-11f1-95cb-9e79096f2b1d/x_large"
"2026-06-10T12:58:19.432221","1018083042","CLIF or LUNA Bars","EARN 4X POINTS","","","6.99","member price","","CLIF | LUNA","2026-06-10","2026-06-16","Snacks","https://f.wishabi.net/page_pdf_images/23454721/1aa3049a-5ee8-11f1-b309-2e01f53ebde5/x_large"
"2026-06-10T12:58:19.745189","1018083365","freshpass","5% off","","","","","","","2026-06-10","2026-06-16","Other","https://f.wishabi.net/page_items/422794241/1780501275/extra_large.jpg"
"2026-06-10T12:58:20.087648","1018082387","Taylor Farms Chopped Salad Kit","","","","2.99","ea member price","","Taylor Farms","2026-06-10","2026-06-16","Produce","https://f.wishabi.net/page_pdf_images/23454693/10c3ccc0-5ee8-11f1-881c-aaa1cf73e617/x_large"
"2026-06-10T12:58:20.426358","1018082391","Lucerne® Shredded, Sliced or Chunk Cheese","EARN 4X POINTS","","","1.99","ea member price","","Lucerne®","2026-06-10","2026-06-16","Dairy & Eggs","https://f.wishabi.net/page_items/422793689/1780501271/extra_large.jpg"
"2026-06-10T12:58:20.700895","1018082417","Signature SELECT® Chicken Drumsticks or Thighs","BUY 1 GET 1 FREE Member Price When you Buy 2","","","","","","Signature SELECT®","2026-06-10","2026-06-16","Meat & Seafood","https://f.wishabi.net/page_pdf_images/23454693/f92bbece-5ee7-11f1-881c-aaa1cf73e617/x_large"
"2026-06-10T12:58:20.968548","1018082423","Lucerne® Cage Free Eggs","","","","2.99","ea member price","","Lucerne®","2026-06-10","2026-06-16","Dairy & Eggs","https://f.wishabi.net/page_items/422793723/1780501278/extra_large.jpg"
"2026-06-10T12:58:21.299822","1018082434","USDA Choice Boneless Beef Top Round London Broil","","","","4.99","lb member price","","","2026-06-10","2026-06-16","Meat & Seafood","https://f.wishabi.net/page_pdf_images/23454693/fdc12a50-5ee7-11f1-881c-aaa1cf73e617/x_large"
"2026-06-10T12:58:21.475448","1018082677","Simply Because Rose Bouquet","","","","9.99","","","","2026-06-10","2026-06-16","Floral","https://f.wishabi.net/page_pdf_images/23454699/03eab18a-5ee8-11f1-bc36-260a6aae37f0/x_large"
"2026-06-10T12:58:21.798139","1018082682","Alouette Cheese Spread","","","","4.49","ea member price","","Alouette Cheese","2026-06-10","2026-06-16","Dairy & Eggs","https://f.wishabi.net/page_pdf_images/23454699/fa378e88-5ee7-11f1-bc36-260a6aae37f0/x_large"
"2026-06-10T12:58:22.067189","1018082689","New York Style 95% Lean Ground Pork","","","","4.99","ea member price","","","2026-06-10","2026-06-16","Meat & Seafood","https://f.wishabi.net/page_pdf_images/23454699/08d6f4ba-5ee8-11f1-bc36-260a6aae37f0/x_large"
"2026-06-10T12:58:22.441350","1018082772","Late July Snacks Tortilla Chips 7.5 to 10.1-oz. or Cape Cod Potato Chips 6.5 to 8-oz.","","","","2.99","ea member price","","Late July | Cape Cod","2026-06-10","2026-06-16","Snacks","https://f.wishabi.net/page_items/422794092/1780501282/extra_large.jpg"
"2026-06-10T12:58:22.656528","1018082817","Marie Callender's Dinner Bowl 10.5 to 13-oz. Healthy Choice Café Steamers 9.25 to 10-oz.","","","","2.99","ea member price","","Marie Callender's | Healthy Choice","2026-06-10","2026-06-16","Frozen","https://f.wishabi.net/page_items/422794118/1780501288/extra_large.jpg"
"2026-06-10T12:58:22.870673","1018082592","Nabisco Tray Packs","","","","3.99","ea member price","","Nabisco","2026-06-10","2026-06-16","Snacks","https://f.wishabi.net/page_pdf_images/23454699/10f540d4-5ee8-11f1-bc36-260a6aae37f0/x_large"
"2026-06-10T12:58:23.060830","1018082727","Woodford Reserve 750-ml. Ketel One 1.75-ltr.","-$3 OFF, Buy 2 Spirits Save $6","","","28.99","ea member price when you buy 2","31.99","Woodford Reserve | Ketel One","2026-06-10","2026-06-16","Beverages","https://f.wishabi.net/page_pdf_images/23454699/19795966-5ee8-11f1-bc36-260a6aae37f0/x_large"
"2026-06-10T12:58:23.291257","1018082767","Celsius Sparkling Energy or Alani Energy Drink","","","","1.79","ea member price","","Celsius | Alani","2026-06-10","2026-06-16","Beverages","https://f.wishabi.net/page_items/422794072/1780501276/extra_large.jpg"
"2026-06-10T12:58:23.646438","1018082688","Broccoli Crowns","","","","2.99","lb member price","","","2026-06-10","2026-06-16","Produce","https://f.wishabi.net/page_pdf_images/23454699/0a6cbb02-5ee8-11f1-bc36-260a6aae37f0/x_large"
"2026-06-10T12:58:23.903342","1018082751","Tate's Bake Shop Cookies","","","","3.99","ea member price","","Tate's","2026-06-10","2026-06-16","Bakery","https://f.wishabi.net/page_items/422794074/1780501277/extra_large.jpg"
"2026-06-10T12:58:24.176073","1018082897","BBQ Tools or Accessories","BUY 1 GET 1 50% OFF","","","","","","","2026-06-10","2026-06-23","Household","https://f.wishabi.net/page_pdf_images/23454720/3205b920-5ee8-11f1-95cb-9e79096f2b1d/x_large"
"2026-06-10T12:58:24.392919","1018082946","Swim Toys","25% OFF Member Price","","","","","","","2026-06-10","2026-06-16","Other","https://f.wishabi.net/page_pdf_images/23454720/2e2eace4-5ee8-11f1-95cb-9e79096f2b1d/x_large"
"2026-06-10T12:58:24.606442","1018083073","Jolly Rancher Ropes","","","","4.99","member price","","Jolly Rancher","2026-06-10","2026-06-16","Snacks","https://f.wishabi.net/page_pdf_images/23454721/22468802-5ee8-11f1-b309-2e01f53ebde5/x_large"
"2026-06-10T12:58:24.837464","1018083245","Powerade","","","4 for","5.0","member price","","Powerade","2026-06-10","2026-06-16","Beverages","https://f.wishabi.net/page_pdf_images/23454705/01192716-5ee8-11f1-a51e-5aadfc914ad5/x_large"
"2026-06-10T12:58:25.121754","1018082770","Rao's Pasta Sauce","","","","6.99","ea member price","","Rao's","2026-06-10","2026-06-16","Pantry","https://f.wishabi.net/page_pdf_images/23454701/0457f826-5ee8-11f1-9a81-7680583efc59/x_large"
"2026-06-10T12:58:25.466523","1018082798","Coffee mate Creamer Half gallon. Florida's Natural Orange Juice 89-oz.","","","","5.99","ea member price","","Coffee mate | Florida's Natural","2026-06-10","2026-06-16","Other","https://f.wishabi.net/page_pdf_images/23454701/1110e1f4-5ee8-11f1-9a81-7680583efc59/x_large"
"2026-06-10T12:58:25.750121","1018082904","Signature SELECT® Copper Ring Firepit","25% OFF Member Price","","","","","","Signature SELECT®","2026-06-10","2026-06-16","Household","https://f.wishabi.net/page_pdf_images/23454720/3c630e22-5ee8-11f1-95cb-9e79096f2b1d/x_large"
"2026-06-10T12:58:26.072577","1018082906","Signature SELECT® Umbrella Base","25% OFF Member Price","","","","","","Signature SELECT®","2026-06-10","2026-06-16","Household","https://f.wishabi.net/page_pdf_images/23454720/399c8146-5ee8-11f1-95cb-9e79096f2b1d/x_large"
"2026-06-10T12:58:26.260398","1018082907","Summer Inflatables","25% OFF Member Price","","","","","","","2026-06-10","2026-06-16","Other","https://f.wishabi.net/page_pdf_images/23454720/2e5b9fd8-5ee8-11f1-95cb-9e79096f2b1d/x_large"
"2026-06-10T12:58:26.472898","1018082919","Secret Deodorant","EARN 4X POINTS","","","8.99","member price","","Secret","2026-06-10","2026-06-16","Personal Care","https://f.wishabi.net/page_pdf_images/23454720/264dc532-5ee8-11f1-95cb-9e79096f2b1d/x_large"
"2026-06-10T12:58:26.844468","1018082951","TRESemmé Hair Care","EARN 4X POINTS","","","7.99","member price","","TRESemmé","2026-06-10","2026-06-23","Personal Care","https://f.wishabi.net/page_pdf_images/23454720/228635c4-5ee8-11f1-95cb-9e79096f2b1d/x_large"
"2026-06-10T12:58:27.120993","1018082965","Clorox Disinfecting Wipes","","","","6.99","member price","","Clorox","2026-06-10","2026-06-16","Household","https://f.wishabi.net/page_pdf_images/23454720/3e3d8c04-5ee8-11f1-95cb-9e79096f2b1d/x_large"
"2026-06-10T12:58:27.466235","1018082979","Backyard Games","25% OFF Member Price","","","","","","","2026-06-10","2026-06-16","Other","https://f.wishabi.net/page_pdf_images/23454720/3d3e8cea-5ee8-11f1-95cb-9e79096f2b1d/x_large"
"2026-06-10T12:58:27.821711","1018083128","Mars Share Size Bar","","","2 for","6.0","member price","","Mars","2026-06-10","2026-06-16","Snacks","https://f.wishabi.net/page_pdf_images/23454721/17df4eee-5ee8-11f1-b309-2e01f53ebde5/x_large"
"2026-06-10T12:58:28.028277","1018082917","Signature SELECT® 3-Piece Bistro Set","25% OFF Member Price","","","","","","Signature SELECT®","2026-06-10","2026-06-16","Other","https://f.wishabi.net/page_pdf_images/23454720/3c5c094c-5ee8-11f1-95cb-9e79096f2b1d/x_large"
"2026-06-10T12:58:28.292431","1018083081","Sour Patch Kids or Swedish Fish Bag","","","","8.99","member price","","Sour Patch Kids | Swedish Fish","2026-06-10","2026-06-16","Snacks","https://f.wishabi.net/page_pdf_images/23454721/13bf701e-5ee8-11f1-b309-2e01f53ebde5/x_large"
"2026-06-10T12:58:28.667239","1018083297","Cello Mascarpone Cheese","","","","8.99","ea member price","","Cello","2026-06-10","2026-06-16","Dairy & Eggs","https://f.wishabi.net/page_pdf_images/23454710/0cd54fb2-5ee8-11f1-8097-6e1c38000663/x_large"
"2026-06-10T12:58:29.024730","1018083104","FitCrunch Bars","","","","6.99","ea","7.99","FITCRUNCH","2026-06-10","2026-06-23","Snacks","https://f.wishabi.net/page_pdf_images/23454721/116699d2-5ee8-11f1-b309-2e01f53ebde5/x_large"
"2026-06-10T12:58:29.342978","1018083107","Signature SELECT® or Signature Care® Baby Toiletries","","","","3.99","member price","","Signature SELECT® | Signature Care®","2026-06-10","2026-06-16","Personal Care","https://f.wishabi.net/page_pdf_images/23454721/211c3e5e-5ee8-11f1-b309-2e01f53ebde5/x_large"
"2026-06-10T12:58:29.581059","1018082829","Jeni's Splendid Ice Cream","","","","7.99","member price","","jeni's","2026-06-10","2026-06-16","Frozen","https://f.wishabi.net/page_items/422794233/1780501286/extra_large.jpg"
"2026-06-10T12:58:29.881754","1018082925","Colgate Total Toothpaste","EARN 4X POINTS","","","7.99","member price","","Colgate","2026-06-10","2026-06-16","Personal Care","https://f.wishabi.net/page_pdf_images/23454720/280a7cee-5ee8-11f1-95cb-9e79096f2b1d/x_large"
"2026-06-10T12:58:30.256045","1018082952","Dove Shampoo or Conditioner","EARN 4X POINTS","","","6.99","member price","","Dove","2026-06-10","2026-06-16","Personal Care","https://f.wishabi.net/page_pdf_images/23454720/254945a8-5ee8-11f1-95cb-9e79096f2b1d/x_large"
"2026-06-10T12:58:30.469784","1018082992","Signature SELECT® Food Storage","","","2 for","7.0","member price","","Signature SELECT®","2026-06-10","2026-06-16","Household","https://f.wishabi.net/page_pdf_images/23454720/1579c904-5ee8-11f1-95cb-9e79096f2b1d/x_large"
"2026-06-10T12:58:30.655365","1018083066","Liquid I. V. Hydration","","","","10.99","member price","","Liquid IV","2026-06-10","2026-06-16","Health & Wellness","https://f.wishabi.net/page_pdf_images/23454721/24c5a360-5ee8-11f1-b309-2e01f53ebde5/x_large"
"2026-06-10T12:58:30.965988","1018083149","Wrigley's Extra Gum","","","","1.99","member price","","Wrigley's","2026-06-10","2026-06-23","Snacks","https://f.wishabi.net/page_items/422794305/1780501300/extra_large.jpg"
"2026-06-10T12:58:31.227892","1018083188","Quaker Instant Oatmeal","EARN 4X POINTS","","","2.49","ea member price when you buy 2","","Quaker","2026-06-10","2026-06-16","Pantry","https://f.wishabi.net/page_pdf_images/23454705/02041be0-5ee8-11f1-a51e-5aadfc914ad5/x_large"
"2026-06-10T12:58:31.597595","1018083207","Strawberries","","","","5.0","ea member price","","","2026-06-12","2026-06-12","Produce","https://f.wishabi.net/page_pdf_images/23454705/fab12716-5ee7-11f1-a51e-5aadfc914ad5/x_large"
"2026-06-10T12:58:31.785191","1018082428","Coca-Cola 12-pack, 12-oz. cans, 8-pack, 12-oz. bottles, 6-pack, 16.9-oz. bottles or 6-pack, 7.5-oz. cans. Topo Chico Sabores 8-pack, 12-oz. Selected varieties. Dasani Water 24-pack, 16.9-oz.","BUY 2 GET 2 FREE MEMBER PRICE WHEN YOU BUY 4","","","","","","Coca-Cola | Topo Chico | Dasani","2026-06-10","2026-06-16","Beverages","https://f.wishabi.net/page_pdf_images/23454693/0190cf8c-5ee8-11f1-881c-aaa1cf73e617/x_large"
"2026-06-10T12:58:32.142975","1018082402","Nabisco Family Size Oreo Cookies","BUY 1 GET 1 FREE MEMBER PRICE WHEN YOU BUY 2, EARN 4X POINTS","","","","","","Nabisco","2026-06-10","2026-06-16","Snacks","https://f.wishabi.net/page_pdf_images/23454693/07a0ee34-5ee8-11f1-881c-aaa1cf73e617/x_large"
"2026-06-10T12:58:32.340802","1018082393","Cheetos, Lay's, Simply or Smartfood","BUY 2 GET 2 FREE EQUAL OR LESSER VALUE Member Price When you Buy 4","","Single price up to","5.49","ea.","","Cheetos | Lay's | Simply | Smartfood","2026-06-10","2026-06-16","Snacks","https://f.wishabi.net/page_pdf_images/23454693/00d73932-5ee8-11f1-881c-aaa1cf73e617/x_large"
"2026-06-10T12:58:32.596330","1018082424","Cake Slices","","","","1.99","member price","","","2026-06-10","2026-06-16","Bakery","https://f.wishabi.net/page_pdf_images/23454693/0244aa3e-5ee8-11f1-881c-aaa1cf73e617/x_large"
"2026-06-10T12:58:32.803148","1018082380","Green or Red Seedless Grapes","","","","1.99","lb member price","","","2026-06-10","2026-06-16","Produce","https://f.wishabi.net/page_pdf_images/23454693/10b21df4-5ee8-11f1-881c-aaa1cf73e617/x_large"
"2026-06-10T12:58:33.057806","1018082385","Yellow Peaches or Nectarines","","","","2.99","lb member price","","","2026-06-10","2026-06-16","Produce","https://f.wishabi.net/page_pdf_images/23454693/f82a2eac-5ee7-11f1-881c-aaa1cf73e617/x_large"
"2026-06-10T12:58:33.427027","1018082446","CHICKEN NUGGETS 20-CT. FOUND IN THE DELI. SIGNATURE SELECT® CLASSIC SALAD 32 TO 48-OZ. SELECTED VARIETIES.","","","","5.0","ea member price","","Signature SELECT®","2026-06-10","2026-06-16","Deli & Prepared Foods","https://f.wishabi.net/page_items/422793746/1780501282/extra_large.jpg"
"2026-06-10T12:58:33.672062","1018082412","Nature Valley Bars 5 to 6-ct. Selected varieties. General Mills Cereal 8.9 to 12-oz. Betty Crocker Fruit Snacks 6 to 10-ct.","EARN 4X POINTS","","","1.79","ea member price when you buy 2","","Nature Valley | General Mills | Betty Crocker","2026-06-10","2026-06-16","Snacks","https://f.wishabi.net/page_items/422793710/1780501275/extra_large.jpg"
"2026-06-10T12:58:33.979708","1018082435","Signature SELECT® 80% Lean Ground Beef Mega Pack 6-lbs. or more. Jennie-O 93% Lean Ground Turkey or Patties 16-oz.","","","","5.99","lb member price","","Signature SELECT® | Jennie-O","2026-06-10","2026-06-16","Meat & Seafood","https://f.wishabi.net/page_pdf_images/23454693/149fa580-5ee8-11f1-881c-aaa1cf73e617/x_large"
"2026-06-10T12:58:34.173871","1018082408","Corona, Pacifico, Firestone Walker, Elysian or Blue Moon","","","","13.99","member price","","Corona | Pacifico | Firestone Walker | Elysian | Blue Moon","2026-06-10","2026-06-16","Beverages","https://f.wishabi.net/page_pdf_images/23454693/1757b1dc-5ee8-11f1-881c-aaa1cf73e617/x_large"
"2026-06-10T12:58:34.484690","1018083025","Softsoap or Irish Spring Body Wash","","","","4.99","ea","6.99","Softsoap | Irish Spring","2026-06-10","2026-06-16","Personal Care","https://f.wishabi.net/page_pdf_images/23454721/169bfcc6-5ee8-11f1-b309-2e01f53ebde5/x_large"
"2026-06-10T12:58:34.791265","1018082445","Signature SELECT® Extra Meaty Pork Loin Back Ribs","","","","3.99","lb member price","","Signature SELECT®","2026-06-10","2026-06-16","Meat & Seafood","https://f.wishabi.net/page_pdf_images/23454693/0fe12186-5ee8-11f1-881c-aaa1cf73e617/x_large"
"2026-06-10T12:58:35.136916","1018082658","Green Asparagus","","","","5.99","lb","","","2026-06-10","2026-06-16","Produce","https://f.wishabi.net/page_pdf_images/23454699/0b3ef3ba-5ee8-11f1-bc36-260a6aae37f0/x_large"
"2026-06-10T12:58:35.410314","1018082705","Decorated Cupcakes","","","","11.99","","","","2026-06-10","2026-06-16","Bakery","https://f.wishabi.net/page_pdf_images/23454699/fe1dfd48-5ee7-11f1-bc36-260a6aae37f0/x_large"
"2026-06-10T12:58:35.673858","1018082607","O Organics® Boneless Skinless Chicken Breasts","","","","8.99","lb member price","","O Organics®","2026-06-10","2026-06-16","Meat & Seafood","https://f.wishabi.net/page_pdf_images/23454699/fc3673b6-5ee7-11f1-bc36-260a6aae37f0/x_large"
"2026-06-10T12:58:35.962056","1018082605","Farmer John Ham Steak","","","","3.99","ea member price","","Farmer John","2026-06-10","2026-06-16","Meat & Seafood","https://f.wishabi.net/page_pdf_images/23454699/0996f030-5ee8-11f1-bc36-260a6aae37f0/x_large"
"2026-06-10T12:58:36.153338","1018082623","Honeycrisp Apples","EARN 4X POINTS","","","2.99","lb member price","","","2026-06-10","2026-06-16","Produce","https://f.wishabi.net/page_pdf_images/23454699/fb23e44a-5ee7-11f1-bc36-260a6aae37f0/x_large"
"2026-06-10T12:58:36.464406","1018082601","Roma Tomatoes","","","","1.99","lb member price","","","2026-06-10","2026-06-16","Produce","https://f.wishabi.net/page_pdf_images/23454699/fa63f4aa-5ee7-11f1-bc36-260a6aae37f0/x_large"
"2026-06-10T12:58:36.804102","1018082667","Rose Status and Aster Bouquet","","","","12.99","","","","2026-06-10","2026-06-16","Floral","https://f.wishabi.net/page_pdf_images/23454699/04ce1bd2-5ee8-11f1-bc36-260a6aae37f0/x_large"
"2026-06-10T12:58:37.099862","1018082663","Sea Cuisine Selections","","","","8.99","ea member price","","Sea Cuisine","2026-06-10","2026-06-16","Frozen","https://f.wishabi.net/page_pdf_images/23454699/099ef762-5ee8-11f1-bc36-260a6aae37f0/x_large"
"2026-06-10T12:58:37.325698","1018082725","Kim Crawford, Rodney Strong or Angels & Cowboys","","","","12.99","ea member price when you buy 6 or more","","Kim Crawford | Rodney Strong | Angels & Cowboys","2026-06-10","2026-06-16","Beverages","https://f.wishabi.net/page_pdf_images/23454699/1c8345a4-5ee8-11f1-bc36-260a6aae37f0/x_large"
"2026-06-10T12:58:37.566005","1018082724","Roederer, Justin or Markham","","","","26.99","ea member price when you buy 6 or more","","Roederer | Justin | Markham","2026-06-10","2026-06-16","Beverages","https://f.wishabi.net/page_pdf_images/23454699/1a533afa-5ee8-11f1-bc36-260a6aae37f0/x_large"
"2026-06-10T12:58:37.961404","1018082726","Modelo, Stella Artois or Heineken","","","","27.99","member price","","Modelo | Stella Artois | Heineken","2026-06-10","2026-06-16","Beverages","https://f.wishabi.net/page_pdf_images/23454699/18c4b542-5ee8-11f1-bc36-260a6aae37f0/x_large"
"2026-06-10T12:58:38.167535","1018082730","Tide Laundry Detergent","EARN 4X POINTS","","","15.99","ea member price","","Tide","2026-06-10","2026-06-16","Household","https://f.wishabi.net/page_pdf_images/23454701/03a27e24-5ee8-11f1-9a81-7680583efc59/x_large"
"2026-06-10T12:58:38.404833","1018082800","Reser's Side","","","","3.99","ea member price","","Reser's","2026-06-10","2026-06-16","Deli & Prepared Foods","https://f.wishabi.net/page_items/422794101/1780501284/extra_large.jpg"
"2026-06-10T12:58:38.649187","1018082801","Smucker's Uncrustables Sandwiches","EARN 4X POINTS","","","2.99","ea member price","","Smucker's","2026-06-10","2026-06-16","Frozen","https://f.wishabi.net/page_items/422794112/1780501287/extra_large.jpg"
"2026-06-10T12:58:38.833784","1018082888","Rubbermaid TakeAlongs Food Storage","","","","5.99","member price","","Rubbermaid","2026-06-10","2026-06-16","Household","https://f.wishabi.net/page_pdf_images/23454720/1849df16-5ee8-11f1-95cb-9e79096f2b1d/x_large"
"2026-06-10T12:58:39.136798","1018083002","Banana Boat Sport Ultra Sun Care","EARN 4x POINTS","","","9.99","ea","12.99","Banana Boat","2026-06-10","2026-06-16","Personal Care","https://f.wishabi.net/page_pdf_images/23454720/2c43b92e-5ee8-11f1-95cb-9e79096f2b1d/x_large"
"2026-06-10T12:58:39.406064","1018082996","Old Spice Deodorant","EARN 4X POINTS","","","7.99","member price","","Old Spice","2026-06-10","2026-06-23","Personal Care","https://f.wishabi.net/page_pdf_images/23454720/237eb46a-5ee8-11f1-95cb-9e79096f2b1d/x_large"
"2026-06-10T12:58:39.605662","1018083011","4X POINTS","EARN 4X forU POINTS","","","","","","","2026-06-10","2026-06-16","Other","https://f.wishabi.net/page_items/422794272/1780501304/extra_large.jpg"
"2026-06-10T12:58:39.926457","1018082810","Nabisco Family Size Snack Crackers 11.5 to 14-oz. Ritz Crackers 17.8 to 20.5-oz. Chips Ahoy! Cookies 9.31 to 19.5-oz. Nutter Butter Cookies","","","","3.99","ea member price","","Nabisco","2026-06-10","2026-06-16","Snacks","https://f.wishabi.net/page_pdf_images/23454701/0a44e140-5ee8-11f1-9a81-7680583efc59/x_large"
"2026-06-10T12:58:40.263169","1018082813","BODYARMOR","","","","5.49","ea member price","","BODYARMOR","2026-06-10","2026-06-16","Beverages","https://f.wishabi.net/page_items/422794165/1780501287/extra_large.jpg"
"2026-06-10T12:58:40.496149","1018082815","Charmin Bath Tissue 6-Mega XL or 9-Mega Rolls. Bounty Paper Towels 4-Triple or 6-Doubles Rolls","EARN 4X POINTS","","","9.99","ea member price","","Charmin | Bounty","2026-06-10","2026-06-16","Household","https://f.wishabi.net/page_items/422794166/1780501287/extra_large.jpg"
"2026-06-10T12:58:40.737676","1018082781","Planet Oat Oatmilk 52-oz. Creamer 32-oz.","EARN 4x POINTS","","","2.99","ea member price","","Planet Oat","2026-06-10","2026-06-16","Dairy & Eggs","https://f.wishabi.net/page_items/422794098/1780501283/extra_large.jpg"
"2026-06-10T12:58:40.963517","1018082802","Waterfront Bistro® Crunchy Butterfly Shrimp","","","","14.99","ea member price","","WATERFRONT BISTRO®","2026-06-10","2026-06-16","Frozen","https://f.wishabi.net/page_items/422794107/1780501286/extra_large.jpg"
"2026-06-10T12:58:41.266948","1018082832","Organic Girl Salad","EARN 4X POINTS","","","5.0","ea member price","","Organic Girl","2026-06-10","2026-06-16","Produce","https://f.wishabi.net/page_pdf_images/23454718/1b8a145c-5ee8-11f1-a019-aab15a21be5a/x_large"
"2026-06-10T12:58:41.528436","1018082834","Lipton Tea","","","","3.99","member price","","Lipton","2026-06-10","2026-06-16","Beverages","https://f.wishabi.net/page_pdf_images/23454718/2a499968-5ee8-11f1-a019-aab15a21be5a/x_large"
"2026-06-10T12:58:41.755685","1018082921","Summer Party Goods","","","3 for","5.0","member price","","","2026-06-10","2026-06-16","Household","https://f.wishabi.net/page_pdf_images/23454720/3030b046-5ee8-11f1-95cb-9e79096f2b1d/x_large"
"2026-06-10T12:58:42.121514","1018082982","AmeriGas Propane Exchange","","","","17.99","ea","22.99","AmeriGas","2026-06-10","2026-06-23","Household","https://f.wishabi.net/page_pdf_images/23454720/12947aa4-5ee8-11f1-95cb-9e79096f2b1d/x_large"
"2026-06-10T12:58:42.421688","1018083067","Boost High Protein Shakes","","","","10.99","member price","","Boost","2026-06-10","2026-06-16","Health & Wellness","https://f.wishabi.net/page_pdf_images/23454721/19805112-5ee8-11f1-b309-2e01f53ebde5/x_large"
"2026-06-10T12:58:42.744334","1018083125","Peelerz","","","","3.49","member price","","Peelerz","2026-06-10","2026-06-16","Produce","https://f.wishabi.net/page_pdf_images/23454721/229a278c-5ee8-11f1-b309-2e01f53ebde5/x_large"
"2026-06-10T12:58:43.097512","1018083344","Fage Yogurt","EARN 4x POINTS","","","5.99","ea member price","","Fage","2026-06-10","2026-06-16","Dairy & Eggs","https://f.wishabi.net/page_items/422794159/1781049077/extra_large.jpg"
"2026-06-10T12:58:43.380959","1018083045","Signature SELECT® Baby Wipes","EARN 2X POINTS","","","5.99","member price","","Signature SELECT®","2026-06-10","2026-06-23","Personal Care","https://f.wishabi.net/page_pdf_images/23454721/1c9996ba-5ee8-11f1-b309-2e01f53ebde5/x_large"
"2026-06-10T12:58:43.670742","1018083101","Lindt Truffles","","","","13.99","member price","","Lindt","2026-06-10","2026-06-16","Snacks","https://f.wishabi.net/page_pdf_images/23454721/2393c17a-5ee8-11f1-b309-2e01f53ebde5/x_large"
"2026-06-10T12:58:43.883372","1018083035","Signature SELECT® Supreme Diapers","EARN 2X POINTS","","","19.99","member price","","Signature SELECT®","2026-06-10","2026-06-16","Personal Care","https://f.wishabi.net/page_pdf_images/23454721/1b8e5ee0-5ee8-11f1-b309-2e01f53ebde5/x_large"
"2026-06-10T12:58:44.220719","1018083093","OGX Shampoo or Conditioner","","","","7.99","ea when you buy 2","11.99","OGX","2026-06-10","2026-06-16","Personal Care","https://f.wishabi.net/page_pdf_images/23454721/124d3b9e-5ee8-11f1-b309-2e01f53ebde5/x_large"
"2026-06-10T12:58:44.500934","1018083180","Soleil® Sparkling Water","","","2 for","5.0","member price","","Soleil®","2026-06-12","2026-06-12","Beverages","https://f.wishabi.net/page_items/422794005/1780501276/extra_large.jpg"
"2026-06-10T12:58:44.791095","1018083205","Dove Bar Soap","","","","9.99","member price","","Dove","2026-06-10","2026-06-16","Personal Care","https://f.wishabi.net/page_pdf_images/23454705/0aaf2924-5ee8-11f1-a51e-5aadfc914ad5/x_large"
"2026-06-10T12:58:45.213892","1018083182","California Pizza Kitchen","","","","5.0","ea member price","","California Pizza Kitchen","2026-06-12","2026-06-12","Frozen","https://f.wishabi.net/page_items/422794010/1780501278/extra_large.jpg"
"2026-06-10T12:58:45.455979","1018083220","Entenmann's Bagged Donuts 9 to-oz Oroweat Small Loaf 18-oz.","","","2 for","5.0","member price","","Entenmann's | Oroweat","2026-06-12","2026-06-12","Bakery","https://f.wishabi.net/page_pdf_images/23454705/0399980e-5ee8-11f1-a51e-5aadfc914ad5/x_large"
"2026-06-10T12:58:45.714823","1018083200","Signature SELECT® Deli Mustard 12-oz. Sweet Baby Ray's Barbecue Sauce 18-oz. Hunt's Snack Pack Pudding 4-pack, 3.25-oz. Signature SELECT® Deli Mustard 12-oz.","","","3 for","5.0","member price","","Signature SELECT® | Sweet Baby Ray's | Hunt's","2026-06-12","2026-06-12","Pantry","https://f.wishabi.net/page_pdf_images/23454705/17bc2644-5ee8-11f1-a51e-5aadfc914ad5/x_large"
"2026-06-10T12:58:46.005648","1018083202","Quaker Chewy Granola Bars","","","2 for","5.0","member price","","Quaker","2026-06-10","2026-06-16","Snacks","https://f.wishabi.net/page_pdf_images/23454705/02b72460-5ee8-11f1-a51e-5aadfc914ad5/x_large"
"2026-06-10T12:58:46.229302","1018083293","Frito-Lay® and Quaker® Products","SAVE $5 with for U* When you spend $20 or more on participating Frito-Lay® and Quaker® Products","","","","","","Frito-Lay® | Quaker®","2026-05-27","2026-07-07","Snacks","https://f.wishabi.net/page_items/422794183/1780501275/extra_large.jpg"
"2026-06-10T12:58:46.543078","1018083343","Sanpellegrino Soda","EARN 2X POINTS","","","6.99","","","Sanpellegrino","2026-06-10","2026-06-16","Beverages","https://f.wishabi.net/page_items/422794156/1781049075/extra_large.jpg"
"2026-06-10T12:58:46.805485","1018083196","Sweet Corn","","","10 for","5.0","member price","","","2026-06-12","2026-06-12","Produce","https://f.wishabi.net/page_pdf_images/23454705/fd5abb94-5ee7-11f1-a51e-5aadfc914ad5/x_large"
"2026-06-10T12:58:47.101472","1018083203","SPAM Musubi 2-ct. Fresh Sushi","","","","5.0","ea member price","","","2026-06-12","2026-06-12","Deli & Prepared Foods","https://f.wishabi.net/page_pdf_images/23454705/00421262-5ee8-11f1-a51e-5aadfc914ad5/x_large"
"2026-06-10T12:58:47.322156","1018083178","Cheesecake Platter","","","","5.0","ea member price","","","2026-06-12","2026-06-12","Bakery","https://f.wishabi.net/page_items/422794007/1780501277/extra_large.jpg"
"2026-06-10T12:58:47.612318","1018083219","Tostitos Tortilla Chips","BUY 1 GET 1 FREE When you Buy 2 Member Price","","","","","","Tostitos","2026-06-10","2026-06-16","Snacks","https://f.wishabi.net/page_pdf_images/23454705/049e3980-5ee8-11f1-a51e-5aadfc914ad5/x_large"
"2026-06-10T12:58:47.965880","1018083171","Farmer John Bacon","","","","5.0","ea member price","","Farmer John","2026-06-12","2026-06-12","Meat & Seafood","https://f.wishabi.net/page_pdf_images/23454705/0d501648-5ee8-11f1-a51e-5aadfc914ad5/x_large"
"2026-06-10T12:58:48.304734","1018083164","Lobster Tail","","","","5.0","ea member price","","","2026-06-12","2026-06-12","Meat & Seafood","https://f.wishabi.net/page_pdf_images/23454705/fe3bbbf8-5ee7-11f1-a51e-5aadfc914ad5/x_large"
"2026-06-10T12:58:48.601332","1018083702","Blue Diamond Almondmilk","","","","2.99","ea member price","","Blue Diamond","2026-06-10","2026-06-16","Dairy & Eggs","https://f.wishabi.net/page_pdf_images/23454718/21613c2a-5ee8-11f1-a019-aab15a21be5a/x_large"
"2026-06-10T12:58:48.953861","1018083352","Sargento String or Stick Cheese 9 to 12-oz. Shareables 6-oz.","","","","4.99","member price","","Sargento","2026-06-10","2026-06-16","Dairy & Eggs","https://f.wishabi.net/page_items/422794161/1781049077/extra_large.jpg"
"2026-06-10T12:58:49.167711","1018082665","Primo Taglio® Ham off the Bone","","","","9.99","lb member price","","Primo Taglio®","2026-06-10","2026-06-16","Deli & Prepared Foods","https://f.wishabi.net/page_pdf_images/23454699/0588a60a-5ee8-11f1-bc36-260a6aae37f0/x_large"
"2026-06-10T12:58:49.489473","1018083190","Foster's, Bud, Lagunitas, Modelo, New Belgium or Sierra Nevada","","","2 for","5.0","member price","","Foster's | Bud | Lagunitas | Modelo | New Belgium | Sierra Nevada","2026-06-12","2026-06-12","Beverages","https://f.wishabi.net/page_items/422794014/1780501280/extra_large.jpg"
"2026-06-10T12:58:49.810666","1018082978","Pantene Shampoo or Conditioner, Aussie Hair Care or Harry's Deodorant","EARN 4X POINTS","","","5.99","member price","","Pantene | Aussie | Harry's","2026-06-10","2026-06-16","Personal Care","https://f.wishabi.net/page_pdf_images/23454720/21994098-5ee8-11f1-95cb-9e79096f2b1d/x_large"
"2026-06-10T12:58:50.152445","1018082820","Screamin' Sicilian Pizza","","","","8.99","ea member price","","Screamin' Sicilian","2026-06-10","2026-06-16","Frozen","https://f.wishabi.net/page_pdf_images/23454718/24c55996-5ee8-11f1-a019-aab15a21be5a/x_large"
"2026-06-10T12:58:50.357661","1018083239","Michelob","","","","21.99","member price","","Michelob Ultra","2026-06-10","2026-06-16","Beverages","https://f.wishabi.net/page_pdf_images/23454705/1be7c4ee-5ee8-11f1-a51e-5aadfc914ad5/x_large"
"2026-06-10T12:58:50.575975","1018082708","Overjoyed™ Boutique Fragrant Rose Bouquet","","","","21.99","","","Overjoyed™","2026-06-10","2026-06-16","Floral","https://f.wishabi.net/page_pdf_images/23454699/0334ad22-5ee8-11f1-bc36-260a6aae37f0/x_large"
"2026-06-10T12:58:50.819075","1018082570","International Delight Creamer 32-oz. or Too Good Creamer 25.4-oz.","EARN 4X POINTS","","","1.99","ea member price","","International Delight | Too Good","2026-06-10","2026-06-16","Dairy & Eggs","https://f.wishabi.net/page_pdf_images/23454699/016850e8-5ee8-11f1-bc36-260a6aae37f0/x_large"
"2026-06-10T12:58:51.180062","1018082723","Frito-Lay Flavor Mix","EARN 4X POINTS","","","14.99","ea member price","","Frito-Lay","2026-06-10","2026-06-16","Snacks","https://f.wishabi.net/page_pdf_images/23454699/0da9cb16-5ee8-11f1-bc36-260a6aae37f0/x_large"
"2026-06-10T12:58:51.565828","1018082735","Pillsbury Cinnamon Rolls, Grands! Biscuits or Crescents","EARN 4X POINTS","","","2.49","ea member price","","Pillsbury","2026-06-10","2026-06-16","Dairy & Eggs","https://f.wishabi.net/page_items/422794058/1780501272/extra_large.jpg"
"2026-06-10T12:58:51.829951","1018082786","Artesano Buns 13.55 to 19-oz., Bread 20-oz.","","","","2.99","ea member price","","Artesano","2026-06-10","2026-06-16","Bakery","https://f.wishabi.net/page_items/422794086/1780501280/extra_large.jpg"
"2026-06-10T12:58:52.064361","1018083289","Red Apple Gruyère or Gouda Cheese","","","","7.99","ea member price","","Red Apple Cheese","2026-06-10","2026-06-16","Dairy & Eggs","https://f.wishabi.net/page_pdf_images/23454710/0da61dfe-5ee8-11f1-8097-6e1c38000663/x_large"
"2026-06-10T12:58:52.436803","1018082827","Betty Crocker Suddenly! Salad","","","2 for","5.0","member price","","Betty Crocker","2026-06-10","2026-06-16","Pantry","https://f.wishabi.net/page_pdf_images/23454718/259b2918-5ee8-11f1-a019-aab15a21be5a/x_large"
"2026-06-10T12:58:52.668629","1018083100","Gerber Puffs or Lil' Crunchies","","","","3.29","member price","","Gerber","2026-06-10","2026-06-16","Snacks","https://f.wishabi.net/page_pdf_images/23454721/26b7f43e-5ee8-11f1-b309-2e01f53ebde5/x_large"
"2026-06-10T12:58:53.036321","1018082501","Pepsi 2-ltr. Rockstar Energy Drink 16-oz. Propel 20-oz. Pure Leaf Tea 18.5-oz. Pepsi Prebiotic 12-oz.","","","","1.29","ea member price","","Pepsi | Pure Leaf | Propel | Rockstar","2026-06-10","2026-06-16","Beverages","https://f.wishabi.net/page_pdf_images/23454693/0e5e25ac-5ee8-11f1-881c-aaa1cf73e617/x_large"
"2026-06-10T12:58:53.246240","1018083077","Signature Care® Vitamins","BUY 1 GET 1 FREE Member Price When you Buy 2","","","","","","Signature Care®","2026-06-10","2026-06-23","Health & Wellness","https://f.wishabi.net/page_pdf_images/23454721/23f20f14-5ee8-11f1-b309-2e01f53ebde5/x_large"
"2026-06-10T12:58:53.432134","1018082758","Coors, Bud or Miller","","","","22.99","ea member price","","Coors | Bud | Miller","2026-06-10","2026-06-16","Beverages","https://f.wishabi.net/page_items/422794078/1780501278/extra_large.jpg"
"2026-06-10T12:58:53.664718","1018083165","Signature SELECT® refreshe® Purified Drinking Water","","","2 for","5.0","member price","","Signature SELECT®","2026-06-12","2026-06-12","Beverages","https://f.wishabi.net/page_pdf_images/23454705/fa03d62e-5ee7-11f1-a51e-5aadfc914ad5/x_large"
"2026-06-10T12:58:53.879328","1018083047","RXBAR","EARN 4X POINTS","","2 for","6.0","member price","","RxBars","2026-06-10","2026-06-16","Snacks","https://f.wishabi.net/page_pdf_images/23454721/18e78c0c-5ee8-11f1-b309-2e01f53ebde5/x_large"
"2026-06-10T12:58:54.220192","1018083698","Président Brie or Camembert","","","","7.99","ea member price","","Président®","2026-06-10","2026-06-16","Dairy & Eggs","https://f.wishabi.net/page_pdf_images/23454718/267a0b4c-5ee8-11f1-a019-aab15a21be5a/x_large"
"2026-06-10T12:58:54.535888","1018083700","Mott's Clamato","","","","4.99","member price","","Mott's","2026-06-10","2026-06-16","Beverages","https://f.wishabi.net/page_pdf_images/23454718/2b27a6e0-5ee8-11f1-a019-aab15a21be5a/x_large"
"2026-06-10T12:58:54.900091","1018083699","Président Feta Cheese","","","","4.99","ea member price","","Président®","2026-06-10","2026-06-16","Dairy & Eggs","https://f.wishabi.net/page_pdf_images/23454718/224276ae-5ee8-11f1-a019-aab15a21be5a/x_large"
"2026-06-10T12:58:55.079619","1018083697","Doritos, Ruffles, Smartfood or Rold Gold Selects Party Size","","","","4.99","ea member price","","Doritos | Ruffles | Smartfood | Rold Gold","2026-06-10","2026-06-16","Snacks","https://f.wishabi.net/page_pdf_images/23454718/285ff034-5ee8-11f1-a019-aab15a21be5a/x_large"
"2026-06-10T12:58:55.432242","1018083193","UTZ Chips 7.5 to 8-oz. Tim's Cascade or Hawaiian Potato Chips 7.5-oz.","","","2 for","5.0","member price","","UTZ | Tim's Cascade | Hawaiian","2026-06-12","2026-06-12","Snacks","https://f.wishabi.net/page_pdf_images/23454705/faed3e54-5ee7-11f1-a51e-5aadfc914ad5/x_large"
"2026-06-10T12:58:55.747199","1018082764","Just Bare Lightly Breaded Chicken Bites","","","","8.99","ea member price","","Just Bare","2026-06-10","2026-06-16","Frozen","https://f.wishabi.net/page_pdf_images/23454701/00e9c96c-5ee8-11f1-9a81-7680583efc59/x_large"
"2026-06-10T12:58:55.949586","1018082981","Harry's Cartridge Refills","EARN 4X POINTS","","","10.99","member price","","Harry’s","2026-06-10","2026-06-16","Personal Care","https://f.wishabi.net/page_pdf_images/23454720/2732c2fe-5ee8-11f1-95cb-9e79096f2b1d/x_large"
"2026-06-10T12:58:56.223404","1018083175","Cottage Rose Bouquet","","","","5.0","ea member price","","","2026-06-12","2026-06-12","Floral","https://f.wishabi.net/page_pdf_images/23454705/141c78c2-5ee8-11f1-a51e-5aadfc914ad5/x_large"
"2026-06-10T12:58:56.517004","1018082847","a2 Milk","","","","4.49","member price","","A2 Milk","2026-06-10","2026-06-16","Dairy & Eggs","https://f.wishabi.net/page_pdf_images/23454718/207059ae-5ee8-11f1-a019-aab15a21be5a/x_large"
"2026-06-10T12:58:56.746971","1018083308","Capri Sun","EARN 4x POINTS","","2 for","7.0","member price","","Capri Sun","2026-06-10","2026-06-16","Beverages","https://f.wishabi.net/page_items/422794148/1780501274/extra_large.jpg"
"2026-06-10T12:58:57.024998","1018082722","Gatorade","","","","12.99","ea member price","","Gatorade","2026-06-10","2026-06-16","Beverages","https://f.wishabi.net/page_pdf_images/23454699/1d20ef52-5ee8-11f1-bc36-260a6aae37f0/x_large"
"2026-06-10T12:58:57.206587","1018082753","Dannon Light + Fit or Oikos Triple Zero Greek Yogurt","EARN 4X POINTS","","","0.99","ea member price","","Dannon | Oikos","2026-06-10","2026-06-16","Dairy & Eggs","https://f.wishabi.net/page_items/422794069/1780501275/extra_large.jpg"
"2026-06-10T12:58:57.512034","1018082950","Signature SELECT® 9-Foot Patio Umbrella","25% OFF Member Price","","","","","","Signature SELECT®","2026-06-10","2026-06-23","Household","https://f.wishabi.net/page_pdf_images/23454720/3a82479e-5ee8-11f1-95cb-9e79096f2b1d/x_large"
"2026-06-10T12:58:57.805222","1018083119","Pampers Swaddlers Super Pack","","","","26.99","member price","","Pampers","2026-06-10","2026-06-23","Personal Care","https://f.wishabi.net/page_pdf_images/23454721/21b52f6a-5ee8-11f1-b309-2e01f53ebde5/x_large"
"2026-06-10T12:58:58.137666","1018083701","Kemps Sherbet","","","","4.99","member price","","Kemps","2026-06-10","2026-06-16","Frozen","https://f.wishabi.net/page_pdf_images/23454718/2961d4fc-5ee8-11f1-a019-aab15a21be5a/x_large"
"2026-06-10T12:58:58.349734","1018083357","Lifeway Kefir Smoothie","","","2 for","7.0","member price","","Lifeway","2026-06-10","2026-06-16","Dairy & Eggs","https://f.wishabi.net/page_items/422794157/1781049076/extra_large.jpg"
"2026-06-10T12:58:58.698814","1018082821","Nasoya Baked Tofu","","","","3.99","ea member price","","Nasoya","2026-06-10","2026-06-16","Meat & Seafood","https://f.wishabi.net/page_pdf_images/23454718/1d6d81e6-5ee8-11f1-a019-aab15a21be5a/x_large"
"2026-06-10T12:58:59.028254","1018083345","Danish Creamery Butter","","","","3.99","member price","","Danish Creamery","2026-06-10","2026-06-16","Dairy & Eggs","https://f.wishabi.net/page_items/422794152/1781049072/extra_large.jpg"
"2026-06-10T12:58:59.395011","1018083054","Premier Protein Ready to Drink","","","","26.99","member price","","Premier Protein","2026-06-10","2026-06-23","Beverages","https://f.wishabi.net/page_pdf_images/23454721/2712963c-5ee8-11f1-b309-2e01f53ebde5/x_large"
"2026-06-10T12:58:59.773231","1018083145","Kind Protein, Protein Max, Zero Sugar or Mini Bars","","","","8.99","member price","","Kind","2026-06-10","2026-06-23","Snacks","https://f.wishabi.net/page_pdf_images/23454721/172961a6-5ee8-11f1-b309-2e01f53ebde5/x_large"
"2026-06-10T12:59:00.080592","1018083117","Hershey Bar 6-Pack","","","","7.99","member price","","Hershey's","2026-06-10","2026-06-16","Snacks","https://f.wishabi.net/page_pdf_images/23454721/11c480a6-5ee8-11f1-b309-2e01f53ebde5/x_large"
"2026-06-10T12:59:00.440823","1018083020","Listerine Mouthwash","","","","9.99","member price","","Listerine","2026-06-10","2026-06-16","Personal Care","https://f.wishabi.net/page_pdf_images/23454721/1fe08d7e-5ee8-11f1-b309-2e01f53ebde5/x_large"
"2026-06-10T12:59:00.635899","1018083356","Starbucks Refreshers","","","","11.99","member price","","Starbucks","2026-06-10","2026-06-16","Beverages","https://f.wishabi.net/page_items/422794163/1781049078/extra_large.jpg"
"2026-06-10T12:59:00.849715","1018082822","Fritos 9.25 to 10-oz. Miss Vickie's Chips 7.5-oz.","","","","2.99","ea member price","","Fritos | Miss Vickie's","2026-06-10","2026-06-16","Snacks","https://f.wishabi.net/page_pdf_images/23454718/287452b8-5ee8-11f1-a019-aab15a21be5a/x_large"
"2026-06-10T12:59:01.192255","1018083017","Band-Aid Bandages 10 to 80-ct. Tylenol Extra Strength Liquid Gels 18-ct.","","","","5.99","member price","","Band-Aid | Tylenol","2026-06-10","2026-06-23","Health & Wellness","https://f.wishabi.net/page_pdf_images/23454721/2582ef38-5ee8-11f1-b309-2e01f53ebde5/x_large"
"2026-06-10T12:59:01.563790","1018083228","Dove or Dove Men Deodorant","","","","8.99","member price","","Dove","2026-06-10","2026-06-16","Personal Care","https://f.wishabi.net/page_pdf_images/23454705/064793ee-5ee8-11f1-a51e-5aadfc914ad5/x_large"
"2026-06-10T12:59:01.798142","1018083003","Febreze Air Mist","","","","3.99","member price","","Febreze","2026-06-10","2026-06-16","Household","https://f.wishabi.net/page_pdf_images/23454720/4005d442-5ee8-11f1-95cb-9e79096f2b1d/x_large"
"2026-06-10T12:59:02.085203","1018082796","Oscar Mayer Basic Lunchables","","","","1.99","ea member price","","Oscar Mayer","2026-06-10","2026-06-16","Deli & Prepared Foods","https://f.wishabi.net/page_items/422794104/1780501285/extra_large.jpg"
"2026-06-10T12:59:02.422602","1018083133","Pharmacy","Save 10% off groceries with any vaccination","","","","","","","2026-06-10","2026-06-16","Health & Wellness","https://f.wishabi.net/page_items/422794308/1780501302/extra_large.jpg"
"2026-06-10T12:59:02.744530","1018083302","Safeway 100","","","","","","","","2026-06-10","2026-06-16","Other","https://f.wishabi.net/page_items/422900514/1780501278/extra_large.jpg"
"2026-06-10T12:59:03.065962","1018083303","Philadelphia Cream Cheese","","","","3.99","ea member price","","PHILADELPHIA","2026-06-10","2026-06-16","Dairy & Eggs","https://f.wishabi.net/page_items/422794185/1780501277/extra_large.jpg"
"2026-06-10T12:59:03.376838","1018082743","SPAM Luncheon Meat 12-oz. Selected varieties. Guerrero Fajita Flour Tortillas 20-ct.","","","","2.99","ea member price","","SPAM | Guerrero","2026-06-10","2026-06-16","Pantry","https://f.wishabi.net/page_items/422794064/1780501273/extra_large.jpg"
"2026-06-10T12:59:03.652650","1018082771","Kraft Mayonnaise 22 to 30-oz. Heinz Ketchup 32-oz.","","","","3.49","ea member price","","Kraft | Heinz","2026-06-10","2026-06-16","Pantry","https://f.wishabi.net/page_items/422794095/1780501283/extra_large.jpg"
"2026-06-10T12:59:04.003801","1018082779","Kellogg's Cereal","","","","3.99","ea member price","","Kellogg's","2026-06-10","2026-06-16","Pantry","https://f.wishabi.net/page_items/422794083/1780501280/extra_large.jpg"
"2026-06-10T12:59:04.396245","1018083240","Chicken Tenders Original Nashville Hot. Smoked Sausage With Mango Habanero Sauce. Potato Wedges","","","","5.0","lb member price","","","2026-06-12","2026-06-12","Deli & Prepared Foods","https://f.wishabi.net/page_items/422794051/1780501292/extra_large.jpg"
"2026-06-10T12:59:04.613912","1018082736","Twix or Snickers Ice Cream Bars","EARN 4X POINTS","","","3.49","ea member price","","Twix | Snickers","2026-06-10","2026-06-16","Frozen","https://f.wishabi.net/page_items/422794061/1780501272/extra_large.jpg"
"2026-06-10T12:59:04.912564","1018083232","USDA Choice Beef Chuck Short Ribs","","","","5.0","lb member price","","","2026-06-12","2026-06-12","Meat & Seafood","https://f.wishabi.net/page_items/422794048/1780501291/extra_large.jpg"
"2026-06-10T12:59:05.114304","1018082603","Chobani Greek Yogurt","EARN 4X POINTS","","","2.99","ea member price","","Chobani","2026-06-10","2026-06-16","Dairy & Eggs","https://f.wishabi.net/page_items/422793836/1780501274/extra_large.jpg"
"2026-06-10T12:59:05.466486","1018082683","Large Navel Oranges","","","","1.69","lb member price","","","2026-06-10","2026-06-16","Produce","https://f.wishabi.net/page_pdf_images/23454699/fd2e2552-5ee7-11f1-bc36-260a6aae37f0/x_large"
"2026-06-10T12:59:05.762734","1018082835","Bonduelle Bistro Grande Bowl","EARN 4X POINTS","","","5.99","ea member price","","Bonduelle","2026-06-10","2026-06-16","Deli & Prepared Foods","https://f.wishabi.net/page_items/422794229/1780501285/extra_large.jpg"
"2026-06-10T12:59:05.976829","1018082621","Garden Spray Roses","","","","11.99","","","","2026-06-10","2026-06-16","Floral","https://f.wishabi.net/page_pdf_images/23454699/03fa7ce6-5ee8-11f1-bc36-260a6aae37f0/x_large"
"2026-06-10T12:59:06.293396","1018082920","Charbroil 4-Burner Pro Gas Grill","25% OFF Member Price","","","","","","CharBroil","2026-06-10","2026-06-16","Household","https://f.wishabi.net/page_pdf_images/23454720/1294d120-5ee8-11f1-95cb-9e79096f2b1d/x_large"
"2026-06-10T12:59:06.620648","1018082956","Mr. BBQ Hershey's S'mores Tools","BUY 1 GET 1 50% OFF Member Price","","","","","","Hershey's","2026-06-10","2026-06-16","Household","https://f.wishabi.net/page_pdf_images/23454720/36a4e758-5ee8-11f1-95cb-9e79096f2b1d/x_large"
"2026-06-10T12:59:06.843541","1018082752","1800 Tequila","","","","24.99","ea member price","","1800 Tequila","2026-06-10","2026-06-16","Beverages","https://f.wishabi.net/page_items/422794067/1780501274/extra_large.jpg"
"2026-06-10T12:59:07.080066","1018083061","Earth's Best Organic Crunchy Sticks","","","2 for","5.0","member price","","Earth's Best","2026-06-10","2026-06-16","Snacks","https://f.wishabi.net/page_pdf_images/23454721/2007330c-5ee8-11f1-b309-2e01f53ebde5/x_large"
"2026-06-10T12:59:07.319702","1018082967","Schick Xtreme Disposable Razors","","","","5.99","ea","9.99","Schick","2026-06-10","2026-06-16","Personal Care","https://f.wishabi.net/page_pdf_images/23454720/2a85fc64-5ee8-11f1-95cb-9e79096f2b1d/x_large"
"2026-06-10T12:59:07.569817","1018083004","Edge or Skintimate Shave Gel","-$2 OFF 2 Digital Coupon, EARN 4X POINTS","","","3.99","ea when you buy 2","","Edge | Skintimate","2026-06-10","2026-06-23","Personal Care","https://f.wishabi.net/page_pdf_images/23454720/28e65aca-5ee8-11f1-95cb-9e79096f2b1d/x_large"
"2026-06-10T12:59:07.793773","1018082574","Signature SELECT® Coffee","EARN 4X POINTS","","","27.99","ea member price","","Signature SELECT®","2026-06-10","2026-06-16","Beverages","https://f.wishabi.net/page_items/422793827/1780501271/extra_large.jpg"
"2026-06-10T12:59:07.977261","1018083108","O Organics® Baby Food Pouch or Jar","","","4 for","5.0","member price","","O Organics®","2026-06-10","2026-06-23","Pantry","https://f.wishabi.net/page_pdf_images/23454721/25c98560-5ee8-11f1-b309-2e01f53ebde5/x_large"
"2026-06-10T12:59:08.276472","1018083137","Signature Care® Electrolyte Solution","","","","4.99","member price","","Signature Care®","2026-06-10","2026-06-16","Health & Wellness","https://f.wishabi.net/page_pdf_images/23454721/20c0d21c-5ee8-11f1-b309-2e01f53ebde5/x_large"
"2026-06-10T12:59:08.616355","1018083226","Signature SELECT® Boneless Pork Top Loin Roast","","","2 lbs for","5.0","member price","","Signature SELECT®","2026-06-12","2026-06-12","Meat & Seafood","https://f.wishabi.net/page_pdf_images/23454705/fcae0d4a-5ee7-11f1-a51e-5aadfc914ad5/x_large"
"2026-06-10T12:59:08.840965","1019328198","Fage Yogurt","","","","","","","","2026-06-10","2026-06-16","Dairy & Eggs",""
"2026-06-10T12:59:09.231091","1018083139","Baby Club Savings","BUY $25 SAVE $5 fo U*","","","","","","","2026-06-10","2026-06-16","Other","https://f.wishabi.net/page_items/422794309/1780501303/extra_large.jpg"
"2026-06-10T12:59:09.486362","1018082627","Lemon","","","","0.99","ea","","","2026-06-10","2026-06-16","Produce","https://f.wishabi.net/page_items/422793861/1780501281/extra_large.jpg"
"2026-06-10T12:59:09.688402","1018083222","Quaker Standard Oats","","","","5.99","member price","","Quaker","2026-06-10","2026-06-16","Pantry","https://f.wishabi.net/page_pdf_images/23454705/09d72ac4-5ee8-11f1-a51e-5aadfc914ad5/x_large"
"2026-06-10T12:59:10.004528","1018082643","Muffins","","","","5.99","","","","2026-06-10","2026-06-16","Bakery","https://f.wishabi.net/page_pdf_images/23454699/fd28ba18-5ee7-11f1-bc36-260a6aae37f0/x_large"
"2026-06-17T13:42:17.977969","1019394428","Hass Avocados","","","2 for","4.0","","","","2026-06-17","2026-06-23","Produce","https://f.wishabi.net/page_items/423544815/1781065778/extra_large.jpg"
"2026-06-17T13:42:18.340320","1019394340","Lucky Bamboo","","","","29.88","","","","2026-06-17","2026-06-23","Floral","https://f.wishabi.net/page_pdf_images/23493271/a1eb95c2-6459-11f1-ad5a-bed09a5af4ec/x_large"
"2026-06-17T13:42:18.679260","1019394388","Large Navel Oranges","","","","1.69","lb member price","","","2026-06-17","2026-06-23","Produce","https://f.wishabi.net/page_pdf_images/23493271/9f4a0704-6459-11f1-ad5a-bed09a5af4ec/x_large"
"2026-06-17T13:42:18.982974","1019394374","Isernio's Ground Chicken","","","","7.99","ea member price","","Isernio's","2026-06-17","2026-06-23","Meat & Seafood","https://f.wishabi.net/page_pdf_images/23493271/995254be-6459-11f1-ad5a-bed09a5af4ec/x_large"
"2026-06-17T13:42:19.276180","1019394382","Trans-Ocean Crab Classics","","","2 for","5.0","member price","","Trans-Ocean","2026-06-17","2026-06-23","Meat & Seafood","https://f.wishabi.net/page_pdf_images/23493271/9a085bec-6459-11f1-ad5a-bed09a5af4ec/x_large"
"2026-06-17T13:42:19.532233","1019394357","Jon Donarier Cheesecake Platter","","","","20.99","member price","","","2026-06-17","2026-06-23","Deli & Prepared Foods","https://f.wishabi.net/page_pdf_images/23493271/96ff5432-6459-11f1-ad5a-bed09a5af4ec/x_large"
"2026-06-17T13:42:19.894622","1019394350","USDA Choice Boneless Beef Tri Tip Steak","","","","9.99","lb member price","","","2026-06-17","2026-06-23","Meat & Seafood","https://f.wishabi.net/page_items/423544737/1781065759/extra_large.jpg"
"2026-06-17T13:42:20.200419","1019394396","Artisan Garlic Bread","","","","2.99","member price","","","2026-06-17","2026-06-23","Bakery","https://f.wishabi.net/page_pdf_images/23493271/a5fde0ac-6459-11f1-ad5a-bed09a5af4ec/x_large"
"2026-06-17T13:42:20.541566","1019394413","Primo Taglio® Variety Cheese Tray","","","","9.99","ea member price","","Primo Taglio®","2026-06-17","2026-06-23","Deli & Prepared Foods","https://f.wishabi.net/page_pdf_images/23493271/a09be492-6459-11f1-ad5a-bed09a5af4ec/x_large"
"2026-06-17T13:42:20.909294","1019395038","Nescafé Coffee or Espresso Concentrate","","","","9.99","ea member price","","Nescafe","2026-06-17","2026-06-23","Beverages","https://f.wishabi.net/page_items/423545173/1781065756/extra_large.jpg"
"2026-06-17T13:42:21.217599","1019392275","Lobster Tail","","","","5.99","ea member price","","","2026-06-17","2026-06-23","Meat & Seafood","https://f.wishabi.net/page_pdf_images/23493266/ae33bdfa-6459-11f1-9032-9262faaa536a/x_large"
"2026-06-17T13:42:21.616199","1019403392","Summer Party Goods","","","3 for","5.0","member price","","","2026-06-17","2026-06-23","Other","https://f.wishabi.net/page_pdf_images/23493292/acfae936-6459-11f1-9d25-3626f76f20b6/x_large"
"2026-06-17T13:42:21.854361","1019403979","Signature Care® Electrolyte Solution","","","","4.99","member price","","Signature Care®","2026-06-17","2026-06-23","Health & Wellness","https://f.wishabi.net/page_pdf_images/23493293/b47c44a2-6459-11f1-929b-ba8bdfeae1e7/x_large"
"2026-06-17T13:42:22.348823","1019395049","Nature's Own Perfectly Crafted Bread 22-oz. Buns 16 to 18-oz.","","","","2.99","ea member price","","Nature's Own","2026-06-17","2026-06-23","Bakery","https://f.wishabi.net/page_items/423545184/1781065760/extra_large.jpg"
"2026-06-17T13:42:22.567147","1019395056","Lucerne® Flavored Creamer","","","","2.99","ea member price","","Lucerne®","2026-06-17","2026-06-23","Dairy & Eggs","https://f.wishabi.net/page_items/423545190/1781065762/extra_large.jpg"
"2026-06-17T13:42:22.804028","1019395051","Land O'Lakes Butter","","","","3.49","ea member price","","Land O'Lakes","2026-06-17","2026-06-23","Dairy & Eggs","https://f.wishabi.net/page_items/423545193/1781065763/extra_large.jpg"
"2026-06-17T13:42:23.085329","1019395060","Caspers Hot Dogs","","","","8.99","ea member price","","Caspers","2026-06-17","2026-06-23","Meat & Seafood","https://f.wishabi.net/page_items/423545196/1781065763/extra_large.jpg"
"2026-06-17T13:42:23.458099","1019395068","St. Louis Style Ribs","","","","12.99","ea member price","","","2026-06-17","2026-06-23","Meat & Seafood","https://f.wishabi.net/page_items/423545202/1781065765/extra_large.jpg"
"2026-06-17T13:42:23.686052","1019392238","Ben & Jerry's Ice Cream Pint. Ice Cream Bars 4-pk. Popsicle Ice Pops 9 to 18-ct.","EARN 4x POINTS","","","2.99","ea member price","","Ben & Jerry's | Popsicle","2026-06-17","2026-06-23","Frozen","https://f.wishabi.net/page_items/423544642/1781065752/extra_large.jpg"
"2026-06-17T13:42:24.049013","1019394397","Lemon","","","","0.99","ea","","","2026-06-17","2026-06-23","Produce","https://f.wishabi.net/page_pdf_images/23493271/9fee2884-6459-11f1-ad5a-bed09a5af4ec/x_large"
"2026-06-17T13:42:24.402695","1019403340","Signature SELECT® Stack Chair","25% OFF Member Price","","","","","","Signature SELECT®","2026-06-10","2026-06-23","Household","https://f.wishabi.net/page_pdf_images/23493292/b2f33276-6459-11f1-9d25-3626f76f20b6/x_large"
"2026-06-17T13:42:24.755767","1019403419","Clorox Disinfecting Wipes","","","","6.99","member price","","Clorox","2026-06-17","2026-06-23","Household","https://f.wishabi.net/page_pdf_images/23493292/b84be8bc-6459-11f1-9d25-3626f76f20b6/x_large"
"2026-06-17T13:42:25.028802","1019403858","Band-Aid Bandages 10 to 80-ct. Tylenol Extra Strength Liquid Gels 18-ct.","","","","5.99","member price","","Band-Aid | Tylenol","2026-06-17","2026-06-23","Health & Wellness","https://f.wishabi.net/page_pdf_images/23493293/be3e3112-6459-11f1-929b-ba8bdfeae1e7/x_large"
"2026-06-17T13:42:25.355728","1019403864","Listerine Mouthwash","","","","9.99","member price","","Listerine","2026-06-10","2026-06-23","Personal Care","https://f.wishabi.net/page_pdf_images/23493293/b2a3bc50-6459-11f1-929b-ba8bdfeae1e7/x_large"
"2026-06-17T13:42:25.586842","1019403963","Softsoap Liquid Hand Soap","","","2 for","4.0","member price","","Softsoap","2026-06-17","2026-06-23","Personal Care","https://f.wishabi.net/page_pdf_images/23493293/a3d48a2e-6459-11f1-929b-ba8bdfeae1e7/x_large"
"2026-06-17T13:42:25.940509","1019395081","Stouffer's Mid Tier Entrée 8.37 to 12.62-oz. Lean Cuisine Entrée 6 to 11-oz.","EARN 4x POINTS","","","2.99","ea member price","","Stouffer's | Lean Cuisine","2026-06-17","2026-06-23","Frozen","https://f.wishabi.net/page_items/423545205/1781065765/extra_large.jpg"
"2026-06-17T13:42:26.371486","1019411660","Tostitos, Smartfood or Rold Gold Selects Party Size","","","","4.99","ea member price","","Tostitos | Smartfood | Rold Gold","2026-06-17","2026-06-23","Snacks","https://f.wishabi.net/page_pdf_images/23493291/a3cf0464-6459-11f1-ac95-f6b7adabeaf5/x_large"
"2026-06-17T13:42:26.801346","1019411635","Frito-Lay Variety Pack","","","","8.99","ea member price","","Frito-Lay","2026-06-17","2026-06-23","Snacks","https://f.wishabi.net/page_pdf_images/23493291/a30e3afe-6459-11f1-ac95-f6b7adabeaf5/x_large"
"2026-06-17T13:42:27.301256","1019395071","Applegate Farms Bacon","","","","5.99","ea member price","","Applegate Farms","2026-06-17","2026-06-23","Meat & Seafood","https://f.wishabi.net/page_items/423545199/1781065764/extra_large.jpg"
"2026-06-17T13:42:27.695409","1019403977","Pharmacy","Save 10% off groceries with any vaccination","","","","","","","2026-06-17","2026-06-23","Health & Wellness","https://f.wishabi.net/page_items/423545127/1781065774/extra_large.jpg"
"2026-06-17T13:42:28.000846","1019394415","Signature SELECT® Assorted Pork Loin Chops","","","","3.99","lb member price","","Signature SELECT®","2026-06-17","2026-06-23","Meat & Seafood","https://f.wishabi.net/page_pdf_images/23493268/9d447264-6459-11f1-8dd7-22382735336d/x_large"
"2026-06-17T13:42:28.247788","1019394405","Hatfield Marinated Pork","","","","8.99","ea member price","","Hatfield","2026-06-17","2026-06-23","Meat & Seafood","https://f.wishabi.net/page_pdf_images/23493271/9d371812-6459-11f1-ad5a-bed09a5af4ec/x_large"
"2026-06-17T13:42:28.569449","1019394363","Boar's Head Green Salad","","","","7.99","ea member price","","Boar's Head","2026-06-17","2026-06-23","Deli & Prepared Foods","https://f.wishabi.net/page_pdf_images/23493271/a5534d54-6459-11f1-ad5a-bed09a5af4ec/x_large"
"2026-06-17T13:42:28.950003","1019402703","Fresh Pass","5% off","","","","","","","2026-06-17","2026-06-23","Other","https://f.wishabi.net/page_items/423545053/1781065751/extra_large.jpg"
"2026-06-17T13:42:29.240027","1019392229","Quaker Chewy Granola Bars 5 to 8-ct. Cap'n Crunch's or Life Cereal 10.3 to 13-oz. Instant Oatmeal 8.4 to 14.1-oz.","EARN 4x POINTS","","","1.99","ea member price when you buy 3","","Quaker","2026-06-17","2026-06-23","Pantry","https://f.wishabi.net/page_pdf_images/23493266/98eb9dfa-6459-11f1-9032-9262faaa536a/x_large"
"2026-06-17T13:42:29.505472","1019392251","Nabisco Snack Crackers 3.5 to 9.1-oz. Chips Ahoy! Cookies 9.5 to 13-oz. Kettle Potato Chips 6 to 7.5-oz.","EARN 4x POINTS","","","1.99","ea member price","","Nabisco | Chips Ahoy! | Kettle","2026-06-17","2026-06-23","Snacks","https://f.wishabi.net/page_items/423544652/1781065755/extra_large.jpg"
"2026-06-17T13:42:29.856974","1019392273","Taylor Farms Chopped Salad Kit 7.3 to 13.5-oz. Fresh Express Chopped Salad Kit 6.7 to 13.3-oz.","","","","3.99","ea member price when you buy 2","","Taylor Farms | Fresh Express","2026-06-17","2026-06-23","Produce","https://f.wishabi.net/page_pdf_images/23493266/ad6a78c8-6459-11f1-9032-9262faaa536a/x_large"
"2026-06-17T13:42:30.162945","1019392285","Personal Seedless Watermelon, Cantaloupe or Honeydew","BUY 1 GET 1 FREE Member Price When you Buy 2","","","","","","","2026-06-17","2026-06-23","Produce","https://f.wishabi.net/page_items/423544684/1781065763/extra_large.jpg"
"2026-06-17T13:42:30.464498","1019392289","USDA Choice Boneless Beef Tri Tip Roast","","","","5.99","lb member price","","","2026-06-17","2026-06-23","Meat & Seafood","https://f.wishabi.net/page_pdf_images/23493262/a1efb1a2-6459-11f1-ac19-e69284001f75/x_large"
"2026-06-17T13:42:30.812911","1019392312","TENDERS","","","","6.99","lb member price","","","2026-06-22","2026-06-22","Deli & Prepared Foods","https://f.wishabi.net/page_items/423566654/1781065766/extra_large.jpg"
"2026-06-17T13:42:31.100516","1019392219","Ruffles, Doritos, SunChips or PopCorners","","","","2.49","ea member price when you buy 4","","Ruffles | Doritos | SunChips | PopCorners","2026-06-17","2026-06-23","Snacks","https://f.wishabi.net/page_pdf_images/23493266/9ca0202e-6459-11f1-9032-9262faaa536a/x_large"
"2026-06-17T13:42:31.425485","1019392260","Barilla Pasta","","","4 for","5.0","member price","","Barilla","2026-06-17","2026-06-23","Pantry","https://f.wishabi.net/page_pdf_images/23493266/9f78f4ce-6459-11f1-9032-9262faaa536a/x_large"
"2026-06-17T13:42:31.664544","1019392237","Signature SELECT® Sandwich Bread 20 to 22-oz. Skippy Peanut Butter 15 to 16.3-oz.","","","","0.99","ea member price","","Signature SELECT® | Skippy","2026-06-17","2026-06-23","Pantry","https://f.wishabi.net/page_items/423544638/1781065752/extra_large.jpg"
"2026-06-17T13:42:32.060272","1019392272","Waterfront Bistro® Jumbo Raw Shrimp","","","","6.99","lb member price","","WATERFRONT BISTRO®","2026-06-17","2026-06-23","Meat & Seafood","https://f.wishabi.net/page_items/423544672/1781065760/extra_large.jpg"
"2026-06-17T13:42:32.414235","1019392227","Lucerne® Sliced Cheese 24-oz. Chunk or Shredded Cheese 32-oz.","EARN 4x POINTS","","","5.99","ea member price","","Lucerne®","2026-06-17","2026-06-23","Dairy & Eggs","https://f.wishabi.net/page_items/423544630/1781065750/extra_large.jpg"
"2026-06-17T13:42:32.835763","1019392246","Sweet Corn","","","8 for","1.0","member price","","","2026-06-17","2026-06-23","Produce","https://f.wishabi.net/page_items/423544646/1781065753/extra_large.jpg"
"2026-06-17T13:42:33.223307","1019392288","New York Style Sausage 16-oz. Johnsonville Sausage 19-oz. Evergood Sausage 12-oz. Hebrew National Beef Franks 10.3 to 12-oz.","","","","4.99","ea member price","","New York Style | Johnsonville | Evergood | Hebrew National","2026-06-17","2026-06-23","Meat & Seafood","https://f.wishabi.net/page_items/423544680/1781065762/extra_large.jpg"
"2026-06-17T13:42:33.475047","1019392634","Yoplait Yogurt or Protein Yogurt","","","","0.39","ea member price when you buy 10","","Yoplait","2026-06-17","2026-06-23","Dairy & Eggs","https://f.wishabi.net/page_pdf_images/23493266/99ee6066-6459-11f1-9032-9262faaa536a/x_large"
"2026-06-17T13:42:33.818706","1019392664","Pepsi 12-pack, 12-oz. cans or 6-pack, 16.9-oz. bottles. Pepsi Probiotic 8-pack, 12-oz. Lipton Tea 12-pack, 16.9-oz. Pure Leaf 6-pack, 16.9-oz. Gatorade 8-pack, 20-oz.","","","","5.99","ea member price when you buy 4","","Pepsi | Lipton | Pure Leaf | Gatorade","2026-06-17","2026-06-23","Beverages","https://f.wishabi.net/page_pdf_images/23493266/a23f2520-6459-11f1-9032-9262faaa536a/x_large"
"2026-06-17T13:42:34.140859","1019392666","Modelo, Corona, Pacifico, Sierra Nevada or Heineken 12-pack, 11.2 to 12-oz. High Noon 8-pack, 355-ml. cans.","","","","13.88","ea member price when you buy 2","","Modelo | Corona | Pacifico | Sierra Nevada | Heineken | High Noon","2026-06-17","2026-06-23","Beverages","https://f.wishabi.net/page_pdf_images/23493266/b4510904-6459-11f1-9032-9262faaa536a/x_large"
"2026-06-17T13:42:34.542993","1019392659","Signature SELECT® 90% Lean Ground Beef","","","","6.99","lb member price","","Signature SELECT®","2026-06-17","2026-06-23","Meat & Seafood","https://f.wishabi.net/page_pdf_images/23493266/aefe8a12-6459-11f1-9032-9262faaa536a/x_large"
"2026-06-17T13:42:34.788494","1019392668","Red Cherries","","","","2.99","lb member price","","","2026-06-17","2026-06-23","Produce","https://f.wishabi.net/page_pdf_images/23493266/972e17b8-6459-11f1-9032-9262faaa536a/x_large"
"2026-06-17T13:42:35.147118","1019392662","Dave's Killer Bagels or English Muffins 13.2 to 16.75-oz. Thin Sliced Bread 20.5-oz.","","","","4.99","member price","","Dave's Killer","2026-06-17","2026-06-23","Bakery","https://f.wishabi.net/page_pdf_images/23493266/9df2b50e-6459-11f1-9032-9262faaa536a/x_large"
"2026-06-17T13:42:35.501402","1019394321","McCormick Garlic Powder 3.12-oz. Black Pepper 3-oz.","EARN 4x POINTS","","","3.99","member price","","McCormick","2026-06-17","2026-06-23","Pantry","https://f.wishabi.net/page_pdf_images/23493271/ac558b4e-6459-11f1-ad5a-bed09a5af4ec/x_large"
"2026-06-17T13:42:35.922937","1019394425","Boar's Head London Broil Roast Beef","","","","13.99","lb member price","","Boar's Head","2026-06-17","2026-06-23","Deli & Prepared Foods","https://f.wishabi.net/page_pdf_images/23493271/a2b72f16-6459-11f1-ad5a-bed09a5af4ec/x_large"
"2026-06-17T13:42:36.332252","1019394441","EARN 4x for U POINTS","EARN 4x for U POINTS","","","","","","","2026-06-17","2026-06-23","Other","https://f.wishabi.net/page_items/423566671/1781065783/extra_large.jpg"
"2026-06-17T13:42:36.591451","1019394319","Fage Greek Yogurt","EARN 4x POINTS","","4 for","5.0","member price","","Fage","2026-06-17","2026-06-23","Dairy & Eggs","https://f.wishabi.net/page_pdf_images/23493271/aa53561e-6459-11f1-ad5a-bed09a5af4ec/x_large"
"2026-06-17T13:42:36.892830","1019394334","Honeycrisp Apples","EARN 4x POINTS","","","2.99","lb member price","","","2026-06-17","2026-06-23","Produce","https://f.wishabi.net/page_pdf_images/23493271/a76246f4-6459-11f1-ad5a-bed09a5af4ec/x_large"
"2026-06-17T13:42:37.129888","1019394314","Boar's Head Thick Cut Bacon","EARN 4x POINTS","","","8.99","ea member price","","Boar's Head","2026-06-17","2026-06-23","Meat & Seafood","https://f.wishabi.net/page_pdf_images/23493271/a8ca6ada-6459-11f1-ad5a-bed09a5af4ec/x_large"
"2026-06-17T13:42:37.446926","1019394329","Halo Top Ice Cream","EARN 4x POINTS","","2 for","7.0","member price","","Halo Top","2026-06-17","2026-06-23","Frozen","https://f.wishabi.net/page_pdf_images/23493271/a8126c82-6459-11f1-ad5a-bed09a5af4ec/x_large"
"2026-06-17T13:42:37.828723","1019394443","Gourmet Cinnamon Rolls or Sticky Buns","","","","8.99","","","","2026-06-17","2026-06-23","Bakery","https://f.wishabi.net/page_pdf_images/23493271/a35bff46-6459-11f1-ad5a-bed09a5af4ec/x_large"
"2026-06-17T13:42:38.134394","1019394436","Father's Day Bouquet","","","","12.99","","","","2026-06-17","2026-06-23","Floral","https://f.wishabi.net/page_pdf_images/23493271/a36686b4-6459-11f1-ad5a-bed09a5af4ec/x_large"
"2026-06-17T13:42:38.511170","1019394346","Foster Farms Fresh & Natural Chicken Leg Quarters","EARN 2x POINTS","","","0.99","lb member price","","Foster Farms","2026-06-17","2026-06-23","Meat & Seafood","https://f.wishabi.net/page_pdf_images/23493271/9bcb5826-6459-11f1-ad5a-bed09a5af4ec/x_large"
"2026-06-17T13:42:38.843647","1019394364","Mini Summer Orchid","","","","16.99","","","","2026-06-17","2026-06-23","Floral","https://f.wishabi.net/page_pdf_images/23493271/a6a544be-6459-11f1-ad5a-bed09a5af4ec/x_large"
"2026-06-17T13:42:39.272318","1019394341","Boar's Head Grab-n-Go Wrap Sandwich","EARN 4x POINTS","","","7.99","ea member price","","Boar's Head","2026-06-17","2026-06-23","Deli & Prepared Foods","https://f.wishabi.net/page_pdf_images/23493271/a14083b2-6459-11f1-ad5a-bed09a5af4ec/x_large"
"2026-06-17T13:42:39.641984","1019394392","Wild Caught Fresh Sockeye Salmon Fillet","","","","16.99","lb member price","","Wild Caught","2026-06-17","2026-06-23","Meat & Seafood","https://f.wishabi.net/page_pdf_images/23493271/9967edba-6459-11f1-ad5a-bed09a5af4ec/x_large"
"2026-06-17T13:42:39.854274","1019394407","Fresh Large BBQ Oysters","","","12 for","12.0","member price","","","2026-06-17","2026-06-23","Meat & Seafood","https://f.wishabi.net/page_pdf_images/23493268/a01ee85c-6459-11f1-8dd7-22382735336d/x_large"
"2026-06-17T13:42:40.047163","1019394378","Fresh Baked Bagels","","","","5.99","","","","2026-06-17","2026-06-23","Bakery","https://f.wishabi.net/page_pdf_images/23493271/a40f221a-6459-11f1-ad5a-bed09a5af4ec/x_large"
"2026-06-17T13:42:40.308169","1019394369","Bouquet of the Month","","","","16.99","","","","2026-06-17","2026-06-23","Floral","https://f.wishabi.net/page_pdf_images/23493271/a4b4e8d0-6459-11f1-ad5a-bed09a5af4ec/x_large"
"2026-06-17T13:42:40.723639","1019395264","Green Asparagus","","","","4.99","lb member price","","","2026-06-17","2026-06-23","Produce","https://f.wishabi.net/page_pdf_images/23493282/a52fc8f2-6459-11f1-bc96-be63bced31ba/x_large"
"2026-06-17T13:42:41.049273","1019395272","Sara Lee Bagels or Oroweat English Muffins","","","2 for","5.0","member price","","Sara Lee | Oroweat","2026-06-19","2026-06-19","Bakery","https://f.wishabi.net/page_pdf_images/23493282/b089bc1c-6459-11f1-bc96-be63bced31ba/x_large"
"2026-06-17T13:42:41.431272","1019395015","Pepperidge Farm Milano, Sweet & Simple or Chunk Cookies","","","","3.49","ea member price","","Pepperidge Farm","2026-06-17","2026-06-23","Snacks","https://f.wishabi.net/page_items/423545157/1781065752/extra_large.jpg"
"2026-06-17T13:42:41.627481","1019395027","Nabisco Ritz Crackers 8.8 to 13.7-oz. Toasted Chips 7 to 8.1-oz.","EARN 4x POINTS","","","2.49","ea member price","","Nabisco","2026-06-17","2026-06-23","Snacks","https://f.wishabi.net/page_items/423545166/1781065754/extra_large.jpg"
"2026-06-17T13:42:41.834378","1019395096","Signature SELECT® refreshe® Purified Drinking Water","","","","3.99","ea member price","","Signature SELECT®","2026-06-17","2026-06-23","Beverages","https://f.wishabi.net/page_items/423545217/1781065768/extra_large.jpg"
"2026-06-17T13:42:42.071350","1019395055","Hidden Valley Ranch Dressing 16-oz. Kinder's Dry Rub 4.2 to 6.25-oz.","","","","3.49","ea member price","","Hidden Valley | Kinder's","2026-06-17","2026-06-23","Pantry","https://f.wishabi.net/page_items/423545187/1781065761/extra_large.jpg"
"2026-06-17T13:42:42.319594","1019395045","Guerrero King Size Corn Tortillas","","","","2.49","ea member price","","Guerrero","2026-06-17","2026-06-23","Pantry","https://f.wishabi.net/page_items/423545179/1781065759/extra_large.jpg"
"2026-06-17T13:42:42.657051","1019395263","Betty Crocker Fruit Snacks 6 to 10-ct. Nature Valley Bars 5 to 6-ct.","","","3 for","5.0","member price","","Betty Crocker | Nature Valley","2026-06-19","2026-06-19","Snacks","https://f.wishabi.net/page_pdf_images/23493282/98dbbdae-6459-11f1-bc96-be63bced31ba/x_large"
"2026-06-17T13:42:42.865888","1019395277","Fresh Sushi","","","","5.0","ea member price","","","2026-06-19","2026-06-19","Deli & Prepared Foods","https://f.wishabi.net/page_pdf_images/23493282/b50034b0-6459-11f1-bc96-be63bced31ba/x_large"
"2026-06-17T13:42:43.239731","1019395040","Electrolit, Ghost or Vita Coco","EARN 4x POINTS","","","2.29","ea member price","","Electrolit | Ghost | Vita Coco","2026-06-17","2026-06-23","Beverages","https://f.wishabi.net/page_items/423545178/1781065758/extra_large.jpg"
"2026-06-17T13:42:43.570845","1019395016","Dot's Pretzels 16-oz. SkinnyPop Popcorn 8-oz.","EARN 4x POINTS","","","4.99","ea member price","","Dot's | SkinnyPop","2026-06-17","2026-06-23","Snacks","https://f.wishabi.net/page_items/423545160/1781065753/extra_large.jpg"
"2026-06-17T13:42:43.943750","1019395036","belVita Breakfast Biscuits 5 to 8.8-oz. Cheez-It Crackers 6.5 to 12.4-oz.","EARN 4x POINTS","","","2.99","ea member price","","belVita | Cheez-It","2026-06-17","2026-06-23","Snacks","https://f.wishabi.net/page_items/423545175/1781065757/extra_large.jpg"
"2026-06-17T13:42:44.155850","1019395009","Gain Laundry Detergent","","","","12.99","ea member price","","Gain","2026-06-17","2026-06-23","Household","https://f.wishabi.net/page_items/423545153/1781065750/extra_large.jpg"
"2026-06-17T13:42:44.392523","1019395031","Tillamook Shredded, Sliced, Chunk, Cream Cheese Spread or Cracker Cuts","","","","2.99","ea member price","","Tillamook","2026-06-17","2026-06-23","Dairy & Eggs","https://f.wishabi.net/page_items/423545169/1781065755/extra_large.jpg"
"2026-06-17T13:42:44.736355","1019395010","Jack Daniel's","","","","16.99","ea member price","","Jack Daniel's","2026-06-17","2026-06-23","Beverages","https://f.wishabi.net/page_items/423545155/1781065751/extra_large.jpg"
"2026-06-17T13:42:45.029594","1019395084","Signature SELECT® Pizza","EARN 4x POINTS","","","3.99","ea member price","","Signature SELECT®","2026-06-17","2026-06-23","Frozen","https://f.wishabi.net/page_items/423545214/1781065768/extra_large.jpg"
"2026-06-17T13:42:45.379612","1019395020","Totino's Pizza Rolls","","","","5.99","ea member price","","Totino's","2026-06-17","2026-06-23","Frozen","https://f.wishabi.net/page_items/423545163/1781065753/extra_large.jpg"
"2026-06-17T13:42:45.649224","1019395032","Viva Paper Towels 6-ct. Double Rolls. Selected varieties. Cottonelle Bath Tissue 12-Mega Rolls. Fresh Care Wipes 336-ct.","","","","11.99","ea member price","","Viva | Cottonelle","2026-06-17","2026-06-23","Household","https://f.wishabi.net/page_items/423545172/1781065756/extra_large.jpg"
"2026-06-17T13:42:46.041662","1019395079","Lactaid Milk","","","","3.99","ea member price","","LACTAID®","2026-06-17","2026-06-23","Dairy & Eggs","https://f.wishabi.net/page_items/423545208/1781065766/extra_large.jpg"
"2026-06-17T13:42:46.256440","1019395080","Open Nature® Split Lobster Tails","","","","24.99","ea member price","","OPEN NATURE®","2026-06-17","2026-06-23","Meat & Seafood","https://f.wishabi.net/page_items/423545211/1781065767/extra_large.jpg"
"2026-06-17T13:42:46.627952","1019395044","Firestone Walker or Bear Republic","","","","15.99","ea member price","","Firestone Walker | Bear Republic","2026-06-17","2026-06-23","Beverages","https://f.wishabi.net/page_items/423545182/1781065759/extra_large.jpg"
"2026-06-17T13:42:46.975252","1019395094","Safeway for u","","","","","","","","2026-06-17","2026-06-23","Other","https://f.wishabi.net/page_items/423545219/1781065769/extra_large.jpg"
"2026-06-17T13:42:47.326799","1019395245","Strawberries","","","","5.0","ea member price","","","2026-06-19","2026-06-19","Produce","https://f.wishabi.net/page_pdf_images/23493282/a626ed44-6459-11f1-bc96-be63bced31ba/x_large"
"2026-06-17T13:42:47.710734","1019395302","Signature SELECT® Pork Spareribs Whiskey","","","","5.99","lb member price","","Signature SELECT®","2026-06-17","2026-06-23","Meat & Seafood","https://f.wishabi.net/page_pdf_images/23493282/a34bb4f6-6459-11f1-bc96-be63bced31ba/x_large"
"2026-06-17T13:42:47.969895","1019395249","Tide Laundry Detergent 32 to 34-oz. Selected varieties. Gain Laundry Detergent 16-ct. Flings or 46-oz. Liquid. Bounty Essentials Paper Towel 2-Triple Rolls.","","","","5.0","ea member price","","Tide | Gain | Bounty","2026-06-19","2026-06-19","Household","https://f.wishabi.net/page_pdf_images/23493282/9ccc72e6-6459-11f1-bc96-be63bced31ba/x_large"
"2026-06-17T13:42:48.258385","1019395257","Apothecary Roses","","","","5.0","ea member price","","","2026-06-19","2026-06-19","Floral","https://f.wishabi.net/page_pdf_images/23493282/ac4ab9da-6459-11f1-bc96-be63bced31ba/x_large"
"2026-06-17T13:42:48.557014","1019395288","Signature SELECT® or Bonduelle Bistro Salad Bowl","","","2 for","5.0","member price","","Signature SELECT® | Bonduelle","2026-06-19","2026-06-19","Deli & Prepared Foods","https://f.wishabi.net/page_pdf_images/23493282/a8dbd20c-6459-11f1-bc96-be63bced31ba/x_large"
"2026-06-17T13:42:48.828415","1019395295","Chicken Wings Bone-In only. Available in the Deli. St. Louis Style Ribs 10-oz. Half Rack. Reser's American Classics Salad 48-oz.","","","","5.0","member price","","","2026-06-19","2026-06-19","Deli & Prepared Foods","https://f.wishabi.net/page_pdf_images/23493282/998b8356-6459-11f1-bc96-be63bced31ba/x_large"
"2026-06-17T13:42:49.278621","1019395286","Boston Cream Cake","","","","5.0","ea member price","","","2026-06-19","2026-06-19","Bakery","https://f.wishabi.net/page_pdf_images/23493282/b30a0e06-6459-11f1-bc96-be63bced31ba/x_large"
"2026-06-17T13:42:49.607955","1019395305","Foster Farms Chicken Party Wings","","","","5.0","ea member price","","Foster Farms","2026-06-19","2026-06-19","Meat & Seafood","https://f.wishabi.net/page_pdf_images/23493282/b305e736-6459-11f1-bc96-be63bced31ba/x_large"
"2026-06-17T13:42:49.979474","1019395299","Open Nature® Assorted Lamb Shoulder Chops","","","","5.0","lb member price","","OPEN NATURE®","2026-06-19","2026-06-19","Meat & Seafood","https://f.wishabi.net/page_items/423545013/1781065768/extra_large.jpg"
"2026-06-17T13:42:50.393442","1019395540","Signature SELECT® Designer Tableware","","","","3.49","member price","","Signature SELECT®","2026-06-17","2026-06-23","Household","https://f.wishabi.net/page_pdf_images/23493282/aa9fa3a2-6459-11f1-bc96-be63bced31ba/x_large"
"2026-06-17T13:42:50.755681","1019395533","Guinness 8-pack, 14.9-oz. Sierra Nevada West Ghost IPA 4-pack, 16-oz.","","","","16.99","member price","","Guinness | Sierra Nevada","2026-06-17","2026-06-23","Beverages","https://f.wishabi.net/page_pdf_images/23493282/b5c95980-6459-11f1-bc96-be63bced31ba/x_large"
"2026-06-17T13:42:51.038069","1019395547","Signature SELECT® Mayonnaise 22 to 30-oz. Selected varieties. Ketchup 20-oz.","BUY 1 GET 1 FREE When you Buy 2 Member Price, EARN 2X POINTS","","","","","","Signature SELECT®","2026-06-17","2026-06-23","Pantry","https://f.wishabi.net/page_pdf_images/23493282/a256b9c4-6459-11f1-bc96-be63bced31ba/x_large"
"2026-06-17T13:42:51.399739","1019395536","Decorated Father's Day Cupcake Cake","$1 OFF Member Price","","","","","","","2026-06-17","2026-06-23","Bakery","https://f.wishabi.net/page_items/423544977/1781065755/extra_large.jpg"
"2026-06-17T13:42:51.796169","1019395543","Soleil® Sparkling Water","","","2 for","7.0","member price","","Soleil","2026-06-17","2026-06-23","Beverages","https://f.wishabi.net/page_pdf_images/23493282/a341f934-6459-11f1-bc96-be63bced31ba/x_large"
"2026-06-17T13:42:52.082969","1019395551","Signature SELECT® 80% Beef Patties","","","","14.99","ea member price","","Signature SELECT®","2026-06-17","2026-06-23","Meat & Seafood","https://f.wishabi.net/page_pdf_images/23493282/b2277820-6459-11f1-bc96-be63bced31ba/x_large"
"2026-06-17T13:42:52.330329","1019395581","Barefoot Cellars","","","","5.0","ea member price","","Barefoot","2026-06-19","2026-06-19","Beverages","https://f.wishabi.net/page_pdf_images/23493282/9a7deb96-6459-11f1-bc96-be63bced31ba/x_large"
"2026-06-17T13:42:52.614524","1019395580","La Colombe Draft Latte 4-pack, 9-oz. bai 6-pack, 14-oz. 7UP 10-pack, 7.5-oz. Selected varieties. Ghost 4-pack, 8.4-oz. Core Hydration Water 6-pack, 16.9-oz.","","","","5.0","ea member price","","La Colombe | bai | 7UP | Ghost | Core","2026-06-19","2026-06-19","Beverages","https://f.wishabi.net/page_pdf_images/23493282/b7960cb8-6459-11f1-bc96-be63bced31ba/x_large"
"2026-06-17T13:42:52.998696","1019395582","Sweet Baby Ray's Barbecue Sauce 28-oz. Ken's Salad Dressing 16-oz.","","","2 for","5.0","member price","","Sweet Baby Ray's | Ken's","2026-06-19","2026-06-19","Pantry","https://f.wishabi.net/page_pdf_images/23493282/b4ec6052-6459-11f1-bc96-be63bced31ba/x_large"
"2026-06-17T13:42:53.490140","1019395239","Fresh Atlantic Salmon Portion","","","","5.0","ea member price","","","2026-06-19","2026-06-19","Meat & Seafood","https://f.wishabi.net/page_items/423544963/1781065750/extra_large.jpg"
"2026-06-17T13:42:53.862946","1019395261","Breyers Ice Cream","","","2 for","5.0","member price","","Breyers","2026-06-19","2026-06-19","Frozen","https://f.wishabi.net/page_pdf_images/23493282/aeeab122-6459-11f1-bc96-be63bced31ba/x_large"
"2026-06-17T13:42:54.261330","1019395251","Jack Daniel's Entrée","","","","5.0","ea member price","","Jack Daniel's","2026-06-19","2026-06-19","Deli & Prepared Foods","https://f.wishabi.net/page_pdf_images/23493282/ab8b316e-6459-11f1-bc96-be63bced31ba/x_large"
"2026-06-17T13:42:54.705021","1019396288","Marieke Gouda","","","","7.99","ea member price","","Marieke","2026-06-17","2026-06-23","Dairy & Eggs","https://f.wishabi.net/page_pdf_images/23493283/9b60c4fc-6459-11f1-b5ee-3abc6c9df0a6/x_large"
"2026-06-17T13:42:55.026576","1019396296","Farmer John","","","","","","","FARMER JOHN","2026-06-17","2026-06-23","Meat & Seafood","https://f.wishabi.net/page_items/423545038/1781065757/extra_large.jpg"
"2026-06-17T13:42:55.236607","1019396295","GATORADE","EARN 4x POINTS, BUY 10 GET 5 FREE MEMBER PRICE WHEN YOU BUY 15","","","","","","Gatorade","2026-06-17","2026-09-08","Beverages","https://f.wishabi.net/page_pdf_images/23493283/a834e35c-6459-11f1-b5ee-3abc6c9df0a6/x_large"
"2026-06-17T13:42:55.445062","1019396292","Powerade 8-pack, 20-oz. vitaminwater 6-pack, 16.9-oz.","BUY 2 GET 1 FREE When you Buy 3 Member Price, Buy $25 of participating products SAVE $5 with for U®","","","","","","Powerade | vitaminwater","2026-06-17","2026-06-23","Beverages","https://f.wishabi.net/page_pdf_images/23493283/9f533d2e-6459-11f1-b5ee-3abc6c9df0a6/x_large"
"2026-06-17T13:42:55.875770","1019396318","Coca-Cola","Buy $25 of participating products SAVE $5 with for U®","","","","","","Coca-Cola","2026-06-17","2026-06-23","Beverages","https://f.wishabi.net/page_items/423566694/1781065758/extra_large.jpg"
"2026-06-17T13:42:56.315638","1019396299","Odyssey Feta Cheese","","","","6.99","ea member price","","ODYSSEY","2026-06-17","2026-06-23","Dairy & Eggs","https://f.wishabi.net/page_pdf_images/23493283/9d2013ec-6459-11f1-b5ee-3abc6c9df0a6/x_large"
"2026-06-17T13:42:56.751014","1019396290","Simply or Simply Light Orange Juice","Buy $25 of participating products SAVE $5 with for U®","","","5.99","","","Simply Beverages","2026-06-17","2026-06-23","Beverages","https://f.wishabi.net/page_pdf_images/23493283/9aabc6d8-6459-11f1-b5ee-3abc6c9df0a6/x_large"
"2026-06-17T13:42:57.039243","1019403380","Signature SELECT® 3-Piece Bistro Set","25% OFF Member Price","","","","","","Signature SELECT®","2026-06-10","2026-06-23","Household","https://f.wishabi.net/page_pdf_images/23493292/b596dc76-6459-11f1-9d25-3626f76f20b6/x_large"
"2026-06-17T13:42:57.537566","1019403366","Signature SELECT® Copper Ring Firepit","25% OFF Member Price","","","","","","Signature SELECT®","2026-06-17","2026-06-23","Household","https://f.wishabi.net/page_pdf_images/23493292/b5c9e7e2-6459-11f1-9d25-3626f76f20b6/x_large"
"2026-06-17T13:42:57.870729","1019403396","Secret Deodorant","EARN 4x POINTS","","","8.99","member price","","Secret","2026-06-10","2026-06-23","Personal Care","https://f.wishabi.net/page_pdf_images/23493292/a58c8eca-6459-11f1-9d25-3626f76f20b6/x_large"
"2026-06-17T13:42:58.140695","1019403403","Colgate Total Toothpaste","EARN 4x POINTS","","","7.99","member price","","Colgate","2026-06-17","2026-06-23","Personal Care","https://f.wishabi.net/page_pdf_images/23493292/a6d671f6-6459-11f1-9d25-3626f76f20b6/x_large"
"2026-06-17T13:42:58.517793","1019403370","Summer Inflatables","25% OFF Member Price","","","","","","","2026-06-17","2026-06-23","Household","https://f.wishabi.net/page_pdf_images/23493292/aba9500e-6459-11f1-9d25-3626f76f20b6/x_large"
"2026-06-17T13:42:58.802394","1019402325","Broccoli Crowns","","","","2.99","lb member price","","","2026-06-17","2026-06-23","Produce","https://f.wishabi.net/page_pdf_images/23493271/9f3a97f6-6459-11f1-ad5a-bed09a5af4ec/x_large"
"2026-06-17T13:42:59.160053","1019402314","Cucumber","","","4 for","5.0","member price","","","2026-06-17","2026-06-23","Produce","https://f.wishabi.net/page_pdf_images/23493271/9ff54696-6459-11f1-ad5a-bed09a5af4ec/x_large"
"2026-06-17T13:42:59.389893","1019402402","Bogle, La Vieille Ferme or Cupcake","","","","6.99","ea member price when you buy 6 or more","","Bogle | La Vieille Ferme | Cupcake","2026-06-17","2026-06-23","Beverages","https://f.wishabi.net/page_pdf_images/23493271/b278e660-6459-11f1-ad5a-bed09a5af4ec/x_large"
"2026-06-17T13:42:59.778854","1019402316","Green or Red Seedless Grapes","","","","4.99","lb","","","2026-06-17","2026-06-23","Produce","https://f.wishabi.net/page_pdf_images/23493271/9e875696-6459-11f1-ad5a-bed09a5af4ec/x_large"
"2026-06-17T13:43:00.157656","1019402311","Red, Orange or Yellow Bell Pepper","","","2 for","4.0","member price","","","2026-06-17","2026-06-23","Produce","https://f.wishabi.net/page_pdf_images/23493271/97bc7f9e-6459-11f1-ad5a-bed09a5af4ec/x_large"
"2026-06-17T13:43:00.400904","1019402305","Yellow Peaches or Nectarines","","","","4.49","lb","","","2026-06-17","2026-06-23","Produce","https://f.wishabi.net/page_items/423545132/1781065779/extra_large.jpg"
"2026-06-17T13:43:00.776060","1019402396","Kingsford Charcoal","EARN 4x POINTS","","","15.99","member price","","Kingsford","2026-06-17","2026-06-23","Household","https://f.wishabi.net/page_pdf_images/23493271/ad9f04ee-6459-11f1-ad5a-bed09a5af4ec/x_large"
"2026-06-17T13:43:01.095106","1019402397","Lay's Potato Chips or Poppables 5 to 8-oz. Doritos or Cheetos Minis 3.62 to 5.12-oz.","BUY 1 GET 1 FREE When you Buy 2 Member Price, EARN 4x POINTS","","","","","","Lay's | Doritos | Cheetos","2026-06-17","2026-06-23","Snacks","https://f.wishabi.net/page_pdf_images/23493271/ae5b5a72-6459-11f1-ad5a-bed09a5af4ec/x_large"
"2026-06-17T13:43:01.430219","1019402399","Coors, Bud or Miller 30-pack, 12-oz. Michelob 24-pack, 12-oz.","","","","22.99","member price","","Coors | Bud | Miller | Michelob","2026-06-17","2026-06-23","Beverages","https://f.wishabi.net/page_pdf_images/23493271/b4799d06-6459-11f1-ad5a-bed09a5af4ec/x_large"
"2026-06-17T13:43:01.729486","1019402395","Red Bull","EARN 4x POINTS","","","9.99","member price","","Red Bull","2026-06-17","2026-06-23","Beverages","https://f.wishabi.net/page_pdf_images/23493271/b50fd1e0-6459-11f1-ad5a-bed09a5af4ec/x_large"
"2026-06-17T13:43:02.010018","1019402400","Sonoma-Cutrer, Decoy Limited or Austin","","","","18.99","ea member price when you buy 6 or more","","Sonoma-Cutrer | Decoy | Austin","2026-06-17","2026-06-23","Beverages","https://f.wishabi.net/page_pdf_images/23493271/b073b64c-6459-11f1-ad5a-bed09a5af4ec/x_large"
"2026-06-17T13:43:02.294064","1019402401","Crown Royal, Skrewball or Hornitos Reposado","BUY 2 Spirits SAVE $6†","","","19.99","ea member price when you buy 2","22.99","Crown Royal | Skrewball | Hornitos","2026-06-17","2026-06-23","Beverages","https://f.wishabi.net/page_pdf_images/23493271/b327d04e-6459-11f1-ad5a-bed09a5af4ec/x_large"
"2026-06-17T13:43:02.549819","1019402677","Monster Energy Drinks 4-pack, 16-oz. smartwater 6-pack, Liter.","BUY 2 GET 1 FREE When you Buy 3 Member Price, Buy $25 of participating products SAVE $5 with for U®","","","","","","Monster | smartwater","2026-06-17","2026-06-23","Beverages","https://f.wishabi.net/page_pdf_images/23493283/9ead8ca8-6459-11f1-b5ee-3abc6c9df0a6/x_large"
"2026-06-17T13:43:02.821281","1019402676","Coca-Cola","Buy $25 of participating products SAVE $5 with for U®","","","8.99","member price","","Coca-Cola","2026-06-17","2026-06-23","Beverages","https://f.wishabi.net/page_items/423545035/1781065755/extra_large.jpg"
"2026-06-17T13:43:03.079363","1019402690","Kellogg's Large Size Cereal 12 to 20.9-oz. Kashi Cereal 12.3 to 18-oz.","EARN 4x POINTS","","","3.49","ea member price","","Kellogg's | Kashi","2026-06-17","2026-06-23","Pantry","https://f.wishabi.net/page_pdf_images/23493288/97ad8638-6459-11f1-9415-3292c4f429b5/x_large"
"2026-06-17T13:43:03.527206","1019402691","Pringles Chips or Cheez-It Crackers 12-ct. Kellogg's Rice Krispies Treats 10.9 to 12.4-oz. Nutri Grain Bars 16-ct.","","","","4.99","ea member price","","Pringles | Cheez-It | Kellogg's","2026-06-17","2026-06-23","Snacks","https://f.wishabi.net/page_items/423545257/1781065752/extra_large.jpg"
"2026-06-17T13:43:03.780470","1019403951","OGX Shampoo or Conditioner","","","","7.99","ea when you buy 2","11.99","OGX","2026-06-17","2026-06-23","Personal Care","https://f.wishabi.net/page_pdf_images/23493293/995b1ce8-6459-11f1-929b-ba8bdfeae1e7/x_large"
"2026-06-17T13:43:04.096503","1019403408","Swim Toys","25% OFF Member Price","","","","","","","2026-06-10","2026-06-23","Other","https://f.wishabi.net/page_items/423545076/1781065763/extra_large.jpg"
"2026-06-17T13:43:04.628860","1019403378","Igloo Profile II Cooler","25% OFF Member Price","","","","","","Igloo","2026-06-17","2026-06-23","Household","https://f.wishabi.net/page_pdf_images/23493292/b1be46e8-6459-11f1-9d25-3626f76f20b6/x_large"
"2026-06-17T13:43:04.950535","1019403453","Signature SELECT® Food Storage","","","2 for","7.0","member price","","Signature SELECT®","2026-06-17","2026-06-23","Household","https://f.wishabi.net/page_pdf_images/23493292/99c7eecc-6459-11f1-9d25-3626f76f20b6/x_large"
"2026-06-17T13:43:05.321069","1019403449","Pantene Shampoo or Conditioner, Aussie Hair Care or Harry's Deodorant","EARN 4x POINTS","","","5.99","member price","","Pantene | Aussie | Harry's","2026-06-10","2026-06-23","Personal Care","https://f.wishabi.net/page_pdf_images/23493292/a25d9e56-6459-11f1-9d25-3626f76f20b6/x_large"
"2026-06-17T13:43:05.656050","1019403417","Dove Shampoo or Conditioner","EARN 4x POINTS","","","6.99","member price","","Dove","2026-06-10","2026-06-23","Personal Care","https://f.wishabi.net/page_pdf_images/23493292/a4de634a-6459-11f1-9d25-3626f76f20b6/x_large"
"2026-06-17T13:43:06.064337","1019403427","Schick Xtreme Disposable Razors","EARN 4x POINTS","","","5.99","ea","9.99","Schick","2026-06-17","2026-06-23","Personal Care","https://f.wishabi.net/page_pdf_images/23493292/a8dc9778-6459-11f1-9d25-3626f76f20b6/x_large"
"2026-06-17T13:43:06.434772","1019403477","EARN 4x for U® POINTS","EARN 4x for U® POINTS","","","","","","","2026-06-17","2026-06-23","Other","https://f.wishabi.net/page_items/423566605/1781065776/extra_large.jpg"
"2026-06-17T13:43:06.726156","1019403421","TRESemmé Hair Care","EARN 4x POINTS","","","7.99","member price","","TRESemmé","2026-06-17","2026-06-23","Personal Care","https://f.wishabi.net/page_pdf_images/23493292/a2f8f630-6459-11f1-9d25-3626f76f20b6/x_large"
"2026-06-17T13:43:07.012105","1019403351","Coppertone Sun Care","EARN 4x POINTS","","","11.99","member price","","Coppertone","2026-06-10","2026-06-23","Health & Wellness","https://f.wishabi.net/page_pdf_images/23493292/a9894888-6459-11f1-9d25-3626f76f20b6/x_large"
"2026-06-17T13:43:07.292087","1019403429","Hawaiian Tropic Sun Care","EARN 4x POINTS","","","8.99","ea","11.99","Hawaiian Tropic","2026-06-17","2026-06-23","Personal Care","https://f.wishabi.net/page_pdf_images/23493292/97046c9c-6459-11f1-9d25-3626f76f20b6/x_large"
"2026-06-17T13:43:07.736652","1019403422","Clorox Clean-Up Cleaner","EARN 4x POINTS","","","5.99","member price","","Clorox","2026-06-17","2026-06-23","Household","https://f.wishabi.net/page_pdf_images/23493292/98862074-6459-11f1-9d25-3626f76f20b6/x_large"
"2026-06-17T13:43:07.965553","1019403350","Handi-Foil","BUY 1 GET 1 50% OFF Member Price","","","","","","Handi- Foil","2026-06-10","2026-06-23","Household","https://f.wishabi.net/page_pdf_images/23493292/af13d9da-6459-11f1-9d25-3626f76f20b6/x_large"
"2026-06-17T13:43:08.351463","1019403459","Old Spice Deodorant","EARN 4x POINTS","","","7.99","member price","","Old Spice","2026-06-17","2026-06-23","Personal Care","https://f.wishabi.net/page_pdf_images/23493292/a43886fa-6459-11f1-9d25-3626f76f20b6/x_large"
"2026-06-17T13:43:08.736969","1019403456","Harry's Cartridge Refills","EARN 4x POINTS","","","10.99","member price","","Harry’s","2026-06-17","2026-06-23","Personal Care","https://f.wishabi.net/page_pdf_images/23493292/a62d28d0-6459-11f1-9d25-3626f76f20b6/x_large"
"2026-06-17T13:43:09.215884","1019403470","Banana Boat Sport Ultra Sun Care","","","","9.99","ea","12.99","Banana Boat","2026-06-17","2026-06-23","Personal Care","https://f.wishabi.net/page_pdf_images/23493292/aa38df1e-6459-11f1-9d25-3626f76f20b6/x_large"
"2026-06-17T13:43:09.481938","1019403345","Rubbermaid TakeAlongs Food Storage","","","","5.99","member price","","Rubbermaid","2026-06-10","2026-06-23","Household","https://f.wishabi.net/page_pdf_images/23493292/9a58507a-6459-11f1-9d25-3626f76f20b6/x_large"
"2026-06-17T13:43:09.796769","1019403359","Signature SELECT® Umbrella Base","25% OFF Member Price","","","","","","Signature SELECT®","2026-06-10","2026-06-23","Household","https://f.wishabi.net/page_pdf_images/23493292/b3bcdf40-6459-11f1-9d25-3626f76f20b6/x_large"
"2026-06-17T13:43:10.146542","1019403386","Charbroil 4-Burner Pro Gas Grill","25% OFF Member Price","","","","","","CharBroil","2026-06-17","2026-06-23","Household","https://f.wishabi.net/page_pdf_images/23493292/97b01074-6459-11f1-9d25-3626f76f20b6/x_large"
"2026-06-17T13:43:10.493262","1019403455","Febreze Air Mist","","","","3.99","member price","","Febreze","2026-06-10","2026-06-23","Household","https://f.wishabi.net/page_pdf_images/23493292/b871edaa-6459-11f1-9d25-3626f76f20b6/x_large"
"2026-06-17T13:43:10.736422","1019403431","Mr. BBQ Hershey's S'mores Tools","BUY 1 GET 1 50% OFF Member Price","","","","","","Mr. BBQ","2026-06-10","2026-06-23","Household","https://f.wishabi.net/page_pdf_images/23493292/b196c488-6459-11f1-9d25-3626f76f20b6/x_large"
"2026-06-17T13:43:11.051120","1019403444","Backyard Games","25% OFF Member Price","","","","","","","2026-06-10","2026-06-23","Other","https://f.wishabi.net/page_pdf_images/23493292/b66b92d6-6459-11f1-9d25-3626f76f20b6/x_large"
"2026-06-17T13:43:11.431731","1019403445","AmeriGas Propane Exchange","","","","17.99","ea","22.99","AmeriGas","2026-06-17","2026-06-23","Household","https://f.wishabi.net/page_pdf_images/23493292/97a6255a-6459-11f1-9d25-3626f76f20b6/x_large"
"2026-06-17T13:43:11.671049","1019403902","CLIF or LUNA Bars","EARN 4x POINTS","","","6.99","member price","","CLIF | LUNA","2026-06-17","2026-06-23","Snacks","https://f.wishabi.net/page_pdf_images/23493293/9ff56e0a-6459-11f1-929b-ba8bdfeae1e7/x_large"
"2026-06-17T13:43:11.944495","1019403915","Signature Care® Vitamins","BUY 1 GET 1 FREE When you Buy 2 Member Price","","","","","","Signature Care®","2026-06-17","2026-06-23","Health & Wellness","https://f.wishabi.net/page_pdf_images/23493293/baaaca4c-6459-11f1-929b-ba8bdfeae1e7/x_large"
"2026-06-17T13:43:12.317919","1019403920","Sour Patch Kids or Swedish Fish Bag","","","","8.99","member price","","Sour Patch | Swedish Fish","2026-06-17","2026-06-23","Snacks","https://f.wishabi.net/page_pdf_images/23493293/9a0b903c-6459-11f1-929b-ba8bdfeae1e7/x_large"
"2026-06-17T13:43:12.581701","1019403934","Signature SELECT® or Signature Care® Baby Toiletries","","","","3.99","member price","","Signature SELECT® | Signature Care®","2026-06-10","2026-06-23","Personal Care","https://f.wishabi.net/page_pdf_images/23493293/b5cb8958-6459-11f1-929b-ba8bdfeae1e7/x_large"
"2026-06-17T13:43:12.944437","1019403968","Kind Protein, Protein Max, Zero Sugar or Mini Bars","","","","8.99","member price","","Kind","2026-06-17","2026-06-23","Snacks","https://f.wishabi.net/page_pdf_images/23493293/a172a626-6459-11f1-929b-ba8bdfeae1e7/x_large"
"2026-06-17T13:43:13.215126","1019403983","Peelerz","","","","3.49","member price","","Peelerz","2026-06-17","2026-06-23","Produce","https://f.wishabi.net/page_pdf_images/23493293/b87006d4-6459-11f1-929b-ba8bdfeae1e7/x_large"
"2026-06-17T13:43:13.608997","1019403908","Jolly Rancher Ropes","","","","4.99","member price","","Jolly Rancher","2026-06-10","2026-06-23","Snacks","https://f.wishabi.net/page_pdf_images/23493293/b79e6ba6-6459-11f1-929b-ba8bdfeae1e7/x_large"
"2026-06-17T13:43:13.941043","1019403939","O Organics® Baby Food Pouch or Jar","","","4 for","5.0","member price","","O Organics®","2026-06-17","2026-06-23","Pantry","https://f.wishabi.net/page_pdf_images/23493293/bf08c288-6459-11f1-929b-ba8bdfeae1e7/x_large"
"2026-06-17T13:43:14.279001","1019403926","Muscle Milk Shakes","EARN 4x POINTS","","","9.99","member price","","MUSCLE MILK","2026-06-17","2026-06-23","Beverages","https://f.wishabi.net/page_pdf_images/23493293/a8041010-6459-11f1-929b-ba8bdfeae1e7/x_large"
"2026-06-17T13:43:14.676613","1019403990","Baby Club Savings","Save more on baby essentials† BUY $25 SAVE $5 for U","","","","","","","2026-06-17","2026-06-23","Other","https://f.wishabi.net/page_items/423545128/1781065775/extra_large.jpg"
"2026-06-17T13:43:14.947767","1019403901","Liquid I. V. Hydration","","","","10.99","member price","","Liquid IV","2026-06-10","2026-06-23","Health & Wellness","https://f.wishabi.net/page_pdf_images/23493293/bca1f7b2-6459-11f1-929b-ba8bdfeae1e7/x_large"
"2026-06-17T13:43:15.359028","1019403893","Premier Protein Ready to Drink","","","","26.99","member price","","Premier Protein","2026-06-17","2026-06-23","Beverages","https://f.wishabi.net/page_pdf_images/23493293/c150ff1a-6459-11f1-929b-ba8bdfeae1e7/x_large"
"2026-06-17T13:43:15.800535","1019403875","Hershey Share Size Bag","","","","6.99","member price","","Hershey's","2026-06-17","2026-06-23","Snacks","https://f.wishabi.net/page_pdf_images/23493293/9d8752dc-6459-11f1-929b-ba8bdfeae1e7/x_large"
"2026-06-17T13:43:16.179010","1019403876","M&M's Family Size Bag","","","","10.99","member price","","M&Ms","2026-06-10","2026-06-23","Snacks","https://f.wishabi.net/page_pdf_images/23493293/97cda92c-6459-11f1-929b-ba8bdfeae1e7/x_large"
"2026-06-17T13:43:16.574778","1019403950","Mars Share Size Bar","","","2 for","6.0","member price","","Mars","2026-06-10","2026-06-23","Snacks","https://f.wishabi.net/page_pdf_images/23493293/9711a736-6459-11f1-929b-ba8bdfeae1e7/x_large"
"2026-06-17T13:43:16.854081","1019403883","RXBAR","EARN 4x POINTS","","2 for","6.0","member price","","RxBars","2026-06-17","2026-06-23","Snacks","https://f.wishabi.net/page_pdf_images/23493293/a4cf1be2-6459-11f1-929b-ba8bdfeae1e7/x_large"
"2026-06-17T13:43:17.252502","1019403894","Signature SELECT® Baby Wipes","","","","5.99","member price","","Signature SELECT®","2026-06-17","2026-06-23","Personal Care","https://f.wishabi.net/page_pdf_images/23493293/ac66966e-6459-11f1-929b-ba8bdfeae1e7/x_large"
"2026-06-17T13:43:17.674214","1019403912","Earth's Best Organic Crunchy Sticks","","","2 for","5.0","member price","","Earth's Best Organic","2026-06-17","2026-06-23","Snacks","https://f.wishabi.net/page_pdf_images/23493293/b37879ea-6459-11f1-929b-ba8bdfeae1e7/x_large"
"2026-06-17T13:43:18.064361","1019403925","Boost High Protein Shakes","","","","10.99","member price","","Boost","2026-06-17","2026-06-23","Beverages","https://f.wishabi.net/page_pdf_images/23493293/a6279104-6459-11f1-929b-ba8bdfeae1e7/x_large"
"2026-06-17T13:43:18.576220","1019403971","Hershey Bar 6-Pack","","","","7.99","member price","","Hershey's","2026-06-17","2026-06-23","Snacks","https://f.wishabi.net/page_pdf_images/23493293/97b2b928-6459-11f1-929b-ba8bdfeae1e7/x_large"
"2026-06-17T13:43:18.915947","1019403947","Lindt Truffles","","","","13.99","member price","","Lindt","2026-06-17","2026-06-23","Snacks","https://f.wishabi.net/page_pdf_images/23493293/b932e136-6459-11f1-929b-ba8bdfeae1e7/x_large"
"2026-06-17T13:43:19.231029","1019403937","Gerber Puffs or Lil' Crunchies","","","","3.29","member price","","Gerber","2026-06-10","2026-06-23","Snacks","https://f.wishabi.net/page_pdf_images/23493293/c01c2110-6459-11f1-929b-ba8bdfeae1e7/x_large"
"2026-06-17T13:43:19.454952","1019403888","Signature SELECT® Supreme Diapers","EARN 2x POINTS","","","19.99","member price","","Signature SELECT®","2026-06-17","2026-06-23","Personal Care","https://f.wishabi.net/page_pdf_images/23493293/aa54a05a-6459-11f1-929b-ba8bdfeae1e7/x_large"
"2026-06-17T13:43:19.723191","1019403872","Softsoap or Irish Spring Body Wash","","","","4.99","ea","6.99","Softsoap | Irish Spring","2026-06-10","2026-06-23","Personal Care","https://f.wishabi.net/page_pdf_images/23493293/a0b327c4-6459-11f1-929b-ba8bdfeae1e7/x_large"
"2026-06-17T13:43:19.983559","1019403868","GUM Flossers or Soft-Picks","","","2 for","6.0","member price","","G.U.M","2026-06-17","2026-06-23","Personal Care","https://f.wishabi.net/page_pdf_images/23493293/9f4c8812-6459-11f1-929b-ba8bdfeae1e7/x_large"
"2026-06-17T13:43:20.204259","1019411665","Safeway 100","","","","","","","","2026-06-17","2026-06-23","Other","https://f.wishabi.net/page_items/423567131/1781065757/extra_large.jpg"
"2026-06-17T13:43:20.562315","1019411652","Danish Creamery European Style Butter","","","","3.99","member price","","Danish Creamery","2026-06-17","2026-06-23","Dairy & Eggs","https://f.wishabi.net/page_pdf_images/23493291/9fedc6a0-6459-11f1-ac95-f6b7adabeaf5/x_large"
"2026-06-17T13:43:20.772598","1019411658","Bonduelle Bistro Grande Bowl","EARN 4x POINTS","","","5.99","ea member price","","Bonduelle","2026-06-17","2026-06-23","Deli & Prepared Foods","https://f.wishabi.net/page_pdf_images/23493291/a0973db6-6459-11f1-ac95-f6b7adabeaf5/x_large"
"2026-06-17T13:43:21.074642","1019411669","Chobani Greek or Zero Sugar Yogurt","EARN 4x POINTS","","","3.49","member price","","Chobani","2026-06-17","2026-06-23","Dairy & Eggs","https://f.wishabi.net/page_items/423567132/1781065758/extra_large.jpg"
"2026-06-17T13:43:21.457135","1019411673","Gas Rewards","","","","","","","","2026-06-17","2026-06-23","Other","https://f.wishabi.net/page_items/423567133/1781065759/extra_large.jpg"
"2026-06-17T13:43:21.822803","1019411587","Laughing Cow Cheese Wedges","","","2 for","7.0","member price","","The Laughing Cow","2026-06-17","2026-06-23","Dairy & Eggs","https://f.wishabi.net/page_items/423545146/1781065754/extra_large.jpg"
"2026-06-17T13:43:22.076273","1019411579","Califia Farms Almondmilk or Oatmilk","","","","3.99","member price","","Califia Farms","2026-06-17","2026-06-23","Dairy & Eggs","https://f.wishabi.net/page_items/423545144/1781065752/extra_large.jpg"
"2026-06-17T13:43:22.413413","1019411575","Starbucks Creamer","","","","3.99","ea member price","","Starbucks","2026-06-17","2026-06-23","Dairy & Eggs","https://f.wishabi.net/page_items/423545143/1781065751/extra_large.jpg"
"2026-06-17T13:43:22.666627","1019411582","bubbles with benefits!™","","","","","","","","2026-06-17","2026-06-23","Beverages","https://f.wishabi.net/page_items/423545145/1781065753/extra_large.jpg"
"2026-06-17T13:43:22.930311","1019411593","Happy Egg Free Range Eggs","EARN 2X POINTS","","","7.49","member price","","The Happy Egg Co.","2026-06-17","2026-06-23","Dairy & Eggs","https://f.wishabi.net/page_pdf_images/23493290/a86ac152-6459-11f1-bd51-1aaf761ff7da/x_large"
"2026-06-17T13:43:23.267271","1019411599","Shamrock Rockin' Protein Milk","","","","3.99","member price","","Shamrock Farms","2026-06-17","2026-06-23","Dairy & Eggs","https://f.wishabi.net/page_pdf_images/23493290/a6e9b4f0-6459-11f1-bd51-1aaf761ff7da/x_large"
"2026-06-17T13:43:23.616645","1019411595","Noosa Yoghurt","","","2 for","4.0","member price","","Noosa","2026-06-17","2026-06-23","Dairy & Eggs","https://f.wishabi.net/page_pdf_images/23493290/9980275e-6459-11f1-bd51-1aaf761ff7da/x_large"
"2026-06-17T13:43:23.841636","1019411596","Land O'Lakes Butter Spread","","","","3.49","ea member price","","Land O'Lakes","2026-06-17","2026-06-23","Dairy & Eggs","https://f.wishabi.net/page_items/423566637/1781065757/extra_large.jpg"
"2026-06-17T13:43:24.140147","1019411647","Rustic Bakery Bites","","","","4.49","ea member price","","Rustic Bakery","2026-06-17","2026-06-23","Bakery","https://f.wishabi.net/page_pdf_images/23493291/9e774292-6459-11f1-ac95-f6b7adabeaf5/x_large"
"2026-06-17T13:43:24.488309","1019411641","Home Run Inn Pizza 27 to 30.5-oz. Gino's East Deep Dish Pizza 32-oz.","","","","5.99","ea member price","","Home Run Inn | Gino's East","2026-06-17","2026-06-23","Frozen","https://f.wishabi.net/page_pdf_images/23493291/a27e7b9e-6459-11f1-ac95-f6b7adabeaf5/x_large"
"2026-06-17T13:43:24.722106","1019411645","Lifeway Organic Whole Milk Kefir","","","","4.99","member price","","Lifeway","2026-06-17","2026-06-23","Dairy & Eggs","https://f.wishabi.net/page_pdf_images/23493291/a46e0e4c-6459-11f1-ac95-f6b7adabeaf5/x_large"
"2026-06-24T12:20:04.854186","1021113765","STEM Light Trap Starter Kit","","","","17.99","member price","","STEM","2026-06-24","2026-06-30","Household","https://f.wishabi.net/page_pdf_images/23533995/e7159d86-6a6d-11f1-aecd-3a958c0afba2/x_large"
"2026-06-24T12:20:05.149295","1021113602","Olay Super Serum Body Wash","EARN 4X POINTS","","","14.99","member price","","Olay","2026-06-24","2026-06-30","Personal Care","https://f.wishabi.net/page_pdf_images/23533994/d2e48296-6a6d-11f1-b690-72be671780ac/x_large"
"2026-06-24T12:20:05.697923","1021112309","Snyder's Pretzels or Rounds 12 to 16-oz. Pretzel Pieces 10 to 14.4-oz.","","","","1.99","ea member price","","Snyder's","2026-06-24","2026-06-30","Snacks","https://f.wishabi.net/page_items/424421493/1781743162/extra_large.jpg"
"2026-06-24T12:20:06.081083","1021112918","Hostess Multi-Pack","","","2 for","5.0","member price","","Hostess","2026-06-26","2026-06-26","Bakery","https://f.wishabi.net/page_pdf_images/23533983/d079fb08-6a6d-11f1-8a91-26c424bb6721/x_large"
"2026-06-24T12:20:06.371709","1021113600","Swiffer Refills","EARN 4X POINTS","","","11.99","member price","","Swiffer","2026-06-24","2026-06-30","Household","https://f.wishabi.net/page_pdf_images/23533994/cdf5c01a-6a6d-11f1-b690-72be671780ac/x_large"
"2026-06-24T12:20:06.646759","1021112786","Frito-Lay® AND Quaker® products*","SAVE $5 with for u® When you spend $20 or more on participating Frito-Lay® AND Quaker® products*","","","","","","Frito-Lay® | Quaker®","2026-06-24","2026-06-30","Snacks","https://f.wishabi.net/page_items/424421658/1781743157/extra_large.jpg"
"2026-06-24T12:20:06.974842","1021290711","Safeway 100","","","","","","","","2026-06-24","2026-06-30","Other","https://f.wishabi.net/page_items/424607478/1781836286/extra_large.jpg"
"2026-06-24T12:20:07.297101","1021113198","Freshpass","5% off","","","","","","","2026-06-24","2026-06-30","Other","https://f.wishabi.net/page_items/424421692/1781743154/extra_large.jpg"
"2026-06-24T12:20:07.625223","1021112288","High Noon 8-pack, 355-ml. cans. BuzzBallz 1.75-ltr.","","","","15.99","ea member price","","High Noon | BuzzBallz","2026-06-24","2026-06-30","Beverages","https://f.wishabi.net/page_items/424421470/1781743156/extra_large.jpg"
"2026-06-24T12:20:07.814987","1021113627","Dove Body Wash or Dove Men Deodorant","","","","8.99","member price","","Dove","2026-06-24","2026-06-30","Personal Care","https://f.wishabi.net/page_pdf_images/23533994/d85132ce-6a6d-11f1-b690-72be671780ac/x_large"
"2026-06-24T12:20:08.180964","1021112057","Gas Rewards","20€ OFF FUEL, Save 20¢ per gallon when you clip offer & spend $50+ on an online order **","","","","","","","2026-06-26","2026-06-28","Other","https://f.wishabi.net/page_items/424460452/1781743158/extra_large.jpg"
"2026-06-24T12:20:08.512681","1021112054","Fresh Cut Watermelon Bowl","Find and stand on a RED floor number to win! We'll draw one lucky number - if you're standing on it, you win the FREE* item of the day!","","","","","","","2026-06-24","2026-06-24","Produce","https://f.wishabi.net/page_pdf_images/23533964/d78b081a-6a6d-11f1-859c-e21dc9cb298b/x_large"
"2026-06-24T12:20:08.846705","1021112042","Signature SELECT® Whole Roasted Chicken","Find and stand on a RED floor number to win! We'll draw one lucky number - if you're standing on it, you win the FREE* item of the day!","","","","","","Signature SELECT®","2026-06-30","2026-06-30","Deli & Prepared Foods","https://f.wishabi.net/page_pdf_images/23533964/d84a3032-6a6d-11f1-859c-e21dc9cb298b/x_large"
"2026-06-24T12:20:09.195300","1021112029","Open Nature® Grass Fed 85% Lean Angus Ground Beef","Find and stand on a RED floor number to win! We'll draw one lucky number - if you're standing on it, you win the FREE* item of the day!","","","","","","OPEN NATURE®","2026-06-29","2026-06-29","Meat & Seafood","https://f.wishabi.net/page_pdf_images/23533964/d7e0b198-6a6d-11f1-859c-e21dc9cb298b/x_large"
"2026-06-24T12:20:09.507768","1021112033","Simply Because Rose Bouquet","Find and stand on a RED floor number to win! We'll draw one lucky number - if you're standing on it, you win the FREE* item of the day!","","","","","","","2026-06-28","2026-06-28","Floral","https://f.wishabi.net/page_pdf_images/23533964/d7205326-6a6d-11f1-859c-e21dc9cb298b/x_large"
"2026-06-24T12:20:09.895661","1021112043","Signature SELECT® Artisan French or Sourdough Bread","Find and stand on a RED floor number to win! We'll draw one lucky number - if you're standing on it, you win the FREE* item of the day!","","","","","","Signature SELECT®","2026-06-25","2026-06-25","Bakery","https://f.wishabi.net/page_pdf_images/23533964/d8a67dc4-6a6d-11f1-859c-e21dc9cb298b/x_large"
"2026-06-24T12:20:10.232421","1021112037","Lucerne® Cage Free Eggs","Find and stand on a RED floor number to win! We'll draw one lucky number - if you're standing on it, you win the FREE* item of the day!","","","","","","Lucerne®","2026-06-26","2026-06-26","Dairy & Eggs","https://f.wishabi.net/page_pdf_images/23533964/d90658a2-6a6d-11f1-859c-e21dc9cb298b/x_large"
"2026-06-24T12:20:10.495937","1021112049","Signature SELECT® refreshe® Purified Drinking Water","Find and stand on a RED floor number to win! We'll draw one lucky number - if you're standing on it, you win the FREE* item of the day!","","","","","","Signature SELECT®","2026-06-27","2026-06-27","Beverages","https://f.wishabi.net/page_pdf_images/23533964/d6bf7bfa-6a6d-11f1-859c-e21dc9cb298b/x_large"
"2026-06-24T12:20:10.797995","1021112115","Knudsen Cottage Cheese","EARN 4X POINTS","","2 for","6.0","member price","","KNUDSEN","2026-06-24","2026-06-30","Dairy & Eggs","https://f.wishabi.net/page_pdf_images/23533978/e7b77052-6a6d-11f1-bf1f-aa3298f39225/x_large"
"2026-06-24T12:20:11.138367","1021112230","Glad Cling Wrap 200-sq. ft. Press'N Seal 70-sq. ft.","EARN 4X POINTS","","","3.99","member price","","Glad","2026-06-24","2026-06-30","Household","https://f.wishabi.net/page_pdf_images/23533978/e9ebe222-6a6d-11f1-bf1f-aa3298f39225/x_large"
"2026-06-24T12:20:11.455154","1021112094","Fresh Ling Cod Fillets","","","","10.99","lb member price","","","2026-06-24","2026-06-30","Meat & Seafood","https://f.wishabi.net/page_pdf_images/23533978/d21de424-6a6d-11f1-bf1f-aa3298f39225/x_large"
"2026-06-24T12:20:11.760862","1021112079","SugarBee Apples","","","","2.99","lb member price","","","2026-06-24","2026-06-30","Produce","https://f.wishabi.net/page_pdf_images/23533978/cd50973e-6a6d-11f1-bf1f-aa3298f39225/x_large"
"2026-06-24T12:20:12.017062","1021112241","Fudge Brownies","","","","8.99","member price","","","2026-06-24","2026-06-30","Bakery","https://f.wishabi.net/page_pdf_images/23533978/dc1519f2-6a6d-11f1-bf1f-aa3298f39225/x_large"
"2026-06-24T12:20:12.396163","1021112248","Mystique Rose Bouquet","","","","17.99","","","","2026-06-24","2026-06-30","Floral","https://f.wishabi.net/page_pdf_images/23533978/dc24acd2-6a6d-11f1-bf1f-aa3298f39225/x_large"
"2026-06-24T12:20:12.717449","1021112136","Smoked Applewood or Peppered Bacon","","","","7.99","lb member price","","","2026-06-24","2026-06-30","Meat & Seafood","https://f.wishabi.net/page_pdf_images/23533978/d64ded28-6a6d-11f1-bf1f-aa3298f39225/x_large"
"2026-06-24T12:20:13.046805","1021112188","Antipasta Salad","","","","7.99","lb","","","2026-06-24","2026-06-30","Deli & Prepared Foods","https://f.wishabi.net/page_pdf_images/23533978/db5c2bd6-6a6d-11f1-bf1f-aa3298f39225/x_large"
"2026-06-24T12:20:13.458353","1021112184","Waterfront Bistro® Wild Alaskan Sockeye Smoked Salmon","","","","6.99","ea member price","","WATERFRONT BISTRO®","2026-06-24","2026-06-30","Meat & Seafood","https://f.wishabi.net/page_pdf_images/23533978/d14663e6-6a6d-11f1-bf1f-aa3298f39225/x_large"
"2026-06-24T12:20:13.779597","1021112305","Lindsay Sliced Olives 2.25-oz. Pitted 5.75 to 6-oz.","","","","1.49","ea member price","","Lindsay","2026-06-24","2026-06-30","Pantry","https://f.wishabi.net/page_items/424421465/1781743155/extra_large.jpg"
"2026-06-24T12:20:13.948656","1021112276","Tide Liquid Laundry Detergent 117 to 132-oz. or Laundry Pods 45, 57 or 76-ct.","EARN 4X POINTS","","","14.99","ea member price","","Tide","2026-06-24","2026-06-30","Household","https://f.wishabi.net/page_items/424421468/1781743156/extra_large.jpg"
"2026-06-24T12:20:14.225713","1021112302","Lucerne® Milk","","","","2.49","ea member price","","Lucerne®","2026-06-24","2026-06-30","Dairy & Eggs","https://f.wishabi.net/page_items/424421482/1781743159/extra_large.jpg"
"2026-06-24T12:20:14.565779","1021112380","Modelo, Pacifico or Corona","","","","22.99","ea member price","","Modelo | Pacifico | Corona","2026-06-24","2026-06-30","Beverages","https://f.wishabi.net/page_items/424421491/1781743161/extra_large.jpg"
"2026-06-24T12:20:14.762196","1021112328","Waterfront Bistro® Mussels 16-oz. Coconut Shrimp with Sauce 9-oz.","","","","3.99","ea member price","","WATERFRONT BISTRO®","2026-06-24","2026-06-30","Frozen","https://f.wishabi.net/page_items/424421511/1781743165/extra_large.jpg"
"2026-06-24T12:20:15.105244","1021112951","Fresh Sushi","","","","5.0","ea member price","","","2026-06-26","2026-06-26","Deli & Prepared Foods","https://f.wishabi.net/page_pdf_images/23533983/d784b910-6a6d-11f1-8a91-26c424bb6721/x_large"
"2026-06-24T12:20:15.284020","1021112931","Overjoyed® Snack Bites","","","2 for","5.0","member price","","Overjoyed®","2026-06-26","2026-06-26","Snacks","https://f.wishabi.net/page_pdf_images/23533983/d8eebc60-6a6d-11f1-8a91-26c424bb6721/x_large"
"2026-06-24T12:20:15.640778","1021112983","O Organics® Granola","EARN 2X POINTS","","","4.99","member price","","O Organics®","2026-06-24","2026-08-25","Pantry","https://f.wishabi.net/page_pdf_images/23533983/d6c05994-6a6d-11f1-8a91-26c424bb6721/x_large"
"2026-06-24T12:20:15.971474","1021113230","Fever-Tree","EARN 2x POINTS","","","6.99","member price","","Fever-Tree","2026-06-24","2026-06-30","Beverages","https://f.wishabi.net/page_items/424421720/1781743157/extra_large.jpg"
"2026-06-24T12:20:16.438599","1021113375","Popeyes Sauce","","","","5.49","member price","","Popeyes","2026-06-24","2026-06-30","Pantry","https://f.wishabi.net/page_pdf_images/23533993/d803e14a-6a6d-11f1-a856-a205cb0eeb6a/x_large"
"2026-06-24T12:20:16.664323","1021113329","Galbani Fresh Mozzarella","","","","5.99","ea member price","","Galbani","2026-06-24","2026-06-30","Dairy & Eggs","https://f.wishabi.net/page_pdf_images/23533993/d67e35aa-6a6d-11f1-a856-a205cb0eeb6a/x_large"
"2026-06-24T12:20:16.827200","1021113361","Follow Your Heart Vegan Shreds and Slices","","","","3.99","ea member price","","Follow Your Heart Vegenaise","2026-06-24","2026-06-30","Dairy & Eggs","https://f.wishabi.net/page_pdf_images/23533993/d062a976-6a6d-11f1-a856-a205cb0eeb6a/x_large"
"2026-06-24T12:20:17.015199","1021113407","Mariani Snack Packs","EARN 2X POINTS","","","4.99","ea member price","","Mariani's","2026-06-24","2026-06-30","Snacks","https://f.wishabi.net/page_pdf_images/23533993/d15d6316-6a6d-11f1-a856-a205cb0eeb6a/x_large"
"2026-06-24T12:20:17.357292","1021113460","Quest Bar","","","2 for","5.0","member price","","Quest","2026-06-24","2026-06-30","Snacks","https://f.wishabi.net/page_pdf_images/23533994/e18d8c20-6a6d-11f1-b690-72be671780ac/x_large"
"2026-06-24T12:20:17.549263","1021113649","Lindor Truffle Bag","BUY 1 GET 1 50% OFF Member Price","","","","","","Lindor","2026-06-24","2026-06-30","Snacks","https://f.wishabi.net/page_pdf_images/23533995/db360b54-6a6d-11f1-aecd-3a958c0afba2/x_large"
"2026-06-24T12:20:17.849285","1021112569","Large Mango, Cucumber, Red, Orange, Yellow or Green Bell Pepper","","","4 for","5.0","member price","","","2026-06-24","2026-06-30","Produce","https://f.wishabi.net/page_pdf_images/23533974/f2780be6-6a6d-11f1-a088-52f22b86633f/x_large"
"2026-06-24T12:20:18.195317","1021112630","Assorted Products","","","10 for","10.0","","","","2026-06-24","2026-06-30","Other","https://f.wishabi.net/page_pdf_images/23533971/e2c61846-6a6d-11f1-b783-cef682dd515f/x_large"
"2026-06-24T12:20:18.434974","1021112625","Signature SELECT® Chicken Drumsticks or Thighs Value Pack","BUY 1 GET 1 FREE Member Price When you Buy 2","","","","","","Signature SELECT®","2026-06-24","2026-06-30","Meat & Seafood","https://f.wishabi.net/page_items/424421205/1781743160/extra_large.jpg"
"2026-06-24T12:20:18.675651","1021112568","Fritos, Ruffles, Doritos or Tostitos","","","","2.49","ea member price when you buy 4","","Fritos | Ruffles | Doritos | Tostitos","2026-06-24","2026-06-30","Snacks","https://f.wishabi.net/page_pdf_images/23533974/d71d796c-6a6d-11f1-a088-52f22b86633f/x_large"
"2026-06-24T12:20:18.988439","1021112631","RESER'S AMERICAN CLASSICS SALAD","","","","5.0","ea member price","","Reser's","2026-06-29","2026-06-29","Deli & Prepared Foods","https://f.wishabi.net/page_pdf_images/23533967/ee5b3286-6a6d-11f1-b23a-2eff8ceb09f2/x_large"
"2026-06-24T12:20:19.346876","1021112614","USDA Choice Boneless Beef Top Sirloin Steak","","","","6.99","lb member price","","","2026-06-24","2026-06-30","Meat & Seafood","https://f.wishabi.net/page_items/424421242/1781743167/extra_large.jpg"
"2026-06-24T12:20:19.665565","1021112582","Starbucks Coffee","","","","7.99","ea member price","","Starbucks","2026-06-24","2026-06-30","Beverages","https://f.wishabi.net/page_items/424421183/1781743157/extra_large.jpg"
"2026-06-24T12:20:20.068503","1021112792","SAFEWAY GIFT CARDS!","","","","","","","","2026-06-24","2026-06-30","Other","https://f.wishabi.net/page_items/424421660/1781743157/extra_large.jpg"
"2026-06-24T12:20:20.267567","1021112772","smartwater 6-pack, Liter. Monster Energy Drinks 4-pack, 16-oz.","BUY 2 GET 1 FREE When you Buy 3 Member Price","","","","","","Smartwater | Monster Energy","2026-06-24","2026-06-30","Beverages","https://f.wishabi.net/page_pdf_images/23533987/d11f092c-6a6d-11f1-ada8-5ae13509b3ab/x_large"
"2026-06-24T12:20:20.471013","1021113216","Vital Farms Pasture-Raised Eggs","EARN 2x POINTS","","","12.99","member price","","Vital Farms","2026-06-24","2026-06-30","Dairy & Eggs","https://f.wishabi.net/page_items/424421713/1781743154/extra_large.jpg"
"2026-06-24T12:20:20.683301","1021113365","Danish Creamery Butter","","","","3.99","member price","","Danish Creamery","2026-06-24","2026-06-30","Dairy & Eggs","https://f.wishabi.net/page_pdf_images/23533993/d421f102-6a6d-11f1-a856-a205cb0eeb6a/x_large"
"2026-06-24T12:20:20.923715","1021113229","Clorox","","","","","","","KINGSFORD","2026-06-24","2026-06-30","Household","https://f.wishabi.net/page_items/424421716/1781743156/extra_large.jpg"
"2026-06-24T12:20:21.253423","1021106941","Signature SELECT® Ice Cream 1.5-qt. Baskin Robbins Ice Cream 14-oz. Talenti Gelato Pint.","","","","2.99","ea member price","","Signature SELECT® | Baskin Robbins | Talenti","2026-06-24","2026-06-30","Frozen","https://f.wishabi.net/page_items/424421167/1781743155/extra_large.jpg"
"2026-06-24T12:20:21.527894","1021106950","Yellow Peaches or Nectarines","","","","1.99","lb member price","","","2026-06-24","2026-06-30","Produce","https://f.wishabi.net/page_items/424421190/1781743158/extra_large.jpg"
"2026-06-24T12:20:21.764921","1021106937","Lucerne® Shredded, Sliced or Chunk Cheese","","","","1.99","ea member price","","Lucerne®","2026-06-24","2026-06-30","Dairy & Eggs","https://f.wishabi.net/page_items/424421161/1781743154/extra_large.jpg"
"2026-06-24T12:20:22.069945","1021106932","Chobani Greek, Less Sugar or Zero Sugar Yogurt","","","","0.89","ea member price","","Chobani","2026-06-24","2026-06-30","Dairy & Eggs","https://f.wishabi.net/page_items/424421155/1781743153/extra_large.jpg"
"2026-06-24T12:20:22.303744","1021106946","Waterfront Bistro® Large Raw Shrimp","","","","4.99","lb member price","","WATERFRONT BISTRO®","2026-06-24","2026-06-30","Meat & Seafood","https://f.wishabi.net/page_items/424421172/1781743155/extra_large.jpg"
"2026-06-24T12:20:22.608595","1021112313","Smart Ones Entrée","","","","2.49","ea member price","","Smart Ones","2026-06-24","2026-06-30","Frozen","https://f.wishabi.net/page_items/424421505/1781743164/extra_large.jpg"
"2026-06-24T12:20:22.978173","1021110846","smartwater","","","2 for","3.0","member price when you buy 2","","Smartwater","2026-06-24","2026-06-30","Beverages","https://f.wishabi.net/page_pdf_images/23533958/d023399e-6a6d-11f1-bd55-8ad58a26d512/x_large"
"2026-06-24T12:20:23.162045","1021110905","BODYARMOR Flash I. V.","","","4 for","5.0","member price","","BODYARMOR","2026-06-24","2026-06-30","Beverages","https://f.wishabi.net/page_pdf_images/23533958/cf2d0934-6a6d-11f1-bd55-8ad58a26d512/x_large"
"2026-06-24T12:20:23.460285","1021110906","Kraft Mayonnaise 30-oz. Selected varieties. Heinz Ketchup 20-oz.","","","","2.99","member price","","Heinz | Kraft","2026-06-24","2026-06-30","Pantry","https://f.wishabi.net/page_pdf_images/23533958/cc50ae5a-6a6d-11f1-bd55-8ad58a26d512/x_large"
"2026-06-24T12:20:23.773143","1021110830","Coca-Cola","BUY 2 GET 2 FREE Member Price When you Buy 4","","","","","","Coca-Cola","2026-06-24","2026-06-30","Beverages","https://f.wishabi.net/page_pdf_images/23533958/d31bc616-6a6d-11f1-bd55-8ad58a26d512/x_large"
"2026-06-24T12:20:24.081442","1021110901","Powerade","","","","0.88","member price","","Powerade","2026-06-24","2026-06-30","Beverages","https://f.wishabi.net/page_pdf_images/23533958/ce026734-6a6d-11f1-bd55-8ad58a26d512/x_large"
"2026-06-24T12:20:24.340914","1021110902","Heinz Yellow Mustard 14-oz. Kraft Mac & Cheese 7.25-oz.","Earn 4x POINTS","","10 for","10.0","member price","","Heinz | Kraft","2026-06-24","2026-06-30","Pantry","https://f.wishabi.net/page_pdf_images/23533958/d161183a-6a6d-11f1-bd55-8ad58a26d512/x_large"
"2026-06-24T12:20:24.641768","1021110904","Coca-Cola","","","","5.99","member price","","Coca-Cola","2026-06-24","2026-06-30","Beverages","https://f.wishabi.net/page_pdf_images/23533958/d3041a34-6a6d-11f1-bd55-8ad58a26d512/x_large"
"2026-06-24T12:20:24.943466","1021110908","BODYARMOR","","","","0.88","member price","","BODYARMOR","2026-06-24","2026-06-30","Beverages","https://f.wishabi.net/page_pdf_images/23533958/cebedb8a-6a6d-11f1-bd55-8ad58a26d512/x_large"
"2026-06-24T12:20:25.168791","1021112267","Cheez-It Crackers","EARN 4X POINTS","","","9.99","member price","","Cheez-It","2026-06-24","2026-06-30","Snacks","https://f.wishabi.net/page_pdf_images/23533978/e87be400-6a6d-11f1-bf1f-aa3298f39225/x_large"
"2026-06-24T12:20:25.497825","1021112256","Chef's Counter™ Marinated Tri Tip Roast","","","","10.99","lb member price","","Chef's Counter","2026-06-24","2026-06-30","Meat & Seafood","https://f.wishabi.net/page_pdf_images/23533978/d3d5fe64-6a6d-11f1-bf1f-aa3298f39225/x_large"
"2026-06-24T12:20:25.827364","1021112257","Artisan Dinner Bread","","","","2.99","","","","2026-06-24","2026-06-30","Bakery","https://f.wishabi.net/page_pdf_images/23533978/de6515ea-6a6d-11f1-bf1f-aa3298f39225/x_large"
"2026-06-24T12:20:26.090773","1021112260","Lemon","","","","0.99","ea","","","2026-06-24","2026-06-30","Produce","https://f.wishabi.net/page_pdf_images/23533978/d3c02e18-6a6d-11f1-bf1f-aa3298f39225/x_large"
"2026-06-24T12:20:26.377123","1021112253","Fresh Sockeye Salmon Fillet","","","","16.99","lb member price","","","2026-06-24","2026-06-30","Meat & Seafood","https://f.wishabi.net/page_pdf_images/23533978/d733ac6e-6a6d-11f1-bf1f-aa3298f39225/x_large"
"2026-06-24T12:20:26.544882","1021112261","Kendall-Jackson, Matua or Korbel","","","","9.99","ea member price when you buy 6 or more","","Kendall-Jackson | Matua | Korbel","2026-06-24","2026-06-30","Beverages","https://f.wishabi.net/page_pdf_images/23533978/efed4af8-6a6d-11f1-bf1f-aa3298f39225/x_large"
"2026-06-24T12:20:26.755558","1021112262","Sun Cruiser 8-pack, 12-oz. Absolut 750-ml.","-$3.00 OFF, BUY 2 Spirits SAVE $6†","","","13.99","ea member price when you buy 2","16.99","Sun Cruiser | Absolut","2026-06-24","2026-06-30","Beverages","https://f.wishabi.net/page_pdf_images/23533978/f0760a96-6a6d-11f1-bf1f-aa3298f39225/x_large"
"2026-06-24T12:20:27.010209","1021112263","Coors or Bud 30-pack, 12-oz. Michelob 24-pack, 12-oz.","","","","22.99","member price","","Coors | Bud |","2026-06-24","2026-06-30","Beverages","https://f.wishabi.net/page_pdf_images/23533978/eae077ec-6a6d-11f1-bf1f-aa3298f39225/x_large"
"2026-06-24T12:20:27.316160","1021112265","La Marca, La Crema Monterey Pinot Noir or Gérard Bertrand coté des roses Rosé","","","","14.99","ea member price when you buy 6 or more","","La Marca | La Crema | Gérard Bertrand","2026-06-24","2026-06-30","Beverages","https://f.wishabi.net/page_pdf_images/23533978/efcb3706-6a6d-11f1-bf1f-aa3298f39225/x_large"
"2026-06-24T12:20:27.528617","1021112266","Snapple Tea","EARN 4X POINTS","","","5.49","member price","","Snapple","2026-06-24","2026-06-30","Beverages","https://f.wishabi.net/page_pdf_images/23533978/f11ef76e-6a6d-11f1-bf1f-aa3298f39225/x_large"
"2026-06-24T12:20:27.898291","1021112360","V8 Splash Juice Blends","","","","2.49","ea member price","","V8","2026-06-24","2026-06-30","Beverages","https://f.wishabi.net/page_items/424421514/1781743166/extra_large.jpg"
"2026-06-24T12:20:28.239611","1021112563","Strawberries 1-lb., Blueberries, Raspberries or Blackberries 6-oz.","","","","2.99","ea member price when you buy 3","","","2026-06-24","2026-06-30","Produce","https://f.wishabi.net/page_pdf_images/23533974/d4728fa4-6a6d-11f1-a088-52f22b86633f/x_large"
"2026-06-24T12:20:28.566298","1021112586","Nabisco Family Size Oreo Cookies 10.68 to 18.71-oz. Pepperidge Farm Milano, Sweet & Simple or Chunk Cookies 5 to 8.6-oz. Goldfish Crackers or Crisps 4 to 8-oz.","BUY 1 GET 1 FREE MEMBER PRICE WHEN YOU BUY 2","","","","","","Nabisco | Oreo | Pepperidge Farm | Goldfish","2026-06-24","2026-06-30","Snacks","https://f.wishabi.net/page_pdf_images/23533974/cddfc058-6a6d-11f1-a088-52f22b86633f/x_large"
"2026-06-24T12:20:28.798168","1021112609","Pepsi, 7UP or Dr Pepper","EARN 4X POINTS, BUY 2 GET 2 FREE Member Price When you Buy 4","","","","","","Pepsi | 7UP | Dr Pepper","2026-06-24","2026-06-30","Beverages","https://f.wishabi.net/page_pdf_images/23533974/e928c71a-6a6d-11f1-a088-52f22b86633f/x_large"
"2026-06-24T12:20:29.039435","1021112629","Nature Valley Protein Bars 5-ct. Betty Crocker Fruit Snacks 12 to 16-ct. Kellogg's Pop-Tarts 12-ct. General Mills Family Size Cereal 15 to 24-oz.","","","","2.99","ea member price when you buy 2","","Nature Valley | Betty Crocker | Kellogg's | General Mills","2026-06-24","2026-06-30","Pantry","https://f.wishabi.net/page_pdf_images/23533974/e527e920-6a6d-11f1-a088-52f22b86633f/x_large"
"2026-06-24T12:20:29.346334","1021112597","Fresh Express Salad Blend","","","","2.99","ea member price when you buy 2","","Fresh Express","2026-06-24","2026-06-30","Produce","https://f.wishabi.net/page_pdf_images/23533974/ef71ee30-6a6d-11f1-a088-52f22b86633f/x_large"
"2026-06-24T12:20:29.597043","1021112619","Hormel Black Label Bacon","","","","5.99","ea member price","","Hormel","2026-06-24","2026-06-30","Meat & Seafood","https://f.wishabi.net/page_items/424421210/1781743161/extra_large.jpg"
"2026-06-24T12:20:29.808205","1021112623","Sierra Nevada, White Claw, Lagunitas or Stella Artois 12-pack, 11.2 to 12-oz. Coors 18-pack, 12-oz.","","","","10.99","","15.99","Sierra Nevada | White Claw | Lagunitas | Stella Artois","2026-06-24","2026-06-30","Beverages","https://f.wishabi.net/page_pdf_images/23533974/f340577c-6a6d-11f1-a088-52f22b86633f/x_large"
"2026-06-24T12:20:30.163528","1021112774","Powerade 8-pack, 20-oz. vitaminwater 6-pack, 16.9-oz.","BUY 2 GET 1 FREE Member Price When you Buy 3","","","","","","Powerade | vitaminwater","2026-06-24","2026-06-30","Beverages","https://f.wishabi.net/page_pdf_images/23533987/d198078c-6a6d-11f1-ada8-5ae13509b3ab/x_large"
"2026-06-24T12:20:30.373035","1021113219","Califia Farms Organic Almond, Soy or Coconut Milk","","","","4.99","member price","","Califia Farms","2026-06-24","2026-06-30","Dairy & Eggs","https://f.wishabi.net/page_items/424421714/1781743155/extra_large.jpg"
"2026-06-24T12:20:30.642582","1021112773","Coca-Cola","Buy $25 of participating products SAVE $5 with for U®","","","8.99","member price","","Coca-Cola","2026-06-24","2026-06-30","Beverages","https://f.wishabi.net/page_pdf_images/23533987/d891fe26-6a6d-11f1-ada8-5ae13509b3ab/x_large"
"2026-06-24T12:20:30.824606","1021112923","Oscar Mayer Deli Fresh Family Pack Lunchmeat","","","","5.0","ea member price","","Oscar Mayer","2026-06-26","2026-06-26","Deli & Prepared Foods","https://f.wishabi.net/page_pdf_images/23533983/ccdb02d0-6a6d-11f1-8a91-26c424bb6721/x_large"
"2026-06-24T12:20:31.037731","1021112986","Mondrian Roses","","","","5.0","ea member price","","","2026-06-26","2026-06-26","Floral","https://f.wishabi.net/page_pdf_images/23533983/d372db4a-6a6d-11f1-8a91-26c424bb6721/x_large"
"2026-06-24T12:20:31.368489","1021112981","Signature SELECT® Frozen Fruit","Earn 2x POINTS","","","9.99","member price","","Signature SELECT®","2026-06-24","2026-08-25","Frozen","https://f.wishabi.net/page_pdf_images/23533983/d62b78a6-6a6d-11f1-8a91-26c424bb6721/x_large"
"2026-06-24T12:20:31.594292","1021112988","Gatorade","Earn 2X POINTS","","","9.99","member price","","Gatorade","2026-06-24","2026-08-25","Beverages","https://f.wishabi.net/page_pdf_images/23533983/dc36d6dc-6a6d-11f1-8a91-26c424bb6721/x_large"
"2026-06-24T12:20:31.969198","1021113015","Foster Farms Fresh & Natural Chicken Leg Quarters","EARN 2X POINTS","","","0.99","lb member price","","Foster Farms","2026-06-24","2026-08-25","Meat & Seafood","https://f.wishabi.net/page_pdf_images/23533983/da0d96ca-6a6d-11f1-8a91-26c424bb6721/x_large"
"2026-06-24T12:20:32.213309","1021112984","O Organics® Ketchup","EARN 2X POINTS","","","5.99","member price","","O Organics®","2026-06-24","2026-08-25","Pantry","https://f.wishabi.net/page_pdf_images/23533983/d6a5509a-6a6d-11f1-8a91-26c424bb6721/x_large"
"2026-06-24T12:20:32.580227","1021113315","Health-Ade Kombucha","EARN 2X POINTS","","","2.99","member price","","Health-Ade Kombucha","2026-06-24","2026-06-30","Beverages","https://f.wishabi.net/page_pdf_images/23533993/d214c704-6a6d-11f1-a856-a205cb0eeb6a/x_large"
"2026-06-24T12:20:32.868310","1021113414","Scott Bath Tissue","","","","18.99","member price","","Scott","2026-06-24","2026-06-30","Household","https://f.wishabi.net/page_pdf_images/23533993/da684af2-6a6d-11f1-a856-a205cb0eeb6a/x_large"
"2026-06-24T12:20:33.044567","1021113416","Galbani Fresh Mozzarella Slicing Log","","","","8.99","ea member price","","Galbani","2026-06-24","2026-06-30","Dairy & Eggs","https://f.wishabi.net/page_pdf_images/23533993/d613010e-6a6d-11f1-a856-a205cb0eeb6a/x_large"
"2026-06-24T12:20:33.306706","1021113596","Crest Toothpaste","EARN 4X POINTS","","","6.99","member price","","Crest","2026-06-24","2026-06-30","Personal Care","https://f.wishabi.net/page_pdf_images/23533994/d583e442-6a6d-11f1-b690-72be671780ac/x_large"
"2026-06-24T12:20:33.476113","1021113541","Pepto Bismol","EARN 4x POINTS","","","11.99","member price","","Pepto-Bismol","2026-06-24","2026-06-30","Health & Wellness","https://f.wishabi.net/page_pdf_images/23533994/d6592d1e-6a6d-11f1-b690-72be671780ac/x_large"
"2026-06-24T12:20:33.656852","1021113445","Pantene Pump or Head & Shoulders Shampoo or Conditioner","EARN 4x POINTS","","","7.99","member price","","Pantene | Head & Shoulders","2026-06-24","2026-06-30","Personal Care","https://f.wishabi.net/page_pdf_images/23533994/d1c3a982-6a6d-11f1-b690-72be671780ac/x_large"
"2026-06-24T12:20:33.939949","1021113560","Herbal Essences Shampoo or Conditioner","EARN 4x POINTS","","","8.99","member price","","Herbal Essences","2026-06-24","2026-06-30","Personal Care","https://f.wishabi.net/page_pdf_images/23533994/d51aaacc-6a6d-11f1-b690-72be671780ac/x_large"
"2026-06-24T12:20:34.169250","1021113476","Luna Bar","","","3 for","5.0","member price","","Luna","2026-06-24","2026-06-30","Snacks","https://f.wishabi.net/page_pdf_images/23533994/dff368b2-6a6d-11f1-b690-72be671780ac/x_large"
"2026-06-24T12:20:34.380396","1021113440","Boost Original Nutritional Drink","","","","9.99","member price","","Boost","2026-06-24","2026-06-30","Health & Wellness","https://f.wishabi.net/page_pdf_images/23533994/d3447674-6a6d-11f1-b690-72be671780ac/x_large"
"2026-06-24T12:20:34.564930","1021113796","Peter Rabbit Pouch","","","3 for","5.0","member price","","PETER RABBIT","2026-06-24","2026-06-30","Pantry","https://f.wishabi.net/page_pdf_images/23533995/ea02e1b6-6a6d-11f1-aecd-3a958c0afba2/x_large"
"2026-06-24T12:20:34.801580","1021113691","Clorox Pure Allergen Neutralizer Spray","","","","5.99","member price","","Clorox","2026-06-24","2026-06-30","Household","https://f.wishabi.net/page_pdf_images/23533995/cdcade90-6a6d-11f1-aecd-3a958c0afba2/x_large"
"2026-06-24T12:20:35.125515","1021113701","Rubbermaid TakeAlongs Food Storage","","","","5.99","member price","","Rubbermaid","2026-06-24","2026-06-30","Household","https://f.wishabi.net/page_pdf_images/23533995/cd00f562-6a6d-11f1-aecd-3a958c0afba2/x_large"
"2026-06-24T12:20:35.412940","1021113720","CharBroil 4-Burner Gas Grill","33% OFF Member Price","","","","","","CharBroil","2026-06-24","2026-06-30","Other","https://f.wishabi.net/page_pdf_images/23533995/d4a8d88e-6a6d-11f1-aecd-3a958c0afba2/x_large"
"2026-06-24T12:20:35.680583","1021113815","JET-PUFFED Marshmallow","FREE JET-PUFFED Marshmallow 12-oz When you buy ONE (1) HONEY MAID Grahams (12.2-oz. or larger) and HERSHEY's Milk Chocolate 6-pack (9.3-oz.)","","","","","","Jet-Puffed","2026-04-08","2026-09-08","Pantry","https://f.wishabi.net/page_items/424421807/1781743179/extra_large.jpg"
"2026-06-24T12:20:36.005084","1021113792","Lysol Disinfectant Wipes","","","","8.99","member price","","Lysol","2026-06-24","2026-06-30","Household","https://f.wishabi.net/page_pdf_images/23533995/ef692868-6a6d-11f1-aecd-3a958c0afba2/x_large"
"2026-06-24T12:20:36.275481","1021113793","Mr. BBQ Hershey's S'mores Tools","BUY 1 GET 1 50% OFF Member Price","","","","","","Mr. BBQ","2026-06-24","2026-07-07","Other","https://f.wishabi.net/page_pdf_images/23533995/dff44e26-6a6d-11f1-aecd-3a958c0afba2/x_large"
"2026-06-24T12:20:36.446371","1021113645","Red Vines Twist Jar","","","","9.99","member price","","red vines","2026-06-24","2026-06-30","Snacks","https://f.wishabi.net/page_pdf_images/23533995/dbeeae5c-6a6d-11f1-aecd-3a958c0afba2/x_large"
"2026-06-24T12:20:36.640435","1021113671","Mars Candy Bar","","","2 for","3.0","member price","","","2026-06-24","2026-06-30","Snacks","https://f.wishabi.net/page_pdf_images/23533995/d761c2f2-6a6d-11f1-aecd-3a958c0afba2/x_large"
"2026-06-24T12:20:36.917732","1021113489","Dove Bar Soap","","","","11.99","member price","","Dove","2026-06-24","2026-07-07","Personal Care","https://f.wishabi.net/page_pdf_images/23533994/da23d3a4-6a6d-11f1-b690-72be671780ac/x_large"
"2026-06-24T12:20:37.131340","1021113599","Dove Dry Spray or Clinical Solid Deodorant","","","","9.99","member price","","Dove","2026-06-24","2026-06-30","Personal Care","https://f.wishabi.net/page_pdf_images/23533994/d95128b4-6a6d-11f1-b690-72be671780ac/x_large"
"2026-06-24T12:20:37.493481","1021113693","Summer Swim Accessories","33% OFF Member Price","","","","","","","2026-06-24","2026-06-30","Other","https://f.wishabi.net/page_pdf_images/23533995/e3bb4302-6a6d-11f1-aecd-3a958c0afba2/x_large"
"2026-06-24T12:20:37.712335","1021112379","Rana Meal","","","","12.99","ea member price","","Rana","2026-06-24","2026-06-30","Deli & Prepared Foods","https://f.wishabi.net/page_items/424421508/1781743165/extra_large.jpg"
"2026-06-24T12:20:37.973955","1021113741","Igloo Profile II Cooler","33% OFF Member Price","","","","","","Igloo","2026-06-24","2026-06-30","Household","https://f.wishabi.net/page_pdf_images/23533995/e20f2ece-6a6d-11f1-aecd-3a958c0afba2/x_large"
"2026-06-24T12:20:38.242397","1021113786","Huggies Baby Wipes","","","2 for","7.0","member price","","Huggies","2026-06-24","2026-06-30","Personal Care","https://f.wishabi.net/page_pdf_images/23533995/eb5d8160-6a6d-11f1-aecd-3a958c0afba2/x_large"
"2026-06-24T12:20:38.607561","1021112264","Tillamook Ice Cream","Earn 4x POINTS","","2 for","7.0","member price","","Tillamook","2026-06-24","2026-06-30","Frozen","https://f.wishabi.net/page_pdf_images/23533978/e8490666-6a6d-11f1-bf1f-aa3298f39225/x_large"
"2026-06-24T12:20:38.960872","1021112300","Johnsonville Breakfast Sausage","","","","4.99","ea member price","","Johnsonville","2026-06-24","2026-06-30","Meat & Seafood","https://f.wishabi.net/page_items/424421488/1781743161/extra_large.jpg"
"2026-06-24T12:20:39.167570","1021112934","Foster's, Bud, Lagunitas, Modelo, New Belgium or Sierra Nevada","","","2 for","5.0","member price","","Foster's | Bud | Lagunitas | Modelo | New Belgium | Sierra Nevada","2026-06-26","2026-06-26","Beverages","https://f.wishabi.net/page_pdf_images/23533983/dac88778-6a6d-11f1-8a91-26c424bb6721/x_large"
"2026-06-24T12:20:39.458315","1021113818","Signature SELECT® Copper Ring Firepit","33% OFF Member Price","","","","","","Signature SELECT®","2026-06-24","2026-06-30","Household","https://f.wishabi.net/page_pdf_images/23533995/e751711c-6a6d-11f1-aecd-3a958c0afba2/x_large"
"2026-06-24T12:20:39.779229","1021112627","Fresh Atlantic Salmon Portion","","","","5.99","ea member price","","","2026-06-24","2026-06-30","Meat & Seafood","https://f.wishabi.net/page_pdf_images/23533974/ee00ebaa-6a6d-11f1-a088-52f22b86633f/x_large"
"2026-06-24T12:20:40.004999","1021113514","Old Spice Deodorant","EARN 4X POINTS","","","7.99","member price","","Old Spice","2026-06-24","2026-06-30","Personal Care","https://f.wishabi.net/page_pdf_images/23533994/d5ee4990-6a6d-11f1-b690-72be671780ac/x_large"
"2026-06-24T12:20:40.328844","1021112226","Personal Seedless Watermelon","","","","4.99","ea member price","","","2026-06-24","2026-06-30","Produce","https://f.wishabi.net/page_pdf_images/23533978/d8171f26-6a6d-11f1-bf1f-aa3298f39225/x_large"
"2026-06-24T12:20:40.486049","1021113580","Dove Men Care Dry Spray","","","","9.99","member price","","Dove Men+Care","2026-06-24","2026-06-30","Personal Care","https://f.wishabi.net/page_pdf_images/23533994/d9b8ee9a-6a6d-11f1-b690-72be671780ac/x_large"
"2026-06-24T12:20:40.829085","1021112963","Lucerne® Yogurt","EARN 2X POINTS","","","2.69","member price","","Lucerne®","2026-06-24","2026-08-25","Dairy & Eggs","https://f.wishabi.net/page_pdf_images/23533983/d5c535d2-6a6d-11f1-8a91-26c424bb6721/x_large"
"2026-06-24T12:20:41.104828","1021112198","Painted Sunflowers","","","","7.99","","","","2026-06-24","2026-06-30","Floral","https://f.wishabi.net/page_pdf_images/23533978/d8fbb10e-6a6d-11f1-bf1f-aa3298f39225/x_large"
"2026-06-24T12:20:41.334620","1021113676","Albranese Share Size Bag","","","","6.99","member price","","","2026-06-24","2026-06-30","Snacks","https://f.wishabi.net/page_pdf_images/23533995/dd1f5f74-6a6d-11f1-aecd-3a958c0afba2/x_large"
"2026-06-24T12:20:41.659542","1021113731","Pedialyte Electrolyte Solution","EARN 2X POINTS","","","5.49","member price","","Pedialyte","2026-06-24","2026-07-07","Health & Wellness","https://f.wishabi.net/page_pdf_images/23533995/ed424786-6a6d-11f1-aecd-3a958c0afba2/x_large"
"2026-06-24T12:20:41.985555","1021113005","Wonder Hot Dog or Hamburger Buns","EARN 2X POINTS","","","2.99","member price","","Wonder","2026-06-24","2026-08-25","Bakery","https://f.wishabi.net/page_pdf_images/23533983/cf8a22ae-6a6d-11f1-8a91-26c424bb6721/x_large"
"2026-06-24T12:20:42.220698","1021113014","Bolthouse Juice","EARN 2X POINTS","","","2.99","ea member price","","Bolthouse","2026-06-24","2026-08-25","Beverages","https://f.wishabi.net/page_pdf_images/23533983/d7108d2e-6a6d-11f1-8a91-26c424bb6721/x_large"
"2026-06-24T12:20:42.546375","1021112953","Red Seedless Grapes","","","3 lbs for","5.0","member price","","","2026-06-26","2026-06-26","Produce","https://f.wishabi.net/page_pdf_images/23533983/cc66fac0-6a6d-11f1-8a91-26c424bb6721/x_large"
"2026-06-24T12:20:42.746474","1021113330","Bonne Maman Preserves","","","","6.99","member price","","Bonne Maman","2026-06-24","2026-06-30","Pantry","https://f.wishabi.net/page_pdf_images/23533993/d88ecf9e-6a6d-11f1-a856-a205cb0eeb6a/x_large"
"2026-06-24T12:20:42.925095","1021112925","Crystal Geyser Alpine Spring Water","","","","5.0","ea member price","","Crystal Geyser","2026-06-26","2026-06-26","Beverages","https://f.wishabi.net/page_pdf_images/23533983/d143b5d8-6a6d-11f1-8a91-26c424bb6721/x_large"
"2026-06-24T12:20:43.245595","1021112604","Rustik Bagels 4-ct. Sourdough Bread 16 to 24-oz. Signature SELECT® Variety Bread 24-oz.","","","","3.99","member price","","Rustik | Signature SELECT®","2026-06-24","2026-06-30","Bakery","https://f.wishabi.net/page_pdf_images/23533974/ccffed66-6a6d-11f1-a088-52f22b86633f/x_large"
"2026-06-24T12:20:43.562220","1021113606","Dove or Axe Deodorant","","","","6.99","member price","","Dove | Axe","2026-06-24","2026-06-07","Personal Care","https://f.wishabi.net/page_pdf_images/23533994/d7343da0-6a6d-11f1-b690-72be671780ac/x_large"
"2026-06-24T12:20:43.914899","1021113659","Twizzlers or Jolly Rancher Ropes","","","","4.99","member price","","Twizzlers | Jolly Rancher","2026-06-24","2026-07-07","Snacks","https://f.wishabi.net/page_pdf_images/23533995/d8b1a65e-6a6d-11f1-aecd-3a958c0afba2/x_large"
"2026-06-24T12:20:44.232789","1021112960","Johnsonville Sausage 19-oz. Evergood Sausage 12-oz.","","","","5.0","ea member price","","Johnsonville | Evergood","2026-06-26","2026-06-26","Meat & Seafood","https://f.wishabi.net/page_pdf_images/23533983/d7c9b4de-6a6d-11f1-8a91-26c424bb6721/x_large"
"2026-06-24T12:20:44.423550","1021113024","Price Lock","","","","","","","","2026-06-24","2026-06-30","Other","https://f.wishabi.net/page_items/424460446/1781743171/extra_large.jpg"
"2026-06-24T12:20:44.726980","1021113754","Patriotic Paper Party Goods","","","4 for","5.0","member price","","","2026-06-24","2026-06-30","Household","https://f.wishabi.net/page_pdf_images/23533995/d551b9f4-6a6d-11f1-aecd-3a958c0afba2/x_large"
"2026-06-24T12:20:44.946748","1021112383","Hillshire Farm Sausage Ropes","","","","4.99","ea member price","","Hillshire Farm","2026-06-24","2026-06-30","Meat & Seafood","https://f.wishabi.net/page_items/424421502/1781743164/extra_large.jpg"
"2026-06-24T12:20:45.226296","1021113326","Stellar Pretzels","","","","5.99","member price","","Stellar","2026-06-24","2026-06-30","Snacks","https://f.wishabi.net/page_pdf_images/23533993/d8fa93f0-6a6d-11f1-a856-a205cb0eeb6a/x_large"
"2026-06-24T12:20:45.412199","1021113538","Crest Pro Health Mouthwash","EARN 4X POINTS","","","6.99","member price","","Crest","2026-06-24","2026-07-07","Personal Care","https://f.wishabi.net/page_pdf_images/23533994/d4a89716-6a6d-11f1-b690-72be671780ac/x_large"
"2026-06-24T12:20:45.747465","1021113695","Summer Citronella","25% OFF Member Price","","","","","","","2026-06-24","2026-07-07","Household","https://f.wishabi.net/page_pdf_images/23533995/eecb0b60-6a6d-11f1-aecd-3a958c0afba2/x_large"
"2026-06-24T12:20:45.969707","1021112271","Dave's Killer Bread 24 to 27-oz., Breakfast Bread 18-oz.","","","","4.99","ea member price","","Dave's Killer","2026-06-24","2026-06-30","Bakery","https://f.wishabi.net/page_items/424421459/1781743154/extra_large.jpg"
"2026-06-24T12:20:46.234616","1021112932","Totino's Party Pizza","","","3 for","5.0","member price","","Totino's","2026-06-26","2026-06-26","Frozen","https://f.wishabi.net/page_pdf_images/23533983/cea42466-6a6d-11f1-8a91-26c424bb6721/x_large"
"2026-06-24T12:20:46.488532","1021113336","Blue Diamond Almond Breeze Almondmilk","","","2 for","7.0","member price","","Blue Diamond","2026-06-24","2026-06-30","Dairy & Eggs","https://f.wishabi.net/page_pdf_images/23533993/d5a5eb78-6a6d-11f1-a856-a205cb0eeb6a/x_large"
"2026-06-24T12:20:46.847497","1021110907","Coca-Cola","","","","2.99","ea member price when you buy 3","","Coca-Cola","2026-06-24","2026-06-30","Beverages","https://f.wishabi.net/page_pdf_images/23533958/cfb4863e-6a6d-11f1-bd55-8ad58a26d512/x_large"
"2026-06-24T12:20:47.185548","1021113374","Cowgirl Creamery","","","","16.99","ea member price","","","2026-06-24","2026-06-30","Dairy & Eggs","https://f.wishabi.net/page_pdf_images/23533993/d3236696-6a6d-11f1-a856-a205cb0eeb6a/x_large"
"2026-06-24T12:20:47.348987","1021112320","Pampers Swaddlers Super Pack Diapers","","","","25.99","ea member price","","Pampers","2026-06-24","2026-06-30","Personal Care","https://f.wishabi.net/page_items/424421515/1781743166/extra_large.jpg"
"2026-06-24T12:20:47.555283","1021113820","Pharmacy","","","","","","","","2026-06-24","2026-06-30","Health & Wellness","https://f.wishabi.net/page_items/424421806/1781743178/extra_large.jpg"
"2026-06-24T12:20:47.787046","1021112319","Yoplait Fridge Pack 8-pack, 6-oz. Go-Gurt Yogurt 16-pack, 2-oz.","","","","3.99","ea member price","","Yoplait | Go-Gurt","2026-06-24","2026-06-30","Dairy & Eggs","https://f.wishabi.net/page_items/424421499/1781743163/extra_large.jpg"
"2026-06-24T12:20:48.122478","1021112268","Post Giant Size Cereal 23-oz. Honey Bunches of Oats or Pebbles. Kind Granola 11-oz.","","","","4.99","ea member price","","Post| Kind","2026-06-24","2026-06-30","Pantry","https://f.wishabi.net/page_items/424421456/1781743153/extra_large.jpg"
"2026-06-24T12:20:48.396267","1021113835","Huggies Little Movers, Snugglers, Pull-Ups or Goodnites Jumbo Pack","","","","9.99","ea","11.99","Huggies | Goodnites","2026-06-24","2026-07-07","Personal Care","https://f.wishabi.net/page_pdf_images/23533995/d4c23b58-6a6d-11f1-aecd-3a958c0afba2/x_large"
"2026-06-24T12:20:48.582735","1021112775","Simply or Simply Light Orange Juice","Buy $25 of participating products SAVE $5 with for U®","","","5.99","","","Simply Juice","2026-06-24","2026-06-30","Beverages","https://f.wishabi.net/page_pdf_images/23533987/d10d527c-6a6d-11f1-ada8-5ae13509b3ab/x_large"
"2026-06-24T12:20:48.932790","1021113719","Handi-Foil","BUY 1 GET 1 50% OFF Member Price","","","","","","","2026-06-24","2026-06-30","Household","https://f.wishabi.net/page_pdf_images/23533995/e5143362-6a6d-11f1-aecd-3a958c0afba2/x_large"
"2026-06-24T12:20:49.199608","1021112343","Safeway for u","","","","","","","","2026-06-24","2026-06-30","Other","https://f.wishabi.net/page_items/424460449/1781743168/extra_large.jpg"
"2026-06-24T12:20:49.366632","1021110903","La Colombe","","","2 for","3.0","member price","","La Colombe","2026-06-24","2026-06-30","Beverages","https://f.wishabi.net/page_pdf_images/23533958/cd3d359a-6a6d-11f1-bd55-8ad58a26d512/x_large"
"2026-06-24T12:20:49.648169","1021112284","Signature SELECT® Frozen Potatoes","","","","3.99","ea member price","","Signature SELECT®","2026-06-24","2026-06-30","Frozen","https://f.wishabi.net/page_items/424421472/1781743157/extra_large.jpg"
"2026-06-24T12:20:49.946541","1021112930","Cape Cod Potato Chips","","","2 for","5.0","member price","","Cape Cod","2026-06-26","2026-06-26","Snacks","https://f.wishabi.net/page_pdf_images/23533983/d0e675d0-6a6d-11f1-8a91-26c424bb6721/x_large"
"2026-06-24T12:20:50.123686","1021113017","Signature SELECT® Pork Shoulder Country Style Ribs or Blade Steak","","","2 lbs for","5.0","member price","","Signature SELECT®","2026-06-26","2026-06-26","Meat & Seafood","https://f.wishabi.net/page_pdf_images/23533983/d3dd1974-6a6d-11f1-8a91-26c424bb6721/x_large"
"2026-06-24T12:20:50.410045","1021113026","BBQ Rib Tips","","","","5.0","member price","","","2026-06-26","2026-06-26","Meat & Seafood","https://f.wishabi.net/page_pdf_images/23533983/cd7270f2-6a6d-11f1-8a91-26c424bb6721/x_large"
"2026-06-24T12:20:50.665066","1021112926","Sweet Corn","","","10 for","5.0","member price","","","2026-06-26","2026-06-26","Produce","https://f.wishabi.net/page_pdf_images/23533983/d7f8e06a-6a6d-11f1-8a91-26c424bb6721/x_large"
"2026-06-24T12:20:50.871335","1021112281","Nabisco Snack Crackers","","","","2.49","ea member price","","Nabisco","2026-06-24","2026-06-30","Snacks","https://f.wishabi.net/page_items/424421462/1781743155/extra_large.jpg"
"2026-06-24T12:20:51.034135","1021112168","Large Navel Oranges","","","","1.69","lb member price","","","2026-06-24","2026-06-30","Produce","https://f.wishabi.net/page_pdf_images/23533978/d2eb7f7e-6a6d-11f1-bf1f-aa3298f39225/x_large"
"2026-06-24T12:20:51.231858","1021112337","Red Bull","","","","7.49","ea member price","","Red Bull","2026-06-24","2026-06-30","Beverages","https://f.wishabi.net/page_items/424421475/1781743158/extra_large.jpg"
"2026-06-24T12:20:51.483747","1021112112","McCormick Grill Mates Dry Seasoning Mix","EARN 4X POINTS","","4 for","5.0","member price","","McCormick","2026-06-24","2026-06-30","Pantry","https://f.wishabi.net/page_pdf_images/23533978/e95c547c-6a6d-11f1-bf1f-aa3298f39225/x_large"
"2026-06-24T12:20:51.724385","1021112373","Charmin Bath Tissue 12-Mega Rolls or Bounty Paper Towels 6-Doubles Plus Rolls","","","","14.99","ea member price","","Charmin | Bounty","2026-06-24","2026-06-30","Household","https://f.wishabi.net/page_items/424421519/1781743167/extra_large.jpg"
"2026-06-24T12:20:51.901847","1021112116","Signature SELECT® Meatloaf","","","Every Day","10.99","ea","","Signature SELECT®","2026-06-24","2026-06-30","Deli & Prepared Foods","https://f.wishabi.net/page_pdf_images/23533978/d8f0936e-6a6d-11f1-bf1f-aa3298f39225/x_large"
"2026-06-24T12:20:52.133102","1021112177","Primo Taglio® Pan Roasted Turkey Breast","","","","9.99","lb member price","","Primo Taglio®","2026-06-24","2026-06-30","Deli & Prepared Foods","https://f.wishabi.net/page_pdf_images/23533978/cd489dae-6a6d-11f1-bf1f-aa3298f39225/x_large"
"2026-06-24T12:20:52.331533","1021112104","ReadyMeals® Entrée Salad","","","","5.99","ea when you buy 2 member price","","ReadyMeals®","2026-06-24","2026-06-30","Deli & Prepared Foods","https://f.wishabi.net/page_pdf_images/23533978/dcdc8578-6a6d-11f1-bf1f-aa3298f39225/x_large"
"2026-06-24T12:20:52.498436","1021112186","Cantaloupe","","","2 for","6.0","member price","","","2026-06-24","2026-06-30","Produce","https://f.wishabi.net/page_pdf_images/23533978/d21e6e8a-6a6d-11f1-bf1f-aa3298f39225/x_large"
"2026-06-24T12:20:52.753098","1021112105","Smithfield Boneless Hickory Smoked Pork Chops","","","","6.99","ea member price","","Smithfield","2026-06-24","2026-06-30","Meat & Seafood","https://f.wishabi.net/page_pdf_images/23533978/d0695bcc-6a6d-11f1-bf1f-aa3298f39225/x_large"
"2026-06-24T12:20:52.989241","1021112215","Red Tomatoes on the Vine","","","","2.99","lb member price","","","2026-06-24","2026-06-30","Produce","https://f.wishabi.net/page_pdf_images/23533978/d3008112-6a6d-11f1-bf1f-aa3298f39225/x_large"
"2026-06-24T12:20:53.284540","1021112232","Jennie-O 93% Lean Ground Turkey or Patties","","","","5.99","ea member price","","Jennie-O","2026-06-24","2026-06-30","Meat & Seafood","https://f.wishabi.net/page_pdf_images/23533978/d59a13ac-6a6d-11f1-bf1f-aa3298f39225/x_large"
"2026-06-24T12:20:53.496750","1021112210","Pride Bouquet","","","","14.99","","","","2026-06-24","2026-06-30","Floral","https://f.wishabi.net/page_pdf_images/23533978/da8d8dda-6a6d-11f1-bf1f-aa3298f39225/x_large"
"2026-06-24T12:20:53.776553","1021112217","Tinted Rainbow Carnations","","","","5.99","member price","","","2026-06-24","2026-06-30","Floral","https://f.wishabi.net/page_pdf_images/23533978/de68da9a-6a6d-11f1-bf1f-aa3298f39225/x_large"
"2026-06-24T12:20:53.979623","1021112234","Hass Avocado","","","2 for","4.0","","","","2026-06-24","2026-06-30","Produce","https://f.wishabi.net/page_pdf_images/23533978/df1ef2f8-6a6d-11f1-bf1f-aa3298f39225/x_large"
"2026-06-24T12:20:54.301723","1021112155","Mini Bundt Cakes","","","","4.0","","","","2026-06-24","2026-06-30","Bakery","https://f.wishabi.net/page_pdf_images/23533978/dfd4265a-6a6d-11f1-bf1f-aa3298f39225/x_large"
"2026-06-24T12:20:54.597586","1021112206","Signature SELECT® Boneless Pork Top Loin Chops","EARN 2x POINTS","","","3.99","lb member price","","Signature SELECT®","2026-06-24","2026-06-30","Meat & Seafood","https://f.wishabi.net/page_pdf_images/23533978/ce6aec00-6a6d-11f1-bf1f-aa3298f39225/x_large"
"2026-06-24T12:20:54.798616","1021113390","Lays Party Size 12.5 to 13-oz. Rold Gold Selects or Cheetos Simply Party Size 12 to 16-oz.","","","","4.99","ea member price","","Lays | Rold Gold | Cheetos","2026-06-24","2026-06-30","Snacks","https://f.wishabi.net/page_pdf_images/23533993/d96969ec-6a6d-11f1-a856-a205cb0eeb6a/x_large"
"2026-06-24T12:20:55.050080","1021113495","CLIF Builders","","","","10.99","member price","","Clif Bar","2026-06-24","2026-06-30","Snacks","https://f.wishabi.net/page_pdf_images/23533994/d4294876-6a6d-11f1-b690-72be671780ac/x_large"
"2026-06-24T12:20:55.256023","1021112298","Simply NKD Chips 8 to 9.25-oz. Lay's Potato Chips or Poppables 5 to 8-oz.","","","","2.99","ea member price","","Simply | Lay's","2026-06-24","2026-06-30","Snacks","https://f.wishabi.net/page_items/424421485/1781743160/extra_large.jpg"
"2026-06-24T12:20:55.410117","1021112287","Ragú Pasta Sauce","","","","1.49","ea member price","","Ragu","2026-06-24","2026-06-30","Pantry","https://f.wishabi.net/page_items/424421479/1781743159/extra_large.jpg"
"2026-06-24T12:20:55.706415","1021112937","Kraft Dressing 14-oz. Best Foods Squeeze Mayonnaise 11.5-oz.","","","2 for","5.0","member price","","Kraft | Best Foods","2026-06-26","2026-06-26","Pantry","https://f.wishabi.net/page_pdf_images/23533983/d9188acc-6a6d-11f1-8a91-26c424bb6721/x_large"
"2026-06-24T12:20:55.950877","1021112295","Philadelphia Cream Cheese","","","","2.49","ea member price","","PHILADELPHIA","2026-06-24","2026-06-30","Dairy & Eggs","https://f.wishabi.net/page_items/424421476/1781743158/extra_large.jpg"
"2026-06-24T12:20:56.147486","1021112353","Lucerne® Butter Quarters 16-oz. Grass-Fed Butter 8-oz.","","","","3.99","ea member price","","Lucerne®","2026-06-24","2026-06-30","Dairy & Eggs","https://f.wishabi.net/page_items/424421496/1781743162/extra_large.jpg"
"2026-06-24T12:20:56.481918","1021112330","Kellogg's Eggo Waffles","","","","2.99","ea member price","","Kellogg's","2026-06-24","2026-06-30","Frozen","https://f.wishabi.net/page_items/424421516/1781743167/extra_large.jpg"
"2026-06-24T12:20:56.836188","1021112943","Waterfront Bistro® Fin Fish Fillets","","","","5.0","ea member price","","WATERFRONT BISTRO®","2026-06-26","2026-06-26","Frozen","https://f.wishabi.net/page_pdf_images/23533983/cf22ac0a-6a6d-11f1-8a91-26c424bb6721/x_large"
"2026-06-24T12:20:57.003874","1021113525","U by Kotex Tampons","","","","9.99","ea","10.99","U by Kotex","2026-06-24","2026-07-07","Personal Care","https://f.wishabi.net/page_pdf_images/23533994/ced2b876-6a6d-11f1-b690-72be671780ac/x_large"
"2026-06-24T12:20:57.228020","1021113570","Nature's Truth Vitamins","BUY 1 GET 1 FREE When you Buy 2 Member Price","","","","","","Nature's Truth","2026-06-24","2026-06-30","Health & Wellness","https://f.wishabi.net/page_pdf_images/23533994/e1e55130-6a6d-11f1-b690-72be671780ac/x_large"
"2026-06-24T12:20:57.443810","1021113341","Galbani Marinated Fresh Mozzarella","","","","6.99","ea member price","","Galbani","2026-06-24","2026-06-30","Dairy & Eggs","https://f.wishabi.net/page_pdf_images/23533993/d744d5a2-6a6d-11f1-a856-a205cb0eeb6a/x_large"
"2026-06-24T12:20:57.786922","1021113735","Scrubbing Bubbles Easy Clean","","","","4.99","member price","","Scrubbing Bubbles","2026-06-24","2026-06-30","Household","https://f.wishabi.net/page_pdf_images/23533995/d3df7f0c-6a6d-11f1-aecd-3a958c0afba2/x_large"
"2026-06-24T12:20:58.050680","1021113841","Baby Essentials","Save more on baby essentials*, BUY 2 SAVE $10","","","","","","","2026-06-24","2026-06-30","Other","https://f.wishabi.net/page_items/424421808/1781743180/extra_large.jpg"
"2026-06-24T12:20:58.254071","1021113470","CLIF Bars","","","","14.99","member price","","Clif Bar","2026-06-24","2026-06-30","Snacks","https://f.wishabi.net/page_pdf_images/23533994/df62fe9e-6a6d-11f1-b690-72be671780ac/x_large"
"2026-06-24T12:20:58.504156","1021113543","Mr. Clean Multi-Surface Cleaner","EARN 4x POINTS","","","5.99","member price","","Mr. Clean","2026-06-24","2026-06-30","Household","https://f.wishabi.net/page_pdf_images/23533994/cd629042-6a6d-11f1-b690-72be671780ac/x_large"
"2026-06-24T12:20:58.777594","1021113638","PERSONAL CARE","SCORE 4X for U POINTS* ON GAME-CHANGING PERSONAL CARE","","","","","","","2026-06-24","2026-06-30","Personal Care","https://f.wishabi.net/page_items/424421773/1781743176/extra_large.jpg"
"2026-06-24T12:20:59.118351","1021113658","Kinder Joy Egg","","","","1.99","member price","","Kinder","2026-06-24","2026-06-30","Snacks","https://f.wishabi.net/page_pdf_images/23533995/da62160a-6a6d-11f1-aecd-3a958c0afba2/x_large"
"2026-06-24T12:20:59.449081","1021113780","OFF! Insect Repellent","","","Starting at","8.49","member price","","Off!","2026-06-24","2026-06-30","Household","https://f.wishabi.net/page_pdf_images/23533995/d00a7508-6a6d-11f1-aecd-3a958c0afba2/x_large"
"2026-06-24T12:20:59.721272","1021113324","Horizon Organic Milk","","","","6.49","member price","","Horizon","2026-06-24","2026-06-30","Dairy & Eggs","https://f.wishabi.net/page_pdf_images/23533993/d501c6ec-6a6d-11f1-a856-a205cb0eeb6a/x_large"
"2026-06-24T12:20:59.965228","1021112192","Muffins","","","","5.99","","","","2026-06-24","2026-06-30","Bakery","https://f.wishabi.net/page_pdf_images/23533978/d9d1c366-6a6d-11f1-bf1f-aa3298f39225/x_large"
"2026-06-24T12:21:00.210878","1021113513","Secret Clinical Strength Deodorant","EARN 4X POINTS","","","14.99","member price","","Secret","2026-06-24","2026-06-30","Personal Care","https://f.wishabi.net/page_pdf_images/23533994/cf91ff10-6a6d-11f1-b690-72be671780ac/x_large"
"2026-06-24T12:21:00.561796","1021113532","Signature SELECT® Sport Sun Care","","","","8.99","member price","","Signature SELECT®","2026-06-24","2026-06-30","Personal Care","https://f.wishabi.net/page_pdf_images/23533994/db4076b6-6a6d-11f1-b690-72be671780ac/x_large"
"2026-06-24T12:21:00.827934","1021113378","Mt. Olive Pickles","","","","2.49","ea member price","","Mt. Olive","2026-06-24","2026-06-30","Pantry","https://f.wishabi.net/page_pdf_images/23533993/d82132e0-6a6d-11f1-a856-a205cb0eeb6a/x_large"
"2026-06-24T12:21:01.247905","1021113385","a2 Milk","","","","4.49","member price","","A2 Milk","2026-06-24","2026-06-30","Dairy & Eggs","https://f.wishabi.net/page_pdf_images/23533993/d48e271e-6a6d-11f1-a856-a205cb0eeb6a/x_large"
"2026-06-24T12:21:01.549757","1021113448","Gillette Mach 3 Cartridges or Fusion Razor","EARN 4X POINTS","","","13.99","member price","","Gillette","2026-06-24","2026-06-30","Personal Care","https://f.wishabi.net/page_pdf_images/23533994/d6c60b3c-6a6d-11f1-b690-72be671780ac/x_large"
"2026-06-24T12:21:01.900112","1021113480","KIND Bars","","","","7.99","member price","","Kind","2026-06-24","2026-06-30","Snacks","https://f.wishabi.net/page_pdf_images/23533994/e245da50-6a6d-11f1-b690-72be671780ac/x_large"
"2026-06-24T12:21:02.242226","1021113622","Dial Liquid Hand Soap or Complete Foaming Wash","","","","3.49","ea","3.99","Dial","2026-06-24","2026-07-07","Personal Care","https://f.wishabi.net/page_pdf_images/23533994/df08a1a6-6a6d-11f1-b690-72be671780ac/x_large"
"2026-06-24T12:21:02.580253","1021113767","Summer Inflatables","25% OFF Member Price","","","","","","","2026-06-24","2026-06-30","Household","https://f.wishabi.net/page_pdf_images/23533995/e34b61a4-6a6d-11f1-aecd-3a958c0afba2/x_large"
"2026-06-24T12:21:02.918582","1021113670","Lifesaver or Skittles Peg Bag","","","","2.49","member price","","Lifesaver | Skittles","2026-06-24","2026-06-30","Snacks","https://f.wishabi.net/page_pdf_images/23533995/dafb840c-6a6d-11f1-aecd-3a958c0afba2/x_large"
"2026-06-24T12:21:03.135315","1021113755","BBQ Tools & Accessories","BUY 1 GET 1 50%* Member Price","","","","","","","2026-06-24","2026-06-30","Household","https://f.wishabi.net/page_pdf_images/23533995/e0759d32-6a6d-11f1-aecd-3a958c0afba2/x_large"
"2026-06-24T12:21:03.419244","1021113811","Signature SELECT® Food Storage","","","2 for","7.0","member price","","Signature SELECT®","2026-06-24","2026-07-07","Household","https://f.wishabi.net/page_pdf_images/23533995/d218f09a-6a6d-11f1-aecd-3a958c0afba2/x_large"
"2026-06-24T12:21:03.748089","1021113383","Nissin Geki Spicy Soup","","","","4.99","member price","","Nissin","2026-06-24","2026-06-30","Pantry","https://f.wishabi.net/page_pdf_images/23533993/d79270c8-6a6d-11f1-a856-a205cb0eeb6a/x_large"
"2026-06-24T12:21:04.096450","1021113556","Sensodyne Toothpaste","","","","7.99","member price","","Sensodyne","2026-06-24","2026-06-30","Personal Care","https://f.wishabi.net/page_pdf_images/23533994/dd475b28-6a6d-11f1-b690-72be671780ac/x_large"
"2026-06-24T12:21:04.385946","1021113804","American Hand Flag","25% OFF Member Price","","","","","","","2026-06-24","2026-06-30","Household","https://f.wishabi.net/page_pdf_images/23533995/d747c46a-6a6d-11f1-aecd-3a958c0afba2/x_large"
"2026-06-24T12:21:04.814557","1021113805","AmeriGas","","","","17.99","ea","22.99","AmeriGas","2026-06-24","2026-07-07","Household","https://f.wishabi.net/page_pdf_images/23533995/d3582dd6-6a6d-11f1-aecd-3a958c0afba2/x_large"
"2026-06-24T12:21:05.026921","1021113461","think! Protein Bars","","","","9.99","member price","","think!","2026-06-24","2026-06-30","Health & Wellness","https://f.wishabi.net/page_pdf_images/23533994/e04e72c0-6a6d-11f1-b690-72be671780ac/x_large"
"2026-06-24T12:21:05.348913","1021112106","Red Cherries","","","Every Day","5.99","lb","","","2026-06-24","2026-06-30","Produce","https://f.wishabi.net/page_pdf_images/23533978/e09b6274-6a6d-11f1-bf1f-aa3298f39225/x_large"
"2026-06-24T12:21:05.659283","1021113356","Frito-Lay Snack Pack","","","","4.99","ea member price","","Frito-Lay","2026-06-24","2026-06-30","Snacks","https://f.wishabi.net/page_pdf_images/23533993/d9d43d58-6a6d-11f1-a856-a205cb0eeb6a/x_large"
"2026-06-24T12:21:05.892752","1021113618","Claritin Allergy Relief","","","","12.99","member price","","Claritin","2026-06-24","2026-06-30","Health & Wellness","https://f.wishabi.net/page_pdf_images/23533994/de379d2c-6a6d-11f1-b690-72be671780ac/x_large"
"2026-06-24T12:21:06.118556","1021113716","Backyard Games","25% OFF Member Price","","","","","","","2026-06-24","2026-06-30","Other","https://f.wishabi.net/page_pdf_images/23533995/e16ae008-6a6d-11f1-aecd-3a958c0afba2/x_large"
"2026-06-24T12:21:06.357601","1021113496","Febreze Air Care","EARN 4x POINTS","","","6.99","member price","","Febreze","2026-06-24","2026-06-30","Household","https://f.wishabi.net/page_pdf_images/23533994/d15557de-6a6d-11f1-b690-72be671780ac/x_large"
"2026-06-24T12:21:06.654050","1021113526","Depend or Poise Pads","","","","17.49","ea","19.99","Depend | Poise Pads","2026-06-24","2026-07-07","Personal Care","https://f.wishabi.net/page_pdf_images/23533994/cf23539e-6a6d-11f1-b690-72be671780ac/x_large"
"2026-06-24T12:21:06.956975","1021113572","Signature Care® or Signature SELECT® Facial Wipes","EARN 2X POINTS","","","5.99","member price","","Signature Care® | Signature SELECT®","2026-06-24","2026-06-30","Personal Care","https://f.wishabi.net/page_pdf_images/23533994/dc52925a-6a6d-11f1-b690-72be671780ac/x_large"
"2026-06-24T12:21:07.206527","1021113705","Signature SELECT® USA Sports Chair","33% OFF Member Price","","","","","","Signature SELECT®","2026-06-24","2026-06-30","Other","https://f.wishabi.net/page_pdf_images/23533995/d18153c0-6a6d-11f1-aecd-3a958c0afba2/x_large"
"2026-06-24T12:21:07.427256","1021112941","Value Corner® Paper Towels 6-Rolls. Bath Tissue 12-Rolls.","","","","5.0","ea member price","","Value Corner®","2026-06-26","2026-06-26","Household","https://f.wishabi.net/page_pdf_images/23533983/d370b7b6-6a6d-11f1-8a91-26c424bb6721/x_large"
"2026-06-24T12:21:07.691492","1021113510","5-hour Energy Shot","","","2 for","6.0","member price","","5 Hour Energy","2026-06-24","2026-07-07","Beverages","https://f.wishabi.net/page_pdf_images/23533994/e1080dca-6a6d-11f1-b690-72be671780ac/x_large"
"2026-06-24T12:21:07.874203","1021112617","CHICKEN NUGGETS","","","","5.0","ea member price","","","2026-06-29","2026-06-29","Frozen","https://f.wishabi.net/page_pdf_images/23533974/ecba6370-6a6d-11f1-a088-52f22b86633f/x_large"
"2026-07-01T12:34:46.646377","1022537522","Sweet Corn","","","8 for","1.0","member price","","","2026-07-01","2026-07-07","Produce","https://f.wishabi.net/page_items/425267063/1782284417/extra_large.jpg"
"2026-07-01T12:34:46.937074","1022537547","Lay's, Tostitos, Doritos or Simply 4.5 to 13-oz. Single price up to $5.49 ea. Nabisco Snack Crackers 3.5 to 9.1-oz. Ritz Crackers 8.8 to 13.7-oz. Chips Ahoy! Cookies 9.5 to 13-oz. Keebler Sandwich Crackers 8-pack, 1.38-oz. Pepsi,","BUY 2, GET 3 FREE WHEN YOU BUY 5 MEMBER PRICE","","","","","","Lay's | Tostitos | Doritos | Simply | Nabisco | Ritz | Chips Ahoy! | Keebler | Coca-Cola | 7UP | Dr Pepper","2026-07-01","2026-07-07","Snacks","https://f.wishabi.net/page_pdf_images/23587381/781689fa-6f67-11f1-b7b6-a64e8d8e820e/x_large"
"2026-07-01T12:34:47.290211","1022537555","Dreyer's 1.5-qt. Häagen-Dazs Novelties 3-ct. Ice Cream 14-oz.","","","","2.99","ea member price","","Dreyer's | Häagen-Dazs","2026-07-01","2026-07-07","Frozen","https://f.wishabi.net/page_items/425267095/1782284424/extra_large.jpg"
"2026-07-01T12:34:47.540997","1022537541","Simply Orange 46-oz. Coffee mate Creamer 28 to 32-oz. Challenge or Danish Creamery Butter 16-oz. Sticks or Cubes. 13 to 15-oz. Spread.","","","","2.99","ea member price","","Simply | Coffee mate | Challenge","2026-07-01","2026-07-07","Dairy & Eggs","https://f.wishabi.net/page_items/425267086/1782284422/extra_large.jpg"
"2026-07-01T12:34:47.770283","1022537572","USDA Choice Beef Ribeye Steak","","","","9.99","lb member price","","","2026-07-01","2026-07-07","Meat & Seafood","https://f.wishabi.net/page_items/425267112/1782284429/extra_large.jpg"
"2026-07-01T12:34:48.014310","1022537565","Signature SELECT® Extra Meaty Pork Loin Back Ribs","","","","3.99","lb member price","","Signature SELECT®","2026-07-01","2026-07-07","Meat & Seafood","https://f.wishabi.net/page_pdf_images/23587381/7a148cf2-6f67-11f1-b7b6-a64e8d8e820e/x_large"
"2026-07-01T12:34:48.345516","1022537580","Signature SELECT® Chicken Boneless Skinless Breasts or Thighs","","","","2.99","lb member price","","Signature SELECT®","2026-07-01","2026-07-07","Meat & Seafood","https://f.wishabi.net/page_pdf_images/23587381/792bae60-6f67-11f1-b7b6-a64e8d8e820e/x_large"
"2026-07-01T12:34:48.659665","1022537589","CHICKEN TENDERS","","","","5.99","lb member price","","","2026-07-06","2026-07-06","Deli & Prepared Foods","https://f.wishabi.net/page_pdf_images/23587381/790bacf0-6f67-11f1-b7b6-a64e8d8e820e/x_large"
"2026-07-01T12:34:48.832553","1022537568","Coors, Bud or Miller 30-pack, 12-oz. High Noon 12-pack, 355-ml. cans. Michelob 24-pack, 12-oz. Golden State 8-pack, 16-oz. Jameson 750-ml.","","","","18.99","member price","","Coors | Bud | Miller | High Noon | Michelob | Golden State | Jameson","2026-07-01","2026-07-07","Beverages","https://f.wishabi.net/page_pdf_images/23587381/80356502-6f67-11f1-b7b6-a64e8d8e820e/x_large"
"2026-07-01T12:34:49.099296","1022537530","Ball Park Hot Dog or Hamburger Buns 14 to 15-oz. Thomas' Bagels, English Muffins or Swirl Bread 12 to 18-oz. Signature SELECT® Sandwich Bread 20 to 22-oz.","","","","2.99","member price","","Ball Park | Thomas' | Signature SELECT®","2026-07-01","2026-07-07","Bakery","https://f.wishabi.net/page_pdf_images/23587377/6478fad6-6f67-11f1-911e-dac49fd66996/x_large"
"2026-07-01T12:34:49.444319","1022537538","New York Style Sausage 16-oz. Hillshire Farms Sausage Ropes 13 to 14-oz. Hebrew National Beef Franks 10.3 to 12-oz. Ball Park Beef Franks 15-oz.","BUY 1 GET 1 FREE Member Price When you Buy 2","","","","","","New York Style | Hillshire Farms | Hebrew National | Ball Park","2026-07-01","2026-07-07","Meat & Seafood","https://f.wishabi.net/page_pdf_images/23587381/643fb618-6f67-11f1-b7b6-a64e8d8e820e/x_large"
"2026-07-01T12:34:49.752678","1022537557","Signature SELECT® 80% Lean Ground Beef Mega Pack","","","","4.99","lb member price","","Signature SELECT®","2026-07-01","2026-07-07","Meat & Seafood","https://f.wishabi.net/page_pdf_images/23587381/651cb536-6f67-11f1-b7b6-a64e8d8e820e/x_large"
"2026-07-01T12:34:50.132619","1022537551","Modelo, Corona, Pacifico, Stella Artois or Firestone Walker","","","","11.99","ea member price when you buy 2","","Modelo | Corona | Pacifico | Stella Artois | Firestone Walker","2026-07-01","2026-07-07","Beverages","https://f.wishabi.net/page_pdf_images/23587381/7df743aa-6f67-11f1-b7b6-a64e8d8e820e/x_large"
"2026-07-01T12:34:50.434572","1022537531","Lucerne® Shredded, Sliced or Chunk Cheese","","","","1.89","ea member price","","Lucerne®","2026-07-01","2026-07-07","Dairy & Eggs","https://f.wishabi.net/page_items/425267068/1782284418/extra_large.jpg"
"2026-07-01T12:34:50.777447","1022537562","Best Foods Mayonnaise","","","","3.49","ea member price","","Best Foods","2026-07-01","2026-07-07","Pantry","https://f.wishabi.net/page_items/425267105/1782284427/extra_large.jpg"
"2026-07-01T12:34:51.075278","1022537745","Red Cherries","","","","1.99","lb member price","","","2026-07-01","2026-07-07","Produce","https://f.wishabi.net/page_items/425267125/1782284428/extra_large.jpg"
"2026-07-01T12:34:51.265974","1022537748","8-Piece Fried or Roasted Chicken","","","","6.99","ea member price","","","2026-07-01","2026-07-07","Deli & Prepared Foods","https://f.wishabi.net/page_pdf_images/23587381/7af74006-6f67-11f1-b7b6-a64e8d8e820e/x_large"
"2026-07-01T12:34:51.507376","1022537747","Waterfront Bistro® Extra Jumbo Raw Shrimp 16 to 20-ct. Sold in a 2-lb. bag. Frozen. Sold by the pound. Wild Caught Lobster Tail 3-oz. Previously Frozen. Sold by the each.","","","","5.99","member price","","WATERFRONT BISTRO®","2026-07-01","2026-07-07","Meat & Seafood","https://f.wishabi.net/page_items/425267123/1782284428/extra_large.jpg"
"2026-07-01T12:34:51.837047","1022537900","Fresh Baked Apple Pie","","","","9.99","member price","","","2026-07-01","2026-07-07","Bakery","https://f.wishabi.net/page_pdf_images/23587392/6b9c9da4-6f67-11f1-8e69-8ebf4308a35d/x_large"
"2026-07-01T12:34:52.098848","1022537898","Bush's Best Baked or Grillin' Beans","EARN 4x POINTS","","2 for","5.0","member price","","Bush's","2026-07-01","2026-07-07","Pantry","https://f.wishabi.net/page_pdf_images/23587392/6f165c72-6f67-11f1-8e69-8ebf4308a35d/x_large"
"2026-07-01T12:34:52.454887","1022537998","USDA Choice Boneless Beef Tri Tip Roast","","","","12.99","lb member price","","","2026-07-01","2026-07-07","Meat & Seafood","https://f.wishabi.net/page_pdf_images/23587392/6108dc68-6f67-11f1-8e69-8ebf4308a35d/x_large"
"2026-07-01T12:34:52.780580","1022537997","SugarBee Apples","","","","2.99","lb member price","","Sugarbee","2026-07-01","2026-07-07","Produce","https://f.wishabi.net/page_pdf_images/23587392/691308a2-6f67-11f1-8e69-8ebf4308a35d/x_large"
"2026-07-01T12:34:53.027345","1022537916","California Grown Bouquet","","","","16.99","","","","2026-07-01","2026-07-07","Floral","https://f.wishabi.net/page_pdf_images/23587392/6feebec8-6f67-11f1-8e69-8ebf4308a35d/x_large"
"2026-07-01T12:34:53.268532","1022537932","Shrimp Skewer","","","5 for","5.0","member price","","","2026-07-01","2026-07-07","Meat & Seafood","https://f.wishabi.net/page_pdf_images/23587384/656c085c-6f67-11f1-9891-5283d1e426c5/x_large"
"2026-07-01T12:34:53.512181","1022537785","Sweet Baby Ray's Barbecue Sauce 18-oz. Selected varieties. French's Yellow Mustard 20-oz.","","","","1.99","ea member price","","Sweet Baby Ray's | French's","2026-07-01","2026-07-07","Pantry","https://f.wishabi.net/page_items/425267283/1782284424/extra_large.jpg"
"2026-07-01T12:34:53.701299","1022537796","Signature SELECT® Toast Breads or Raisin Bread 16 to 22-oz. Artisan Bread 20-oz.","","","","2.99","ea member price","","Signature SELECT®","2026-07-01","2026-07-07","Bakery","https://f.wishabi.net/page_items/425267287/1782284425/extra_large.jpg"
"2026-07-01T12:34:54.003545","1022537827","Mission Soft Taco Tortillas","","","","2.49","ea member price","","Mission","2026-07-01","2026-07-07","Bakery","https://f.wishabi.net/page_items/425267305/1782284431/extra_large.jpg"
"2026-07-01T12:34:54.353482","1022537799","Nabisco Ritz Toasted Chips 7 to 8.1-oz. Cheez-It Crackers 6.5 to 12.4-oz.","","","","2.99","ea member price","","Nabisco","2026-07-01","2026-07-07","Snacks","https://f.wishabi.net/page_items/425267296/1782284428/extra_large.jpg"
"2026-07-01T12:34:54.544588","1022537804","Hormel Chili","","","","1.99","ea member price","","Hormel","2026-07-01","2026-07-07","Pantry","https://f.wishabi.net/page_items/425267301/1782284430/extra_large.jpg"
"2026-07-01T12:34:54.853320","1022537816","Ore-Ida Hash Brown Potatoes","","","","4.99","ea member price","","Ore-Ida","2026-07-01","2026-07-07","Frozen","https://f.wishabi.net/page_pdf_images/23587396/644bcb06-6f67-11f1-b92d-ee632cc5a9bc/x_large"
"2026-07-01T12:34:55.064152","1022537807","Kinder's Dry Rub 4.2 to 6.25-oz. Selected varieties. Hidden Valley Ranch Dressing 16-oz.","","","","3.99","ea member price","","Kinder's | Hidden Valley","2026-07-01","2026-07-07","Pantry","https://f.wishabi.net/page_items/425267293/1782284427/extra_large.jpg"
"2026-07-01T12:34:55.388122","1022537830","Philadelphia Cream Cheese","","","","2.49","ea member price","","PHILADELPHIA","2026-07-01","2026-07-07","Dairy & Eggs","https://f.wishabi.net/page_items/425267317/1782284434/extra_large.jpg"
"2026-07-01T12:34:55.685218","1022537831","Dannon Triple Zero, Light + Fit or Too Good Greek Yogurt","","","","3.49","ea member price","","Dannon","2026-07-01","2026-07-07","Dairy & Eggs","https://f.wishabi.net/page_items/425267324/1782284436/extra_large.jpg"
"2026-07-01T12:34:55.952000","1022537852","Kraft Singles","","","","2.99","ea member price","","Kraft","2026-07-01","2026-07-07","Dairy & Eggs","https://f.wishabi.net/page_items/425267338/1782284440/extra_large.jpg"
"2026-07-01T12:34:56.341917","1022537829","SunChips 7-oz. Lay's Kettle Potato Chips 7 to 8-oz. Ruffles Potato Chips 8.5 to 9-oz.","","","","1.99","ea member price","","SunChips | Lay's | Ruffles","2026-07-01","2026-07-07","Snacks","https://f.wishabi.net/page_items/425267314/1782284433/extra_large.jpg"
"2026-07-01T12:34:56.525782","1022537870","all Laundry Detergent 73-oz. Liquid or 39-ct. Pacs. Persil 84-oz. Liquid or 42-ct. Pacs.","","","","9.99","ea member price","","all | Persil","2026-07-01","2026-07-07","Household","https://f.wishabi.net/page_items/425267575/1782284438/extra_large.jpg"
"2026-07-01T12:34:56.798487","1022537843","Red Baron Pizza","","","","3.99","ea member price","","Red Baron","2026-07-01","2026-07-07","Frozen","https://f.wishabi.net/page_items/425267330/1782284437/extra_large.jpg"
"2026-07-01T12:34:57.181872","1022537897","Personal Seedless Watermelon, Cantaloupe or Honeydew","","","","3.99","ea member price","","","2026-07-01","2026-07-07","Produce","https://f.wishabi.net/page_items/425267147/1782284423/extra_large.jpg"
"2026-07-01T12:34:57.528749","1022537907","Taylor Farms Chopped Salad Kit 7.3 to 13.5-oz. Fresh Express Chopped Salad Kit 6.7 to 13.3-oz.","","","","3.99","ea member price when you buy 2","","Taylor Farms | Fresh Express","2026-07-01","2026-07-07","Produce","https://f.wishabi.net/page_pdf_images/23587392/623618bc-6f67-11f1-8e69-8ebf4308a35d/x_large"
"2026-07-01T12:34:57.797596","1022537946","La Terra Fina Dip 10-oz. Deli Tortilla Chips 16-oz.","","","Starting at","3.99","ea member price","","La Terra Fina","2026-07-01","2026-07-07","Deli & Prepared Foods","https://f.wishabi.net/page_pdf_images/23587392/6b91785c-6f67-11f1-8e69-8ebf4308a35d/x_large"
"2026-07-01T12:34:58.104777","1022537977","Signature SELECT® Sunflowers","","","","7.99","","","Signature SELECT®","2026-07-01","2026-07-07","Floral","https://f.wishabi.net/page_pdf_images/23587384/7ad6bd86-6f67-11f1-9891-5283d1e426c5/x_large"
"2026-07-01T12:34:58.396374","1022537954","Cheesecake Platter","","","","21.99","member price","","","2026-07-01","2026-07-07","Bakery","https://f.wishabi.net/page_pdf_images/23587384/6ed56ea6-6f67-11f1-9891-5283d1e426c5/x_large"
"2026-07-01T12:34:58.769547","1022537957","Miami Beef Smashed Burgers","","","","9.99","ea member price","","Miami Beef","2026-07-01","2026-07-07","Meat & Seafood","https://f.wishabi.net/page_pdf_images/23587392/67470316-6f67-11f1-8e69-8ebf4308a35d/x_large"
"2026-07-01T12:34:59.122777","1022538011","Signature SELECT® Alstroemeria","","","","6.99","member price","","Signature SELECT®","2026-07-01","2026-07-07","Floral","https://f.wishabi.net/page_pdf_images/23587392/6ff48dc6-6f67-11f1-8e69-8ebf4308a35d/x_large"
"2026-07-01T12:34:59.455572","1022538280","Sierra Nevada, Lagunitas or New Belgium","","","","16.99","ea member price","","Sierra Nevada | Lagunitas | New Belgium","2026-07-01","2026-07-07","Beverages","https://f.wishabi.net/page_items/425267738/1782284441/extra_large.jpg"
"2026-07-01T12:34:59.809867","1022538282","Gatorade 8-pack,12-oz. Poppi Soda 4-pack,12-oz. Starbucks Frappuccino 4-pack, 9.5-oz.","","","","6.99","ea member price","","Gatorade | Poppi Soda | Starbucks","2026-07-01","2026-07-07","Beverages","https://f.wishabi.net/page_items/425267739/1782284441/extra_large.jpg"
"2026-07-01T12:35:00.086727","1022537964","Signature SELECT® Pork Shoulder Country Style Ribs or Blade Steak","","","","3.99","lb member price","","Signature SELECT®","2026-07-01","2026-07-07","Meat & Seafood","https://f.wishabi.net/page_pdf_images/23587392/62c265e2-6f67-11f1-8e69-8ebf4308a35d/x_large"
"2026-07-01T12:35:00.406534","1022537968","Dinner Rolls","","","","4.99","","","","2026-07-01","2026-07-07","Bakery","https://f.wishabi.net/page_pdf_images/23587392/647dd90c-6f67-11f1-8e69-8ebf4308a35d/x_large"
"2026-07-01T12:35:00.730598","1022537987","Summer Sun Bliss Bouquet","","","","14.99","","","","2026-07-01","2026-07-07","Floral","https://f.wishabi.net/page_pdf_images/23587392/70655c7c-6f67-11f1-8e69-8ebf4308a35d/x_large"
"2026-07-01T12:35:01.007101","1022537974","Fresh Large BBQ Oysters","","","12 for","12.0","member price","","","2026-07-01","2026-07-07","Meat & Seafood","https://f.wishabi.net/page_pdf_images/23587392/67b3da68-6f67-11f1-8e69-8ebf4308a35d/x_large"
"2026-07-01T12:35:01.341904","1022537918","Echo Falls Smoked Norwegian Atlantic Salmon Slices","","","","14.99","ea member price","","Echo Falls","2026-07-01","2026-07-07","Meat & Seafood","https://f.wishabi.net/page_pdf_images/23587392/66e49b40-6f67-11f1-8e69-8ebf4308a35d/x_large"
"2026-07-01T12:35:01.644694","1022537943","Hatfield Marinated Pork","","","","5.99","ea member price","","Hatfield","2026-07-01","2026-07-07","Meat & Seafood","https://f.wishabi.net/page_pdf_images/23587392/6339d3b6-6f67-11f1-8e69-8ebf4308a35d/x_large"
"2026-07-01T12:35:01.858266","1022538001","Rondelé Spread 8-oz. Pretzelized Pretzel Pita Chips 7-oz.","","","Starting at","4.99","ea","","Rondelé | Pretzelized","2026-07-01","2026-07-07","Dairy & Eggs","https://f.wishabi.net/page_pdf_images/23587392/61962514-6f67-11f1-8e69-8ebf4308a35d/x_large"
"2026-07-01T12:35:02.036409","1022537859","Otter Pops","","","","4.99","ea member price","","Otter Pops","2026-07-01","2026-07-07","Frozen","https://f.wishabi.net/page_items/425267572/1782284437/extra_large.jpg"
"2026-07-01T12:35:02.320559","1022537823","Pillsbury Cinnamon Rolls, Grands! Biscuits or Crescents","EARN 4x POINTS","","","2.99","ea member price","","Pillsbury","2026-07-01","2026-07-07","Dairy & Eggs","https://f.wishabi.net/page_items/425267290/1782284426/extra_large.jpg"
"2026-07-01T12:35:02.539854","1022537836","Waterfront Bistro® Shrimp Ring","","","","19.99","ea member price","","WATERFRONT BISTRO®","2026-07-01","2026-07-07","Frozen","https://f.wishabi.net/page_items/425267327/1782284437/extra_large.jpg"
"2026-07-01T12:35:02.862451","1022538405","Foster Farms Fresh & Natural Chicken Leg Quarters","EARN 2x POINTS","","","0.99","lb member price","","Foster Farms","2026-07-01","2026-07-07","Meat & Seafood","https://f.wishabi.net/page_pdf_images/23587400/7125fb6c-6f67-11f1-b9ae-ca6eae7c3c15/x_large"
"2026-07-01T12:35:03.193768","1022538428","Oscar Mayer Bacon","","","","5.0","ea member price","","Oscar Mayer","2026-07-03","2026-07-03","Meat & Seafood","https://f.wishabi.net/page_pdf_images/23587400/6b7e9ff2-6f67-11f1-b9ae-ca6eae7c3c15/x_large"
"2026-07-01T12:35:03.470609","1022538390","King's Hawaiian Rolls","","","","4.99","ea member price","","King's Hawaiian","2026-07-01","2026-07-07","Bakery","https://f.wishabi.net/page_pdf_images/23587400/789dba06-6f67-11f1-b9ae-ca6eae7c3c15/x_large"
"2026-07-01T12:35:03.680907","1022538283","Cottonelle Bath Tissue 12-Mega Rolls. Fresh Care Wipes 336-ct. Viva Paper Towels 6-Double Rolls.","","","","11.99","ea member price","","Cottonelle | Viva","2026-07-01","2026-07-07","Household","https://f.wishabi.net/page_items/425267740/1782284442/extra_large.jpg"
"2026-07-01T12:35:03.968401","1022538374","Fresh Atlantic Salmon Portion","","","","5.0","ea member price","","","2026-07-03","2026-07-03","Meat & Seafood","https://f.wishabi.net/page_pdf_images/23587400/65c3dbb8-6f67-11f1-b9ae-ca6eae7c3c15/x_large"
"2026-07-01T12:35:04.218539","1022538384","Fresh Sushi","","","","5.0","ea member price","","","2026-07-03","2026-07-03","Deli & Prepared Foods","https://f.wishabi.net/page_pdf_images/23587400/72d58c16-6f67-11f1-b9ae-ca6eae7c3c15/x_large"
"2026-07-01T12:35:04.394248","1022538360","Reser's American Classics Salad","","","","6.99","ea member price","","Reser's","2026-07-01","2026-07-07","Deli & Prepared Foods","https://f.wishabi.net/page_pdf_images/23587400/76caf02c-6f67-11f1-b9ae-ca6eae7c3c15/x_large"
"2026-07-01T12:35:04.658070","1022538380","Half Pie","","","","5.0","ea member price","","","2026-07-03","2026-07-03","Bakery","https://f.wishabi.net/page_pdf_images/23587400/7afadbf8-6f67-11f1-b9ae-ca6eae7c3c15/x_large"
"2026-07-01T12:35:04.871141","1022538423","Overjoyed™ Boutique Rose Alstroemeria Bouquet","","","","5.0","ea member price","","Overjoyed™","2026-07-03","2026-07-03","Floral","https://f.wishabi.net/page_pdf_images/23587400/6df8625e-6f67-11f1-b9ae-ca6eae7c3c15/x_large"
"2026-07-01T12:35:05.133492","1022538410","Kick'd Up Admiral's Feast Party Tray","","","","24.99","ea member price","","","2026-07-01","2026-07-07","Deli & Prepared Foods","https://f.wishabi.net/page_pdf_images/23587400/7943fa74-6f67-11f1-b9ae-ca6eae7c3c15/x_large"
"2026-07-01T12:35:05.322788","1022538434","$5 ea. Member Price St. Louis Style Ribs 10-oz. Half Rack. $5 lb. Member Price Primo Taglio® Ham Off The Bone or American Cheese Yellow or White Cheese. Potato Wedges","","","","5.0","member price","","Primo Taglio®","2026-07-03","2026-07-03","Deli & Prepared Foods","https://f.wishabi.net/page_pdf_images/23587400/608eb15e-6f67-11f1-b9ae-ca6eae7c3c15/x_large"
"2026-07-01T12:35:05.516143","1022538386","Entenmann's Donuts 14.25 to 16.5-oz. Bimbo Bread 24-oz.","","","2 for","5.0","member price","","Entenmann's | Bimbo","2026-07-03","2026-07-03","Bakery","https://f.wishabi.net/page_pdf_images/23587400/6847dc9a-6f67-11f1-b9ae-ca6eae7c3c15/x_large"
"2026-07-01T12:35:05.736521","1022538435","Signature SELECT® Pork Spareribs","","","2 lbs for","5.0","member price","","Signature SELECT®","2026-07-03","2026-07-03","Meat & Seafood","https://f.wishabi.net/page_pdf_images/23587400/6ed0f1dc-6f67-11f1-b9ae-ca6eae7c3c15/x_large"
"2026-07-01T12:35:06.043687","1022538373","Popsicle Ice Pops","","","2 for","5.0","member price","","Popsicle","2026-07-03","2026-07-03","Frozen","https://f.wishabi.net/page_pdf_images/23587400/6de25c20-6f67-11f1-b9ae-ca6eae7c3c15/x_large"
"2026-07-01T12:35:06.325872","1022538366","Fruit Tray with Dip","","","","16.99","","","","2026-07-01","2026-07-07","Deli & Prepared Foods","https://f.wishabi.net/page_pdf_images/23587400/7980fb2c-6f67-11f1-b9ae-ca6eae7c3c15/x_large"
"2026-07-01T12:35:06.707872","1022540647","Dove or Axe Deodorant","","","","6.99","member price","","Dove | Axe","2026-07-01","2026-07-07","Personal Care","https://f.wishabi.net/page_pdf_images/23587414/84f9d816-6f67-11f1-b63e-72e9fe4f07f4/x_large"
"2026-07-01T12:35:06.934267","1022538804","Green or Red Seedless Grapes","","","","4.99","lb","","","2026-07-01","2026-07-07","Produce","https://f.wishabi.net/page_pdf_images/23587392/691512dc-6f67-11f1-8e69-8ebf4308a35d/x_large"
"2026-07-01T12:35:07.095865","1022538806","Organic Strawberries","","","","4.99","ea member price","","","2026-07-01","2026-07-07","Produce","https://f.wishabi.net/page_pdf_images/23587392/660f0a52-6f67-11f1-8e69-8ebf4308a35d/x_large"
"2026-07-01T12:35:07.290312","1022539042","Fresh Fruit Tart","","","","21.99","member price","","","2026-07-01","2026-07-07","Bakery","https://f.wishabi.net/page_pdf_images/23587400/63380518-6f67-11f1-b9ae-ca6eae7c3c15/x_large"
"2026-07-01T12:35:07.564963","1022539347","Chips Ahoy!","EARN 4x POINTS","","","","","","Chips Ahoy","2026-07-01","2026-07-07","Snacks","https://f.wishabi.net/page_items/425267456/1782284432/extra_large.jpg"
"2026-07-01T12:35:07.912082","1022539054","Topo Chico, Smirnoff, Athletic or Bear Republic","","","","17.99","member price","","Topo Chico | Smirnoff | Athletic | Bear Republic","2026-07-01","2026-07-07","Beverages","https://f.wishabi.net/page_pdf_images/23587400/7f041192-6f67-11f1-b9ae-ca6eae7c3c15/x_large"
"2026-07-01T12:35:08.304078","1022539035","Decorated Cake","","","","12.99","member price","","","2026-07-01","2026-07-07","Bakery","https://f.wishabi.net/page_pdf_images/23587400/634e467a-6f67-11f1-b9ae-ca6eae7c3c15/x_large"
"2026-07-01T12:35:08.557498","1022539046","Strawberries","","","","5.0","ea member price","","","2026-07-03","2026-07-03","Produce","https://f.wishabi.net/page_items/425267762/1782284442/extra_large.jpg"
"2026-07-01T12:35:08.806247","1022539051","Decorated Cupcakes","","","","10.99","member price","","","2026-07-01","2026-07-07","Bakery","https://f.wishabi.net/page_pdf_images/23587400/6424f508-6f67-11f1-b9ae-ca6eae7c3c15/x_large"
"2026-07-01T12:35:09.041827","1022539043","Woodford Reserve 750-ml. Tito's 1.75-ltr.","","","","25.99","member price","","Woodford Reserve | Tito's","2026-07-01","2026-07-07","Beverages","https://f.wishabi.net/page_pdf_images/23587400/7d687e5e-6f67-11f1-b9ae-ca6eae7c3c15/x_large"
"2026-07-01T12:35:09.233347","1022539063","White Claw, Angry Orchard or Twisted Tea 12-pack, 12-oz. Pabst 30-pack, 12-oz.","","","","18.99","member price","","White Claw | Angry Orchard | Twisted Tea | Pabst","2026-07-01","2026-07-07","Beverages","https://f.wishabi.net/page_pdf_images/23587400/7e6eb368-6f67-11f1-b9ae-ca6eae7c3c15/x_large"
"2026-07-01T12:35:09.558404","1022539064","Yellow Peaches, Nectarines or Black Plums","","","2 lbs for","5.0","member price","","","2026-07-03","2026-07-03","Produce","https://f.wishabi.net/page_pdf_images/23587400/6b913e1e-6f67-11f1-b9ae-ca6eae7c3c15/x_large"
"2026-07-01T12:35:09.781745","1022539376","Pringles Chips or Cheez-It Crackers 12-ct. Kellogg's Rice Krispies Treats or Nutri Grain Bars 16-ct.","","","","4.99","ea member price","","Pringles | Cheez-It | Kellogg's","2026-07-01","2026-07-07","Snacks","https://f.wishabi.net/page_items/425267459/1782284435/extra_large.jpg"
"2026-07-01T12:35:09.986287","1022539282","Kinder's BBQ Sauce 15.3 to 15.8-oz. Ken's Salad Dressing 16-oz.","","","2 for","5.0","member price","","Kinder's | Ken's","2026-07-03","2026-07-03","Pantry","https://f.wishabi.net/page_pdf_images/23587400/64f2288e-6f67-11f1-b9ae-ca6eae7c3c15/x_large"
"2026-07-01T12:35:10.195007","1022539276","AriZona Tea 128-oz. Selected varieties. Signature SELECT® refreshe® Purified Drinking Water 24-pack, 16.9-oz.","","","2 for","5.0","member price","","AriZona | Signature SELECT®","2026-07-03","2026-07-03","Beverages","https://f.wishabi.net/page_pdf_images/23587400/82f84278-6f67-11f1-b9ae-ca6eae7c3c15/x_large"
"2026-07-01T12:35:10.486857","1022539277","On The Rocks","","","","5.0","ea member price","","On The Rocks","2026-07-03","2026-07-03","Beverages","https://f.wishabi.net/page_pdf_images/23587400/7bcd5c40-6f67-11f1-b9ae-ca6eae7c3c15/x_large"
"2026-07-01T12:35:10.850523","1022540265","Fresh Pass","5% off","","","","","","","2026-07-01","2026-07-07","Other","https://f.wishabi.net/page_items/425345994/1782284439/extra_large.jpg"
"2026-07-01T12:35:11.020741","1022539420","McCormick Grill Mates Seasoning","","","2 for","3.0","member price","","McCormick","2026-07-01","2026-07-07","Pantry","https://f.wishabi.net/page_items/425267590/1782284436/extra_large.jpg"
"2026-07-01T12:35:11.266163","1022539417","Knudsen Cottage Cheese","EARN 4x POINTS","","2 for","6.0","member price","","KNUDSEN","2026-07-01","2026-07-07","Dairy & Eggs","https://f.wishabi.net/page_pdf_images/23587406/730e9858-6f67-11f1-9ce7-6e9b443ef873/x_large"
"2026-07-01T12:35:11.607092","1022539657","Simply Lemonade or Juice Drink","","","2 for","5.0","member price","","Simply Beverages","2026-07-01","2026-07-07","Beverages","https://f.wishabi.net/page_pdf_images/23587392/6c25613e-6f67-11f1-8e69-8ebf4308a35d/x_large"
"2026-07-01T12:35:11.951413","1022539669","Rombauer, Frank Family or Chalk Hill Estate","","","","29.99","ea member price when you buy 6 or more","","Rombauer | Frank Family | Chalk Hill Estate","2026-07-01","2026-07-07","Beverages","https://f.wishabi.net/page_pdf_images/23587392/722f7f88-6f67-11f1-8e69-8ebf4308a35d/x_large"
"2026-07-01T12:35:12.256254","1022539658","smartwater","","","2 for","3.0","member price when you buy 2","","Smartwater","2026-07-01","2026-07-07","Beverages","https://f.wishabi.net/page_pdf_images/23587392/6e4187c2-6f67-11f1-8e69-8ebf4308a35d/x_large"
"2026-07-01T12:35:12.537180","1022539659","Kingsford Charcoal Briquets","EARN 4x POINTS","","","13.99","member price","","Kingsford","2026-07-01","2026-07-07","Household","https://f.wishabi.net/page_pdf_images/23587392/651045b2-6f67-11f1-8e69-8ebf4308a35d/x_large"
"2026-07-01T12:35:12.748928","1022539670","Espolòn, Bulleit or Aperol","","","","25.99","member price","","Espolòn | Bulleit | Aperol","2026-07-01","2026-07-07","Beverages","https://f.wishabi.net/page_pdf_images/23587392/73606868-6f67-11f1-8e69-8ebf4308a35d/x_large"
"2026-07-01T12:35:12.951795","1022539663","Hot House Tomatoes","","","","2.99","lb member price","","","2026-07-01","2026-07-07","Produce","https://f.wishabi.net/page_pdf_images/23587392/6599d390-6f67-11f1-8e69-8ebf4308a35d/x_large"
"2026-07-01T12:35:13.238268","1022539666","BODYARMOR Flash I. V.","","","4 for","5.0","member price","","BODYARMOR","2026-07-01","2026-07-07","Beverages","https://f.wishabi.net/page_pdf_images/23587392/6d7b78f2-6f67-11f1-8e69-8ebf4308a35d/x_large"
"2026-07-01T12:35:13.571218","1022539667","Boar's Head OvenGold Turkey Breast","","","","12.99","lb member price","","Boar's Head","2026-07-01","2026-07-07","Deli & Prepared Foods","https://f.wishabi.net/page_pdf_images/23587392/6f8145d2-6f67-11f1-8e69-8ebf4308a35d/x_large"
"2026-07-01T12:35:13.824479","1022539673","JaM Cellars Butter, Decoy or Kim Crawford","","","","12.99","ea member price when you buy 6 or more","","JaM Cellars Butter | Decoy | Kim Crawford","2026-07-01","2026-07-07","Beverages","https://f.wishabi.net/page_pdf_images/23587392/7359ccc4-6f67-11f1-8e69-8ebf4308a35d/x_large"
"2026-07-01T12:35:14.165116","1022539684","Petit Pot Pudding","","","","3.49","member price","","Petit Pot","2026-07-01","2026-07-07","Dairy & Eggs","https://f.wishabi.net/page_items/425267597/1782284438/extra_large.jpg"
"2026-07-01T12:35:14.386847","1022539695","Grillo's Pickles Classic Dill Spears","","","","5.49","member price","","Grillo’s Pickles","2026-07-01","2026-07-07","Pantry","https://f.wishabi.net/page_pdf_images/23587408/81e55d6c-6f67-11f1-a2e2-52009616cc75/x_large"
"2026-07-01T12:35:14.626854","1022539691","Fage Yogurt","","","","5.99","ea member price","","Fage","2026-07-01","2026-07-07","Dairy & Eggs","https://f.wishabi.net/page_items/425267600/1782284439/extra_large.jpg"
"2026-07-01T12:35:14.977756","1022539701","Fage","","","","","","","","2026-07-01","2026-07-07","Dairy & Eggs","https://f.wishabi.net/page_items/425341630/1782284441/extra_large.jpg"
"2026-07-01T12:35:15.270582","1022539705","Milo's Tea or Lemonade","","","","3.99","member price","","Milo's","2026-07-01","2026-07-07","Beverages","https://f.wishabi.net/page_items/425267603/1782284439/extra_large.jpg"
"2026-07-01T12:35:15.540614","1022540224","Yerba Madre","EARN 2x POINTS","","2 for","6.0","member price","","Yerba Madre","2026-07-01","2026-07-07","Beverages","https://f.wishabi.net/page_items/425267482/1782284439/extra_large.jpg"
"2026-07-01T12:35:15.744828","1022540226","Essentia Water","EARN 2x POINTS","","2 for","4.0","member price","","Essentia","2026-07-01","2026-07-07","Beverages","https://f.wishabi.net/page_items/425267485/1782284440/extra_large.jpg"
"2026-07-01T12:35:15.942806","1022540386","JonnyPops Popsicles","","","","5.99","member price","","JonnyPops","2026-07-01","2026-07-07","Frozen","https://f.wishabi.net/page_pdf_images/23587413/8153ad04-6f67-11f1-b4f6-ca6c073146c1/x_large"
"2026-07-01T12:35:16.219265","1022539668","Green Asparagus","","","","4.99","lb member price","","","2026-07-01","2026-07-07","Produce","https://f.wishabi.net/page_pdf_images/23587392/65f39ed4-6f67-11f1-8e69-8ebf4308a35d/x_large"
"2026-07-01T12:35:16.435982","1022539682","Post Cereal","","","","1.99","ea member price when you buy 4","","Post","2026-07-01","2026-07-07","Pantry","https://f.wishabi.net/page_pdf_images/23587408/770d8a0e-6f67-11f1-a2e2-52009616cc75/x_large"
"2026-07-01T12:35:16.741189","1022539686","Darigold Chocolate or Fit Milk 59-oz. Cottage Cheese 24-oz.","EARN 2x POINTS","","","4.99","member price","","Darigold","2026-07-01","2026-07-07","Dairy & Eggs","https://f.wishabi.net/page_items/425267596/1782284437/extra_large.jpg"
"2026-07-01T12:35:17.066856","1022540227","Fever-Tree","EARN 2x POINTS","","","6.99","member price","","Fever-Tree","2026-07-01","2026-07-07","Beverages","https://f.wishabi.net/page_items/425267492/1782284441/extra_large.jpg"
"2026-07-01T12:35:17.244209","1022540411","Galbani Fresh Mozzarella Slicing Log","","","","8.99","ea member price","","Galbani","2026-07-01","2026-07-07","Dairy & Eggs","https://f.wishabi.net/page_pdf_images/23587413/7bd65804-6f67-11f1-b4f6-ca6c073146c1/x_large"
"2026-07-01T12:35:17.468982","1022540426","De Cecco Pasta","","","2 for","6.0","member price","","DeCecco","2026-07-01","2026-07-07","Pantry","https://f.wishabi.net/page_pdf_images/23587413/7e9e6df6-6f67-11f1-b4f6-ca6c073146c1/x_large"
"2026-07-01T12:35:17.702127","1022540379","Ice Cream For Bears","","","","6.99","member price","","Ice Cream For Bears","2026-07-01","2026-07-07","Frozen","https://f.wishabi.net/page_pdf_images/23587413/81ce474e-6f67-11f1-b4f6-ca6c073146c1/x_large"
"2026-07-01T12:35:17.917183","1022540423","Fritos, Smartfood or Rold Gold Selects Party Size","","","","4.99","ea member price","","Fritos | Smartfood | Rold Gold","2026-07-01","2026-07-07","Snacks","https://f.wishabi.net/page_pdf_images/23587413/8480007c-6f67-11f1-b4f6-ca6c073146c1/x_large"
"2026-07-01T12:35:18.102214","1022540363","Galbani Fresh Mozzarella","","","","5.99","ea member price","","Galbani","2026-07-01","2026-07-07","Dairy & Eggs","https://f.wishabi.net/page_pdf_images/23587413/7c501216-6f67-11f1-b4f6-ca6c073146c1/x_large"
"2026-07-01T12:35:18.384037","1022540347","Mahatma Basmati Rice","","","","3.99","member price","","Mahatma","2026-07-01","2026-07-07","Pantry","https://f.wishabi.net/page_pdf_images/23587413/7f0a7956-6f67-11f1-b4f6-ca6c073146c1/x_large"
"2026-07-01T12:35:18.641152","1022540343","Chosen Foods 100% Pure Avocado Oil","","","","10.99","ea member price","","Chosen Foods","2026-07-01","2026-07-07","Pantry","https://f.wishabi.net/page_pdf_images/23587413/7f82c104-6f67-11f1-b4f6-ca6c073146c1/x_large"
"2026-07-01T12:35:18.910396","1022540330","Popeyes Sauce","","","","5.49","member price","","Popeyes","2026-07-01","2026-07-07","Pantry","https://f.wishabi.net/page_pdf_images/23587413/80f12fb2-6f67-11f1-b4f6-ca6c073146c1/x_large"
"2026-07-01T12:35:19.192900","1022540355","Marie's Salad Dressing","","","","2.49","ea member price","","Marie's","2026-07-01","2026-07-07","Produce","https://f.wishabi.net/page_pdf_images/23587413/78c6cc02-6f67-11f1-b4f6-ca6c073146c1/x_large"
"2026-07-01T12:35:19.527766","1022540382","Banana Boat Sport Sun Care","","","","7.99","ea","12.99","Banana Boat","2026-07-01","2026-07-07","Personal Care","https://f.wishabi.net/page_pdf_images/23587413/84a8d7c2-6f67-11f1-b4f6-ca6c073146c1/x_large"
"2026-07-01T12:35:19.807732","1022540339","Sir Kensington's Mayonnaise","","","","7.99","member price","","Sir Kensington's","2026-07-01","2026-07-07","Pantry","https://f.wishabi.net/page_pdf_images/23587413/80031ea8-6f67-11f1-b4f6-ca6c073146c1/x_large"
"2026-07-01T12:35:19.975115","1022540327","McCain Fries or Rings","","","","3.49","member price","","McCain","2026-07-01","2026-07-07","Frozen","https://f.wishabi.net/page_pdf_images/23587413/833ef01a-6f67-11f1-b4f6-ca6c073146c1/x_large"
"2026-07-01T12:35:20.136013","1022540359","Fratelli Beretta Mount Olive","","","","3.99","ea member price","","Fratelli","2026-07-01","2026-07-07","Deli & Prepared Foods","https://f.wishabi.net/page_pdf_images/23587413/7996e568-6f67-11f1-b4f6-ca6c073146c1/x_large"
"2026-07-01T12:35:20.386351","1022540390","Olipop Sparkling Tonic","BUY 1 GET 1 FREE When you Buy 2 Member Price","","","","","","Olipop","2026-07-01","2026-07-07","Beverages","https://f.wishabi.net/page_pdf_images/23587413/7448c4dc-6f67-11f1-b4f6-ca6c073146c1/x_large"
"2026-07-01T12:35:20.738052","1022540332","Galbani String or Stick Cheese","","","","3.99","ea member price","","Galbani","2026-07-01","2026-07-07","Dairy & Eggs","https://f.wishabi.net/page_pdf_images/23587413/7dbff634-6f67-11f1-b4f6-ca6c073146c1/x_large"
"2026-07-01T12:35:20.920817","1022540431","Bonduelle Bistro Grande Bowl","EARN 4x POINTS","","","5.0","ea member price","","Bonduelle Bistro","2026-07-01","2026-07-07","Deli & Prepared Foods","https://f.wishabi.net/page_pdf_images/23587413/77137f86-6f67-11f1-b4f6-ca6c073146c1/x_large"
"2026-07-01T12:35:21.124341","1022540436","Organic Girl Salad","EARN 4x POINTS","","","5.0","ea member price","","Organic Girl","2026-07-01","2026-07-07","Produce","https://f.wishabi.net/page_pdf_images/23587413/754a3942-6f67-11f1-b4f6-ca6c073146c1/x_large"
"2026-07-01T12:35:21.286308","1022540351","Kellogg's Giant Size Cereal","","","","4.99","ea member price","","Kellogg's","2026-07-01","2026-07-07","Pantry","https://f.wishabi.net/page_pdf_images/23587413/8399eede-6f67-11f1-b4f6-ca6c073146c1/x_large"
"2026-07-01T12:35:21.498973","1022540561","KIND Bars","","","","7.99","member price","","Kind","2026-07-01","2026-07-07","Snacks","https://f.wishabi.net/page_pdf_images/23587414/97513018-6f67-11f1-b63e-72e9fe4f07f4/x_large"
"2026-07-01T12:35:21.783842","1022540562","Febreze Air Care","EARN 4x POINTS","","","6.99","member price","","Febreze","2026-07-01","2026-07-07","Household","https://f.wishabi.net/page_pdf_images/23587414/7a6ceb90-6f67-11f1-b63e-72e9fe4f07f4/x_large"
"2026-07-01T12:35:22.110962","1022540625","Swiffer Refills","EARN 4x POINTS","","","11.99","member price","","Swiffer","2026-07-01","2026-07-07","Household","https://f.wishabi.net/page_pdf_images/23587414/75939df8-6f67-11f1-b63e-72e9fe4f07f4/x_large"
"2026-07-01T12:35:22.396098","1022540624","Dove Men Care Dry Spray","","","","9.99","member price","","Dove","2026-07-01","2026-07-07","Personal Care","https://f.wishabi.net/page_pdf_images/23587414/88a10c1e-6f67-11f1-b63e-72e9fe4f07f4/x_large"
"2026-07-01T12:35:22.730477","1022540651","Claritin Allergy Relief","","","","12.99","member price","","Claritin","2026-07-01","2026-07-07","Health & Wellness","https://f.wishabi.net/page_pdf_images/23587414/9028bfd6-6f67-11f1-b63e-72e9fe4f07f4/x_large"
"2026-07-01T12:35:23.075933","1022540613","Herbal Essences Shampoo or Conditioner","EARN 4x POINTS","","","8.99","member price","","Herbal Essences","2026-06-24","2026-07-07","Personal Care","https://f.wishabi.net/page_pdf_images/23587414/81b50d6a-6f67-11f1-b63e-72e9fe4f07f4/x_large"
"2026-07-01T12:35:23.235337","1022540658","P&G products","SCORE 4X forU POINTS* ON GAME-CHANGING PERSONAL CARE","","","","","","","2026-07-01","2026-07-07","Other","https://f.wishabi.net/page_items/425267637/1782284468/extra_large.jpg"
"2026-07-01T12:35:23.583205","1022540618","Signature Care® or Signature SELECT® Facial Wipes","EARN 2x POINTS","","","5.99","member price","","Signature Care® | Signature SELECT®","2026-07-01","2026-07-07","Personal Care","https://f.wishabi.net/page_pdf_images/23587414/8cdc5ef0-6f67-11f1-b63e-72e9fe4f07f4/x_large"
"2026-07-01T12:35:23.852638","1022540602","Mr. Clean Multi-Surface Cleaner","EARN 4x POINTS","","","5.99","member price","","Mr. Clean","2026-07-01","2026-07-07","Household","https://f.wishabi.net/page_pdf_images/23587414/74a280da-6f67-11f1-b63e-72e9fe4f07f4/x_large"
"2026-07-01T12:35:24.126309","1022540593","Crest Pro Health Mouthwash","EARN 4x POINTS","","","6.99","member price","","Crest","2026-07-01","2026-07-07","Personal Care","https://f.wishabi.net/page_pdf_images/23587414/8104bf32-6f67-11f1-b63e-72e9fe4f07f4/x_large"
"2026-07-01T12:35:24.365308","1022540598","Old Spice Deodorant","EARN 4x POINTS","","","7.99","member price","","Old Spice","2026-07-01","2026-07-07","Personal Care","https://f.wishabi.net/page_pdf_images/23587414/83042f52-6f67-11f1-b63e-72e9fe4f07f4/x_large"
"2026-07-01T12:35:24.592182","1022540595","Sensodyne Toothpaste","","","","7.99","member price","","Sensodyne","2026-07-01","2026-07-07","Personal Care","https://f.wishabi.net/page_pdf_images/23587414/8e9649ea-6f67-11f1-b63e-72e9fe4f07f4/x_large"
"2026-07-01T12:35:24.845636","1022540544","Pantene Pump or Head & Shoulders Shampoo or Conditioner","EARN 4x POINTS","","","7.99","member price","","Pantene | Head & Shoulders","2026-07-01","2026-07-07","Personal Care","https://f.wishabi.net/page_pdf_images/23587414/7c2c2d92-6f67-11f1-b63e-72e9fe4f07f4/x_large"
"2026-07-01T12:35:25.178824","1022540531","Gillette Mach 3 Cartridges or Fusion Razor","EARN 4x POINTS","","","13.99","member price","","Gillette","2026-06-24","2026-07-07","Personal Care","https://f.wishabi.net/page_pdf_images/23587414/8454a79c-6f67-11f1-b63e-72e9fe4f07f4/x_large"
"2026-07-01T12:35:25.414384","1022540596","Signature SELECT® Sport Sun Care","EARN 2x POINTS","","","8.99","member price","","Signature SELECT®","2026-07-01","2026-07-07","Health & Wellness","https://f.wishabi.net/page_pdf_images/23587414/8b20e2de-6f67-11f1-b63e-72e9fe4f07f4/x_large"
"2026-07-01T12:35:25.757412","1022540632","Dove Dry Spray or Clinical Solid Deodorant","","","","9.99","member price","","Dove","2026-07-01","2026-07-07","Personal Care","https://f.wishabi.net/page_pdf_images/23587414/8842f34a-6f67-11f1-b63e-72e9fe4f07f4/x_large"
"2026-07-01T12:35:26.058545","1022540642","Olay Super Serum Body Wash","EARN 4x POINTS","","","14.99","member price","","Olay","2026-07-01","2026-07-07","Personal Care","https://f.wishabi.net/page_pdf_images/23587414/7de2c8da-6f67-11f1-b63e-72e9fe4f07f4/x_large"
"2026-07-01T12:35:26.385831","1022540537","think! Protein Bars","","","","9.99","member price","","think!","2026-07-01","2026-07-07","Snacks","https://f.wishabi.net/page_pdf_images/23587414/93fabca4-6f67-11f1-b63e-72e9fe4f07f4/x_large"
"2026-07-01T12:35:26.650817","1022540556","Luna Bar","","","3 for","5.0","member price","","Luna","2026-07-01","2026-07-07","Snacks","https://f.wishabi.net/page_pdf_images/23587414/92ec55e8-6f67-11f1-b63e-72e9fe4f07f4/x_large"
"2026-07-01T12:35:26.979854","1022540539","Quest Bar","","","2 for","5.0","member price","","Quest","2026-07-01","2026-07-07","Snacks","https://f.wishabi.net/page_pdf_images/23587414/95f36ee8-6f67-11f1-b63e-72e9fe4f07f4/x_large"
"2026-07-01T12:35:27.231006","1022540615","Nature's Truth Vitamins","BUY 1 GET 1 FREE When you Buy 2 Member Price","","","","","","Nature's Truth","2026-07-01","2026-07-07","Health & Wellness","https://f.wishabi.net/page_pdf_images/23587414/96a17e7a-6f67-11f1-b63e-72e9fe4f07f4/x_large"
"2026-07-01T12:35:27.492355","1022540548","CLIF Builders","","","","10.99","member price","","Clif Bar","2026-07-01","2026-07-07","Snacks","https://f.wishabi.net/page_pdf_images/23587414/8013f200-6f67-11f1-b63e-72e9fe4f07f4/x_large"
"2026-07-01T12:35:27.753102","1022540529","Boost Original Nutritional Drink","","","","9.99","member price","","Boost","2026-07-01","2026-07-07","Health & Wellness","https://f.wishabi.net/page_pdf_images/23587414/7e906db4-6f67-11f1-b63e-72e9fe4f07f4/x_large"
"2026-07-01T12:35:28.034707","1022540568","5-hour Energy Shot","","","2 for","6.0","member price","","5 Hour Energy","2026-07-01","2026-07-07","Beverages","https://f.wishabi.net/page_pdf_images/23587414/9549cee2-6f67-11f1-b63e-72e9fe4f07f4/x_large"
"2026-07-01T12:35:28.265782","1022540795","American Hand Flag","25% OFF Member Price","","","","","","","2026-07-01","2026-07-07","Other","https://f.wishabi.net/page_pdf_images/23587415/7f79e660-6f67-11f1-b215-e298a91df082/x_large"
"2026-07-01T12:35:28.459324","1022540821","Lysol Disinfectant Wipes","","","","8.99","member price","","Lysol","2026-07-01","2026-07-07","Household","https://f.wishabi.net/page_pdf_images/23587415/9af92a54-6f67-11f1-b215-e298a91df082/x_large"
"2026-07-01T12:35:28.653440","1022540816","HONEY MAID Grahams (12.2-oz. or larger) and HERSHEY's Milk Chocolate 6-pack (9.3-oz.)","SAVE NOW WITH forU FREE JET-PUFFED Marshmallow 12-oz. When you buy ONE (1) HONEY MAID Grahams (12.2-oz. or larger) and HERSHEY's Milk Chocolate 6-pack (9.3-oz.)","","","","","","HONEY MAID | HERSHEY's","2026-04-08","2026-09-08","Snacks","https://f.wishabi.net/page_items/425267671/1782284464/extra_large.jpg"
"2026-07-01T12:35:29.009514","1022539655","Heinz Ketchup","","","","2.99","member price","","Heinz","2026-07-01","2026-07-07","Pantry","https://f.wishabi.net/page_pdf_images/23587392/6dd6e336-6f67-11f1-8e69-8ebf4308a35d/x_large"
"2026-07-01T12:35:29.212692","1022540790","Signature SELECT® Food Storage","","","2 for","7.0","member price","","Signature SELECT®","2026-07-01","2026-07-07","Household","https://f.wishabi.net/page_pdf_images/23587415/767085f6-6f67-11f1-b215-e298a91df082/x_large"
"2026-07-01T12:35:29.495903","1022540750","Scrubbing Bubbles Easy Clean","","","","4.99","member price","","Scrubbing Bubbles","2026-07-01","2026-07-07","Household","https://f.wishabi.net/page_pdf_images/23587415/7c0e1d0c-6f67-11f1-b215-e298a91df082/x_large"
"2026-07-01T12:35:29.745649","1022540763","STEM Light Trap Starter Kit","","","","17.99","member price","","STEM","2026-07-01","2026-07-07","Household","https://f.wishabi.net/page_pdf_images/23587415/90e65e7e-6f67-11f1-b215-e298a91df082/x_large"
"2026-07-01T12:35:30.074949","1022540773","BBQ Tools & Accessories","BUY 1 GET 1 50% OFF Member Price","","","","","","","2026-07-01","2026-07-07","Household","https://f.wishabi.net/page_pdf_images/23587415/893a28c2-6f67-11f1-b215-e298a91df082/x_large"
"2026-07-01T12:35:30.315879","1022540786","Peter Rabbit Pouch","","","3 for","5.0","member price","","Peter Rabbit Organics","2026-07-01","2026-07-07","Pantry","https://f.wishabi.net/page_pdf_images/23587415/9410097e-6f67-11f1-b215-e298a91df082/x_large"
"2026-07-01T12:35:30.522300","1022540732","Clorox Pure Allergen Neutralizer Spray","","","","5.99","member price","","Clorox","2026-06-24","2026-07-07","Household","https://f.wishabi.net/page_pdf_images/23587415/74a8e056-6f67-11f1-b215-e298a91df082/x_large"
"2026-07-01T12:35:30.857752","1022540725","Rubbermaid TakeAlongs Food Storage","","","","5.99","member price","","Rubbermaid","2026-07-01","2026-07-07","Household","https://f.wishabi.net/page_pdf_images/23587415/73de31c6-6f67-11f1-b215-e298a91df082/x_large"
"2026-07-01T12:35:31.044303","1022540754","Patriotic Paper Party Goods","","","4 for","5.0","member price","","","2026-07-01","2026-07-07","Household","https://f.wishabi.net/page_pdf_images/23587415/7d8fa4de-6f67-11f1-b215-e298a91df082/x_large"
"2026-07-01T12:35:31.346534","1022540731","Summer Citronella","25% OFF Member Price","","","","","","","2026-07-01","2026-07-07","Household","https://f.wishabi.net/page_pdf_images/23587415/9a265e12-6f67-11f1-b215-e298a91df082/x_large"
"2026-07-01T12:35:31.643384","1022540721","Summer Swim Accessories","33% OFF Member Price","","","","","","","2026-07-01","2026-07-07","Other","https://f.wishabi.net/page_pdf_images/23587415/8e305bda-6f67-11f1-b215-e298a91df082/x_large"
"2026-07-01T12:35:31.909914","1022540700","Backyard Games","25% OFF Member Price","","","","","","","2026-07-01","2026-07-07","Other","https://f.wishabi.net/page_pdf_images/23587415/8a754e88-6f67-11f1-b215-e298a91df082/x_large"
"2026-07-01T12:35:32.219011","1022540746","CharBroil 4-Burner Gas Grill","33% OFF Member Price","","","","","","CharBroil","2026-07-01","2026-07-07","Household","https://f.wishabi.net/page_pdf_images/23587415/7cc8fed8-6f67-11f1-b215-e298a91df082/x_large"
"2026-07-01T12:35:32.420960","1022540774","Huggies Baby Wipes","","","2 for","7.0","member price","","Huggies","2026-07-01","2026-07-07","Personal Care","https://f.wishabi.net/page_pdf_images/23587415/95acb5ac-6f67-11f1-b215-e298a91df082/x_large"
"2026-07-01T12:35:32.675349","1022540776","OFF! Insect Repellent","","","Starting at","8.49","member price","","Off!","2026-06-24","2026-07-07","Personal Care","https://f.wishabi.net/page_pdf_images/23587415/775e9eb2-6f67-11f1-b215-e298a91df082/x_large"
"2026-07-01T12:35:33.024224","1022540804","Mr. BBQ Hershey's S'mores Tools","BUY 1 GET 1 50% OFF Member Price","","","","","","Hershey's","2026-07-01","2026-07-07","Household","https://f.wishabi.net/page_pdf_images/23587415/88bbb42e-6f67-11f1-b215-e298a91df082/x_large"
"2026-07-01T12:35:33.315564","1022540756","Igloo Profile II Cooler","33% OFF Member Price","","","","","","Igloo","2026-07-01","2026-07-07","Household","https://f.wishabi.net/page_pdf_images/23587415/8b45d896-6f67-11f1-b215-e298a91df082/x_large"
"2026-07-01T12:35:33.547513","1022540698","Lindor Truffle Bag","BUY 1 GET 1 50% OFF Member Price","","","","","","Lindor","2026-07-01","2026-07-07","Snacks","https://f.wishabi.net/page_pdf_images/23587415/8371bb4e-6f67-11f1-b215-e298a91df082/x_large"
"2026-07-01T12:35:33.825074","1022540690","Red Vines Twist Jar","","","","9.99","member price","","red vines","2026-07-01","2026-07-07","Snacks","https://f.wishabi.net/page_pdf_images/23587415/8424abc8-6f67-11f1-b215-e298a91df082/x_large"
"2026-07-01T12:35:34.071408","1022540717","Albanese Share Size Bag","","","","6.99","member price","","Albanese","2026-07-01","2026-07-07","Snacks","https://f.wishabi.net/page_pdf_images/23587415/855a9278-6f67-11f1-b215-e298a91df082/x_large"
"2026-07-01T12:35:34.353040","1022540699","Twizzlers or Jolly Rancher Ropes","","","","4.99","member price","","Twizzlers | Jolly Rancher","2026-07-01","2026-07-07","Snacks","https://f.wishabi.net/page_pdf_images/23587415/805e0f84-6f67-11f1-b215-e298a91df082/x_large"
"2026-07-01T12:35:34.664993","1022540697","Kinder Joy Egg","","","","1.99","member price","","Kinder","2026-07-01","2026-07-07","Snacks","https://f.wishabi.net/page_items/425267640/1782284442/extra_large.jpg"
"2026-07-01T12:35:35.001216","1022540805","Huggies Little Movers, Snugglers, Pull-Ups or Goodnites Jumbo Pack","","","","9.99","ea","11.99","Huggies | Goodnites","2026-07-01","2026-07-07","Personal Care","https://f.wishabi.net/page_pdf_images/23587415/7ced3a14-6f67-11f1-b215-e298a91df082/x_large"
"2026-07-01T12:35:35.347550","1022539421","Knudsen Sour Cream","EARN 4x POINTS","","2 for","5.0","member price","","KNUDSEN","2026-07-01","2026-07-07","Dairy & Eggs","https://f.wishabi.net/page_items/425267589/1782284436/extra_large.jpg"
"2026-07-01T12:35:35.636364","1022540370","Honeycrisp Apples","EARN 4x POINTS","","","2.99","lb member price","","","2026-07-01","2026-07-07","Produce","https://f.wishabi.net/page_pdf_images/23587413/831f1a38-6f67-11f1-b4f6-ca6c073146c1/x_large"
"2026-07-01T12:35:35.984383","1022540712","Mars Candy Bar","","","2 for","3.0","member price","","Mars","2026-06-24","2026-07-07","Snacks","https://f.wishabi.net/page_pdf_images/23587415/7fa5d28e-6f67-11f1-b215-e298a91df082/x_large"
"2026-07-01T12:35:36.328921","1022538394","Dixie Tableware 25 to 90-ct. Angel Soft Bath Tissue 6-Mega Rolls. Brawny Paper Towels 2-Triple Rolls.","","","","5.0","ea member price","","Dixie | Angel Soft | Brawny","2026-07-03","2026-07-03","Household","https://f.wishabi.net/page_pdf_images/23587400/750641e2-6f67-11f1-b9ae-ca6eae7c3c15/x_large"
"2026-07-01T12:35:36.532200","1022538404","Signature SELECT® 80% Lean Beef Patties","","","","15.99","ea member price","","Signature SELECT®","2026-07-01","2026-07-07","Meat & Seafood","https://f.wishabi.net/page_pdf_images/23587400/71ea7424-6f67-11f1-b9ae-ca6eae7c3c15/x_large"
"2026-07-01T12:35:36.884083","1022537868","La Croix Sparkling Water","","","","3.49","ea member price","","LaCroix","2026-07-01","2026-07-07","Beverages","https://f.wishabi.net/page_items/425267579/1782284440/extra_large.jpg"
"2026-07-01T12:35:37.079922","1022540707","Lifesaver or Skittles Peg Bag","","","","2.49","member price","","Lifesaver | Skittles","2026-06-24","2026-07-07","Snacks","https://f.wishabi.net/page_pdf_images/23587415/87a389c2-6f67-11f1-b215-e298a91df082/x_large"
"2026-07-01T12:35:37.374642","1022540739","Signature SELECT® USA Sports Chair","33% OFF Member Price","","","","","","Signature SELECT®","2026-07-01","2026-07-07","Other","https://f.wishabi.net/page_pdf_images/23587415/792c18c8-6f67-11f1-b215-e298a91df082/x_large"
"2026-07-01T12:35:37.556417","1022539656","Coca-Cola","","","","2.99","ea member price when you buy 3","","Coca-Cola","2026-07-01","2026-07-07","Beverages","https://f.wishabi.net/page_pdf_images/23587392/6cfde036-6f67-11f1-8e69-8ebf4308a35d/x_large"
"2026-07-01T12:35:37.747984","1022540656","Dial Liquid ap Hand Soap or Complete Foaming Wash","","","","3.49","ea","3.99","Dial","2026-07-01","2026-07-07","Personal Care","https://f.wishabi.net/page_pdf_images/23587414/90d0a11a-6f67-11f1-b63e-72e9fe4f07f4/x_large"
"2026-07-01T12:35:37.969531","1022540397","Maille Mustard","","","","4.99","member price","","Maille","2026-07-01","2026-07-07","Pantry","https://f.wishabi.net/page_pdf_images/23587413/80230c5e-6f67-11f1-b4f6-ca6c073146c1/x_large"
"2026-07-01T12:35:38.143823","1022540740","Handi-Foil","BUY 1 GET 1 50% OFF Member Price","","","","","","Handi- Foil","2026-07-01","2026-07-07","Household","https://f.wishabi.net/page_pdf_images/23587415/8ef1b1ae-6f67-11f1-b215-e298a91df082/x_large"
"2026-07-01T12:35:38.431694","1022538418","Caspers Hot Dogs","","","","5.0","ea member price","","Caspers","2026-07-03","2026-07-03","Meat & Seafood","https://f.wishabi.net/page_pdf_images/23587400/6d26cb40-6f67-11f1-b9ae-ca6eae7c3c15/x_large"
"2026-07-01T12:35:38.707962","1022540407","Fratelli Beretta Sampler","","","","6.99","ea member price","","Fratelli","2026-07-01","2026-07-07","Deli & Prepared Foods","https://f.wishabi.net/page_pdf_images/23587413/7af13b66-6f67-11f1-b4f6-ca6c073146c1/x_large"
"2026-07-01T12:35:38.919027","1022540771","Summer Inflatables","25% OFF Member Price","","","","","","","2026-07-01","2026-07-07","Other","https://f.wishabi.net/page_pdf_images/23587415/8c95fee2-6f67-11f1-b215-e298a91df082/x_large"
"2026-07-01T12:35:39.176201","1022540551","CLIF Bars","","","","14.99","member price","","Clif Bar","2026-07-01","2026-07-07","Snacks","https://f.wishabi.net/page_pdf_images/23587414/923aeb46-6f67-11f1-b63e-72e9fe4f07f4/x_large"
"2026-07-01T12:35:39.355748","1022539275","Kettle Brand Potato Chips","","","3 for","5.0","member price","","Kettle","2026-07-03","2026-07-03","Snacks","https://f.wishabi.net/page_pdf_images/23587400/6ab26c70-6f67-11f1-b9ae-ca6eae7c3c15/x_large"
"2026-07-01T12:35:39.507797","1022537749","Hass Avocado or Mango","","","4 for","5.0","member price","","","2026-07-01","2026-07-07","Produce","https://f.wishabi.net/page_pdf_images/23587381/79f4d9c0-6f67-11f1-b7b6-a64e8d8e820e/x_large"
"2026-07-01T12:35:39.690702","1022540375","Celsius","","","","19.99","member price","","Celsius","2026-07-01","2026-07-07","Beverages","https://f.wishabi.net/page_items/425267550/1782284449/extra_large.jpg"
"2026-07-01T12:35:39.920302","1022540817","Baby Club Savings","BUY 2 SAVE $10 forU","","","","","","","2026-07-01","2026-07-07","Other","https://f.wishabi.net/page_pdf_images/23587415/921c0c80-6f67-11f1-b215-e298a91df082/x_large"
"2026-07-01T12:35:40.097398","1022539661","Powerade 28-oz. BODYARMOR 16-oz.","","","","0.88","member price","","Powerade | BODYARMOR","2026-07-01","2026-07-07","Beverages","https://f.wishabi.net/page_pdf_images/23587392/6d6b5364-6f67-11f1-8e69-8ebf4308a35d/x_large"
"2026-07-01T12:35:40.467930","1022540631","Crest Toothpaste","EARN 4x POINTS","","","6.99","member price","","Crest","2026-07-01","2026-07-07","Personal Care","https://f.wishabi.net/page_pdf_images/23587414/8257b088-6f67-11f1-b63e-72e9fe4f07f4/x_large"
"2026-07-01T12:35:40.705799","1022539676","Clover Organic Milk","EARN 2x POINTS","","","5.99","member price","","CLOVER","2026-07-01","2026-07-07","Dairy & Eggs","https://f.wishabi.net/page_items/425267595/1782284437/extra_large.jpg"
"2026-07-01T12:35:41.025711","1022539664","Signature SELECT® Gourmet Beef Burger Patties","EARN 2x POINTS","","","9.99","ea member price","","Signature SELECT®","2026-07-01","2026-07-07","Meat & Seafood","https://f.wishabi.net/page_pdf_images/23587392/6ac6d48a-6f67-11f1-8e69-8ebf4308a35d/x_large"
"2026-07-01T12:35:41.284488","1022539671","Elysian, Blue Moon, Party Bomb or Cali Squeeze","","","","19.99","member price","","Elysian | Blue Moon | Party Bomb | Cali Squeeze","2026-07-01","2026-07-07","Beverages","https://f.wishabi.net/page_pdf_images/23587392/72ff65ae-6f67-11f1-8e69-8ebf4308a35d/x_large"
"2026-07-01T12:35:41.630916","1022540580","U by Kotex Tampons","","","","9.99","ea","10.99","Kotex","2026-07-01","2026-07-07","Personal Care","https://f.wishabi.net/page_pdf_images/23587414/7714b054-6f67-11f1-b63e-72e9fe4f07f4/x_large"
"2026-07-01T12:35:42.026975","1022540396","Maille Cornichons","","","","5.99","member price","","Maille","2026-07-01","2026-07-07","Pantry","https://f.wishabi.net/page_pdf_images/23587413/8089f9fa-6f67-11f1-b4f6-ca6c073146c1/x_large"
"2026-07-01T12:35:42.266135","1022540402","Scott Bath Tissue","","","","10.99","ea","11.99","Scott","2026-07-01","2026-07-07","Household","https://f.wishabi.net/page_pdf_images/23587413/8572f5c0-6f67-11f1-b4f6-ca6c073146c1/x_large"
"2026-07-01T12:35:42.667089","1022539662","Large Navel Oranges","","","","1.69","lb member price","","","2026-07-01","2026-07-07","Produce","https://f.wishabi.net/page_pdf_images/23587392/649836a8-6f67-11f1-8e69-8ebf4308a35d/x_large"
"2026-07-01T12:35:43.005511","1022539665","Artisan Garlic Bread","","","","2.99","member price","","","2026-07-01","2026-07-07","Bakery","https://f.wishabi.net/page_pdf_images/23587392/66658a94-6f67-11f1-8e69-8ebf4308a35d/x_large"
"2026-07-01T12:35:43.435607","1022540758","Pedialyte Electrolyte Solution","EARN 2x POINTS","","","5.49","member price","","Pedialyte","2026-07-01","2026-07-07","Health & Wellness","https://f.wishabi.net/page_pdf_images/23587415/98080d88-6f67-11f1-b215-e298a91df082/x_large"
"2026-07-01T12:35:43.634560","1022537869","Safeway for u","","","","","","","","2026-07-01","2026-07-07","Other","https://f.wishabi.net/page_items/425338608/1782284443/extra_large.jpg"
"2026-07-01T12:35:44.079455","1022540414","Betty Crocker Suddenly! Salad","","","2 for","5.0","member price","","Betty Crocker","2026-07-01","2026-07-07","Pantry","https://f.wishabi.net/page_pdf_images/23587413/7e0c5f9c-6f67-11f1-b4f6-ca6c073146c1/x_large"
"2026-07-01T12:35:44.489452","1022540367","Galbani Marinated Fresh Mozzarella","","","","6.99","ea member price","","Galbani","2026-07-01","2026-07-07","Dairy & Eggs","https://f.wishabi.net/page_pdf_images/23587413/7d41b742-6f67-11f1-b4f6-ca6c073146c1/x_large"
"2026-07-01T12:35:44.866076","1022540418","Nature's Garden Probiotic Yoggies","","","","4.99","ea member price","","Nature's Garden","2026-07-01","2026-07-07","Snacks","https://f.wishabi.net/page_pdf_images/23587413/77e6fd3e-6f67-11f1-b4f6-ca6c073146c1/x_large"
"2026-07-01T12:35:45.306112","1022537967","Fresh Baked Pudding Ring Cake","","","","4.99","member price","","","2026-07-01","2026-07-07","Bakery","https://f.wishabi.net/page_pdf_images/23587392/66d9d246-6f67-11f1-8e69-8ebf4308a35d/x_large"
"2026-07-01T12:35:45.674919","1022537860","General Mills Cereal 8.9 to 12-oz. Betty Crocker Fruit Snacks 6 to 10-ct. Chex Cereal 12 to 14-oz. Nature Valley Bars 5 to 6-ct.","","","","1.99","ea member price","","General Mills | Betty Crocker | Chex | Nature Valley","2026-07-01","2026-07-07","Pantry","https://f.wishabi.net/page_items/425267341/1782284441/extra_large.jpg"
"2026-07-01T12:35:46.042571","1022540589","Secret Clinical Strength Deodorant","EARN 4x POINTS","","","14.99","member price","","Secret","2026-07-01","2026-07-07","Personal Care","https://f.wishabi.net/page_pdf_images/23587414/78499278-6f67-11f1-b63e-72e9fe4f07f4/x_large"
"2026-07-01T12:35:46.241028","1022537925","Red, White & Blue Potato Salad","","","","5.99","lb member price","","","2026-07-01","2026-07-07","Deli & Prepared Foods","https://f.wishabi.net/page_pdf_images/23587384/70680c1a-6f67-11f1-9891-5283d1e426c5/x_large"
"2026-07-01T12:35:46.415737","1022540796","Signature SELECT® Copper Ring Firepit","33% OFF Member Price","","","","","","Signature SELECT®","2026-07-01","2026-07-07","Household","https://f.wishabi.net/page_pdf_images/23587415/9162e480-6f67-11f1-b215-e298a91df082/x_large"
"2026-07-01T12:35:46.622352","1022537582","Gas Rewards","","","","","","","","2026-07-01","2026-07-07","Other","https://f.wishabi.net/page_items/425328935/1782284430/extra_large.jpg"
"2026-07-01T12:35:46.873250","1022537844","Hormel Natural Choice Lunchmeat","","","","3.49","ea member price","","Hormel","2026-07-01","2026-07-07","Meat & Seafood","https://f.wishabi.net/page_items/425267333/1782284438/extra_large.jpg"
"2026-07-01T12:35:47.212121","1022537818","Johnsonville Sausage","","","","5.99","ea member price","","Johnsonville","2026-07-01","2026-07-07","Meat & Seafood","https://f.wishabi.net/page_items/425267308/1782284432/extra_large.jpg"
"2026-07-01T12:35:47.731743","1022537832","Hormel Party Tray","","","","14.99","ea member price","","Hormel","2026-07-01","2026-07-07","Deli & Prepared Foods","https://f.wishabi.net/page_items/425267321/1782284435/extra_large.jpg"
"2026-07-01T12:35:48.023892","1022537854","Cutwater","","","","8.99","ea member price","","CUTWATER","2026-07-01","2026-07-07","Beverages","https://f.wishabi.net/page_items/425267570/1782284436/extra_large.jpg"
"2026-07-01T12:35:48.344639","1022540641","Dove Body Wash or Dove Men Deodorant","","","","8.99","member price","","Dove","2026-07-01","2026-07-07","Personal Care","https://f.wishabi.net/page_pdf_images/23587414/86b773a2-6f67-11f1-b63e-72e9fe4f07f4/x_large"
"2026-07-01T12:35:48.635050","1022540583","Pepto Bismol","EARN 4x POINTS","","","11.99","member price","","Pepto-Bismol","2026-07-01","2026-07-07","Health & Wellness","https://f.wishabi.net/page_pdf_images/23587414/83ad0df2-6f67-11f1-b63e-72e9fe4f07f4/x_large"
"2026-07-01T12:35:48.962083","1022540813","Pharmacy","","","","","","","","2026-07-01","2026-07-07","Health & Wellness","https://f.wishabi.net/page_items/425328945/1782284465/extra_large.jpg"
"2026-07-01T12:35:49.384635","1022539279","Nathan's","","","","","","","","2026-07-01","2026-07-07","Meat & Seafood","https://f.wishabi.net/page_items/425344165/1782284432/extra_large.jpg"
"2026-07-01T12:35:49.770505","1022540826","AmeriGas","","","","17.99","ea","22.99","AmeriGas","2026-07-01","2026-07-07","Other","https://f.wishabi.net/page_pdf_images/23587415/7b8908d8-6f67-11f1-b215-e298a91df082/x_large"
"2026-07-08T11:47:23.262667","1024112658","Lucerne® Flavored Creamer","","","","2.99","ea member price","","Lucerne®","2026-07-08","2026-07-14","Dairy & Eggs","https://f.wishabi.net/page_items/426166938/1782894589/extra_large.jpg"
"2026-07-08T11:47:23.500849","1024112688","Smucker's Uncrustables Sandwiches","","","","3.49","ea member price","","Smucker's","2026-07-08","2026-07-14","Frozen","https://f.wishabi.net/page_items/426166941/1782894589/extra_large.jpg"
"2026-07-08T11:47:23.889309","1024112572","Organic Franks","","","","5.99","ea member price","","Applegate","2026-07-08","2026-07-14","Meat & Seafood","https://f.wishabi.net/page_pdf_images/23633012/928342ae-7509-11f1-88eb-0eeda94fe589/x_large"
"2026-07-08T11:47:24.260052","1024112569","Chobani Flip or Protein Yogurt","","","","0.99","ea member price","","Chobani","2026-07-08","2026-07-14","Dairy & Eggs","https://f.wishabi.net/page_items/426166907/1782894580/extra_large.jpg"
"2026-07-08T11:47:24.558455","1024112577","Cazadores Tequila Blanco","","","","17.99","ea member price","","Cazadores","2026-07-08","2026-07-14","Beverages","https://f.wishabi.net/page_items/426166916/1782894582/extra_large.jpg"
"2026-07-08T11:47:24.809833","1024112556","Jimmy Dean Breakfast Bowl","","","","3.49","ea member price","","Jimmy Dean","2026-07-08","2026-07-14","Frozen","https://f.wishabi.net/page_items/426166903/1782894578/extra_large.jpg"
"2026-07-08T11:47:25.175676","1024112600","Corona, Firestone Walker, Stella Artois or Kona","","","","15.99","ea member price","","Corona | Firestone | Stella Artois | Kona","2026-07-08","2026-07-14","Beverages","https://f.wishabi.net/page_items/426166925/1782894585/extra_large.jpg"
"2026-07-08T11:47:25.584480","1024112550","McCormick Taco Seasoning Mix 1 to 1.12-oz. Brown Gravy Mix 0.87-oz. Lawry's Seasoning Taco Mix 1-oz. Selected varieties.","","","","0.69","ea member price","","McCormick | Lawry's","2026-07-08","2026-07-14","Pantry","https://f.wishabi.net/page_items/426166897/1782894577/extra_large.jpg"
"2026-07-08T11:47:25.836256","1024108270","USDA Choice Beef Chuck Short Ribs","","","","7.99","lb member price","","","2026-07-08","2026-07-14","Meat & Seafood","https://f.wishabi.net/page_items/426166627/1782894576/extra_large.jpg"
"2026-07-08T11:47:26.105017","1024108243","Waterfront Bistro® Jumbo Raw Shrimp","","","","5.99","lb member price","","WATERFRONT BISTRO®","2026-07-08","2026-07-14","Meat & Seafood","https://f.wishabi.net/page_items/426166605/1782894573/extra_large.jpg"
"2026-07-08T11:47:26.424891","1024108267","Oscar Mayer Lunchmeat","EARN 4x POINTS","","","2.99","ea member price","","Oscar Mayer","2026-07-08","2026-07-14","Deli & Prepared Foods","https://f.wishabi.net/page_items/426166613/1782894575/extra_large.jpg"
"2026-07-08T11:47:26.916658","1024108295","7UP or Pepsi 10-pack, 7.5-oz. cans or 6-pack, 16.9-oz. bottles. Coca-Cola 10-pack, 7.5-oz. cans.","BUY 2 GET 2 FREE Member Price When you Buy 4","","","","","","7UP | Pepsi | Coca-Cola","2026-07-08","2026-07-14","Beverages","https://f.wishabi.net/page_pdf_images/23632997/9ad25a08-7509-11f1-8708-f68365fbe2ae/x_large"
"2026-07-08T11:47:27.382846","1024108307","Frito, Lay's, Smartfood, Miss Vickies or Takis","BUY 2 GET 2 FREE Member Price When you Buy 4","","Single price up to","5.49","ea.","","Frito | Lay's | Smartfood | Miss Vickies | Takis","2026-07-08","2026-07-14","Snacks","https://f.wishabi.net/page_items/426166663/1782894583/extra_large.jpg"
"2026-07-08T11:47:27.687135","1024108345","Strawberries 1-lb. Blueberries Pint. Raspberries or Blackberries 6-oz.","","","","2.99","ea member price when you buy 3","","","2026-07-08","2026-07-14","Produce","https://f.wishabi.net/page_items/426167071/1782894584/extra_large.jpg"
"2026-07-08T11:47:28.047800","1024108241","Foster Farms Simply Raised Boneless Skinless Chicken Breasts, Thin Sliced or Tenders","BUY 1 GET 1 FREE Member Price When you Buy 2","","","","","","Foster Farms","2026-07-08","2026-07-14","Meat & Seafood","https://f.wishabi.net/page_pdf_images/23632997/95f8f51e-7509-11f1-8708-f68365fbe2ae/x_large"
"2026-07-08T11:47:28.424658","1024108263","Nabisco Family Size Oreo Cookies 10.68 to 18.71-oz. Snack Crackers 11.5 to 14-oz.","","","","3.49","ea member price","","Nabisco","2026-07-08","2026-07-14","Snacks","https://f.wishabi.net/page_pdf_images/23632997/94806e60-7509-11f1-8708-f68365fbe2ae/x_large"
"2026-07-08T11:47:28.679259","1024108308","Ben & Jerry's Ice Cream or Talenti Gelato Pint. Signature SELECT® Ice Cream 1.5-qt.","BUY 1 GET 1 FREE","","","","","","Ben & Jerry's | Talenti | Signature SELECT®","2026-07-08","2026-07-14","Frozen","https://f.wishabi.net/page_items/426166677/1782894585/extra_large.jpg"
"2026-07-08T11:47:28.958723","1024108320","Lucerne® Milk","","","","3.99","ea member price","","Lucerne®","2026-07-08","2026-07-14","Dairy & Eggs","https://f.wishabi.net/page_items/426166620/1782894575/extra_large.jpg"
"2026-07-08T11:47:29.567921","1024108359","Hass Avocado","","","","0.99","ea member price","","","2026-07-08","2026-07-14","Produce","https://f.wishabi.net/page_items/426167060/1782894583/extra_large.jpg"
"2026-07-08T11:47:29.827253","1024108342","Yoplait Yogurt","","","","0.39","ea when you buy 10 member price","","Yoplait","2026-07-08","2026-07-14","Dairy & Eggs","https://f.wishabi.net/page_pdf_images/23632997/8d93941a-7509-11f1-8708-f68365fbe2ae/x_large"
"2026-07-08T11:47:30.147598","1024108338","Sargento Shredded or Sliced Cheese","EARN 4X POINTS","","","1.99","ea member price","","Sargento","2026-07-08","2026-07-14","Dairy & Eggs","https://f.wishabi.net/page_items/426167035/1782894580/extra_large.jpg"
"2026-07-08T11:47:30.388423","1024108545","Kraft Mayonnaise 30-oz. Selected varieties. Squeeze Mayonnaise 22-oz.","EARN 4x POINTS","","","3.49","member price","","Kraft","2026-07-08","2026-07-14","Pantry","https://f.wishabi.net/page_pdf_images/23633001/90ed4638-7509-11f1-ad62-0a4691bbe64a/x_large"
"2026-07-08T11:47:30.685559","1024108745","Rainbow Mini Carnations","","","Every Day","9.99","","","","2026-07-08","2026-07-14","Floral","https://f.wishabi.net/page_pdf_images/23633001/8bc932ca-7509-11f1-ad62-0a4691bbe64a/x_large"
"2026-07-08T11:47:31.036228","1024108722","USDA Choice Beef Chuck Flanken Style Short Ribs","","","","9.99","lb member price","","","2026-07-08","2026-07-14","Meat & Seafood","https://f.wishabi.net/page_items/426166854/1782894596/extra_large.jpg"
"2026-07-08T11:47:31.464226","1024108623","Fresh Baked Cookies","","","","4.99","member price","","","2026-07-08","2026-07-14","Bakery","https://f.wishabi.net/page_pdf_images/23633001/8b6e39d8-7509-11f1-ad62-0a4691bbe64a/x_large"
"2026-07-08T11:47:31.845570","1024108558","Red Cherries","","","","4.99","lb member price","","","2026-07-08","2026-07-14","Produce","https://f.wishabi.net/page_pdf_images/23633001/84b1907c-7509-11f1-ad62-0a4691bbe64a/x_large"
"2026-07-08T11:47:32.144971","1024111331","Cantaloupe","","","","3.99","ea member price","","","2026-07-08","2026-07-14","Produce","https://f.wishabi.net/page_pdf_images/23633001/896a3344-7509-11f1-ad62-0a4691bbe64a/x_large"
"2026-07-08T11:47:32.530012","1024112507","Nissin Top Ramen Noodles","","","","1.99","ea member price","","Nissin","2026-07-08","2026-07-14","Pantry","https://f.wishabi.net/page_items/426166894/1782894576/extra_large.jpg"
"2026-07-08T11:47:33.185464","1024112502","Kellogg's Large Size Cereal 12 to 20.9-oz. Kashi Cereal 12.3 to 18-oz.","","","","3.99","ea member price","","Kellogg's | Kashi","2026-07-08","2026-07-14","Pantry","https://f.wishabi.net/page_items/426166891/1782894575/extra_large.jpg"
"2026-07-08T11:47:33.583926","1024112679","Land O'Lakes Butter 16-oz. Spread 13 to 15-oz","","","","3.49","ea member price","","Land O'Lakes","2026-07-08","2026-07-14","Dairy & Eggs","https://f.wishabi.net/page_pdf_images/23633012/8f45e592-7509-11f1-88eb-0eeda94fe589/x_large"
"2026-07-08T11:47:33.990124","1024112687","Kellogg's Club or Town House Crackers 9.2 to 13.8-oz. Late July Tortilla Chips 7.5 to 10.1-oz. Cape Cod Potato Chips 6.5 to 8-oz.","","","","2.99","ea member price","","Kellogg's | Town House | Late July | Cape Cod","2026-07-08","2026-07-14","Snacks","https://f.wishabi.net/page_items/426166947/1782894591/extra_large.jpg"
"2026-07-08T11:47:34.406766","1024113199","Tide Laundry Detergent","","","","7.99","ea member price","","Tide","2026-07-08","2026-07-14","Household","https://f.wishabi.net/page_pdf_images/23633012/8d593d9c-7509-11f1-88eb-0eeda94fe589/x_large"
"2026-07-08T11:47:34.828563","1024113501","Kemps Sherbet","","","","4.99","member price","","Kemps","2026-07-08","2026-07-14","Frozen","https://f.wishabi.net/page_pdf_images/23633023/9be8e9e8-7509-11f1-8a58-4670a67fc50a/x_large"
"2026-07-08T11:47:35.264559","1024113363","Graza Olive Oil","","","","12.99","member price","","Graza","2026-07-08","2026-07-14","Pantry","https://f.wishabi.net/page_pdf_images/23633021/952518d4-7509-11f1-9f15-7acc6b25d8f0/x_large"
"2026-07-08T11:47:35.618831","1024113376","Safeway 100","","","","","","","","2026-07-08","2026-07-14","Other","https://f.wishabi.net/page_items/426215370/1782894578/extra_large.jpg"
"2026-07-08T11:47:35.964601","1024113373","Sargento String or Stick Cheese 9 to 12-oz. Shareables 6-oz.","","","","4.99","member price","","Sargento","2026-07-08","2026-07-14","Dairy & Eggs","https://f.wishabi.net/page_items/426167124/1782894577/extra_large.jpg"
"2026-07-08T11:47:36.205554","1024113400","Yellow Peaches, Nectarines or Black Plums","","","","2.99","lb member price","","","2026-07-08","2026-07-14","Produce","https://f.wishabi.net/page_pdf_images/23632997/83976bf8-7509-11f1-8708-f68365fbe2ae/x_large"
"2026-07-08T11:47:36.536337","1024113558","Président Feta Chunk","","","","5.99","ea member price","","Président®","2026-07-08","2026-07-14","Dairy & Eggs","https://f.wishabi.net/page_pdf_images/23633023/996b2fa0-7509-11f1-8a58-4670a67fc50a/x_large"
"2026-07-08T11:47:36.922422","1024113530","Acme Togarashi or Nova Smoked Salmon","","","","4.99","ea member price","","Acme","2026-07-08","2026-07-14","Meat & Seafood","https://f.wishabi.net/page_pdf_images/23633023/9b3c4814-7509-11f1-8a58-4670a67fc50a/x_large"
"2026-07-08T11:47:37.262991","1024113547","Signature SELECT® Unsalted Walnut Halves & Pieces","","","","5.99","ea member price","","Signature SELECT®","2026-07-08","2026-07-14","Pantry","https://f.wishabi.net/page_items/426167144/1782894589/extra_large.jpg"
"2026-07-08T11:47:37.576983","1024113543","Mariani Snack Packs","EARN 2X POINTS","","","4.99","ea member price","","Mariani","2026-07-08","2026-07-14","Snacks","https://f.wishabi.net/page_pdf_images/23633023/9e6511ce-7509-11f1-8a58-4670a67fc50a/x_large"
"2026-07-08T11:47:37.943123","1024113746","Hershey King Size Bar","","","2 for","6.0","member price","","Hershey's","2026-07-08","2026-07-14","Snacks","https://f.wishabi.net/page_items/426167145/1782894576/extra_large.jpg"
"2026-07-08T11:47:38.243184","1024113768","Sour Patch Kids Peg Bag","","","2 for","5.0","member price","","Sour Patch Kids","2026-07-08","2026-07-14","Snacks","https://f.wishabi.net/page_items/426167148/1782894579/extra_large.jpg"
"2026-07-08T11:47:38.479655","1024113762","Werther's or Riesen Peg Bag","","","2 for","5.0","member price","","Werther's | Riesen","2026-07-08","2026-07-14","Snacks","https://f.wishabi.net/page_pdf_images/23633024/a28d4b40-7509-11f1-a38a-0ea11fedbe25/x_large"
"2026-07-08T11:47:38.774120","1024113813","Rubbermaid TakeAlongs Food Storage","","","","5.99","member price","","Rubbermaid","2026-07-08","2026-07-14","Household","https://f.wishabi.net/page_pdf_images/23633024/9c5c2d72-7509-11f1-a38a-0ea11fedbe25/x_large"
"2026-07-08T11:47:39.167005","1024113817","Lunch Kit or Container","25% OFF Member Price","","","","","","","2026-07-08","2026-07-14","Household","https://f.wishabi.net/page_pdf_images/23633024/979c067c-7509-11f1-a38a-0ea11fedbe25/x_large"
"2026-07-08T11:47:39.513419","1024113833","Swedish Fish or Sour Patch Kids Theater Box","","","4 for","5.0","member price","","Swedish Fish | Sour Patch Kids","2026-07-08","2026-07-14","Snacks","https://f.wishabi.net/page_pdf_images/23633024/a3598d4a-7509-11f1-a38a-0ea11fedbe25/x_large"
"2026-07-08T11:47:39.787277","1024113840","Trident Chewing Gum","","","3 for","5.0","member price","","Trident","2026-07-08","2026-07-14","Snacks","https://f.wishabi.net/page_items/426167154/1782894583/extra_large.jpg"
"2026-07-08T11:47:40.057796","1024114010","Quest Bar","","","2 for","5.0","member price","","Quest","2026-07-08","2026-07-14","Snacks","https://f.wishabi.net/page_pdf_images/23633024/a497fce6-7509-11f1-a38a-0ea11fedbe25/x_large"
"2026-07-08T11:47:40.464808","1024114013","Top Flight 2-Pocket Portfolio or Shatterproof Ruler","","","","1.49","member price","","Top Flight","2026-07-08","2026-07-28","Other","https://f.wishabi.net/page_pdf_images/23633024/a97cc304-7509-11f1-a38a-0ea11fedbe25/x_large"
"2026-07-08T11:47:40.854141","1024114002","Luna Bar","","","3 for","5.0","member price","","Luna","2026-07-08","2026-07-14","Snacks","https://f.wishabi.net/page_pdf_images/23633024/a4a8878c-7509-11f1-a38a-0ea11fedbe25/x_large"
"2026-07-08T11:47:41.265377","1024113950","Signature SELECT® Food Storage","","","2 for","7.0","member price","","Signature SELECT®","2026-07-08","2026-07-14","Household","https://f.wishabi.net/page_pdf_images/23633024/9a5d0780-7509-11f1-a38a-0ea11fedbe25/x_large"
"2026-07-08T11:47:41.613980","1024114434","Signature Care® or Signature SELECT® Aloe Vera Sunburn Relief","EARN 4X POINTS","","","6.99","member price","","Signature Care®","2026-07-08","2026-07-14","Personal Care","https://f.wishabi.net/page_pdf_images/23633025/a9952aa2-7509-11f1-a1bd-7e7f5209d8da/x_large"
"2026-07-08T11:47:41.950682","1024114552","Gold Peak Tea 6-pack, 16.9-oz. Powerade 8-pack, 20-oz.","EARN 4x POINTS","","","5.99","member price","","Gold Peak | Powerade","2026-07-08","2026-07-14","Beverages","https://f.wishabi.net/page_pdf_images/23633001/92492c22-7509-11f1-ad62-0a4691bbe64a/x_large"
"2026-07-08T11:47:42.410182","1024114510","Signature Care® or Signature SELECT® Liquid Hand Soap or Travel Size Hand Sanitizer","","","2 for","3.0","member price","","Signature Care® | Signature SELECT®","2026-07-08","2026-07-14","Personal Care","https://f.wishabi.net/page_pdf_images/23633025/a60ed4f0-7509-11f1-a1bd-7e7f5209d8da/x_large"
"2026-07-08T11:47:42.660766","1024114530","EARN 4X POINTS","EARN 4X POINTS","","","","","","","2026-07-08","2026-07-14","Other","https://f.wishabi.net/page_items/426215395/1782894596/extra_large.jpg"
"2026-07-08T11:47:43.007383","1024114554","White Claw, Elysian or Truly","","","","19.99","member price","","White Claw | Elysian | Truly","2026-07-08","2026-07-14","Beverages","https://f.wishabi.net/page_pdf_images/23633001/93130506-7509-11f1-ad62-0a4691bbe64a/x_large"
"2026-07-08T11:47:43.383167","1024114525","Claritin, MiraLAX, Aleve, Bayer or One-A-Day","Spend $15 Save $5 with your Member Account","","","","","","Claritin | MiraLAX | Aleve | Bayer | One-A-Day","2026-07-08","2026-07-14","Health & Wellness","https://f.wishabi.net/page_pdf_images/23633025/9669995e-7509-11f1-a1bd-7e7f5209d8da/x_large"
"2026-07-08T11:47:43.726906","1024114555","Mumm, Meiomi or St. Francis","","","","15.99","ea member price when you buy 6 or more","","Mumm | Meiomi | St. Francis","2026-07-08","2026-07-14","Beverages","https://f.wishabi.net/page_pdf_images/23633001/955620b4-7509-11f1-ad62-0a4691bbe64a/x_large"
"2026-07-08T11:47:44.236292","1024114553","Bacardi, Jose Cuervo or Seagram's 7","","","","21.99","member price","","Bacardi | Jose Cuervo | Seagram's 7","2026-07-08","2026-07-14","Beverages","https://f.wishabi.net/page_pdf_images/23633001/9412eb06-7509-11f1-ad62-0a4691bbe64a/x_large"
"2026-07-08T11:47:44.654215","1024114556","Edna Valley or Mark West 750-ml. Woodbridge 1.5-ltr.","","","","8.99","member price when you buy 6 or more","","Edna Valley | Mark West | Woodbridge","2026-07-08","2026-07-14","Beverages","https://f.wishabi.net/page_items/426166867/1782894599/extra_large.jpg"
"2026-07-08T11:47:45.088126","1024114647","Rockstar Energy Drink","","","","1.69","ea member price","","Rockstar","2026-07-08","2026-07-14","Beverages","https://f.wishabi.net/page_items/426167304/1782894588/extra_large.jpg"
"2026-07-08T11:47:45.363871","1024114650","Pepsi","","","","13.99","ea member price","","Pepsi","2026-07-08","2026-07-14","Beverages","https://f.wishabi.net/page_pdf_images/23633012/96e59d9c-7509-11f1-88eb-0eeda94fe589/x_large"
"2026-07-08T11:47:45.735481","1024115016","Arrowhead Water","","","","5.0","ea member price","","Arrowhead","2026-07-10","2026-07-10","Beverages","https://f.wishabi.net/page_pdf_images/23633016/98b76bf0-7509-11f1-a769-fabd9e3d9ccd/x_large"
"2026-07-08T11:47:46.096585","1024115061","Signature SELECT® Classic Salad","","","","7.99","ea member price","","Signature SELECT®","2026-07-08","2026-07-14","Produce","https://f.wishabi.net/page_pdf_images/23633016/a3de8f22-7509-11f1-a769-fabd9e3d9ccd/x_large"
"2026-07-08T11:47:46.429729","1024115083","Signature SELECT® Thick Cut Bacon","","","","5.99","lb member price","","Signature SELECT®","2026-07-08","2026-07-14","Meat & Seafood","https://f.wishabi.net/page_pdf_images/23633016/a11cccea-7509-11f1-a769-fabd9e3d9ccd/x_large"
"2026-07-08T11:47:46.847787","1024115088","Chicken Wings, Tater Kegs","FRIDAY ONLY","","","5.0","member price","","","2026-07-10","2026-07-10","Deli & Prepared Foods","https://f.wishabi.net/page_pdf_images/23633016/99fdf0a6-7509-11f1-a769-fabd9e3d9ccd/x_large"
"2026-07-08T11:47:47.246558","1024115046","BuzzBallz","","","2 for","5.0","member price","","BuzzBallz","2026-07-10","2026-07-10","Beverages","https://f.wishabi.net/page_items/426167004/1782894588/extra_large.jpg"
"2026-07-08T11:47:47.599868","1024115027","Signature SELECT® Orange Juice","","","","3.99","member price","","Signature SELECT®","2026-07-08","2026-07-14","Beverages","https://f.wishabi.net/page_pdf_images/23633016/a51ce00a-7509-11f1-a769-fabd9e3d9ccd/x_large"
"2026-07-08T11:47:47.942386","1024114969","Nestlé Drumstick","","","","5.0","ea member price","","Nestlé®","2026-07-10","2026-07-10","Frozen","https://f.wishabi.net/page_items/426166962/1782894577/extra_large.jpg"
"2026-07-08T11:47:48.177795","1024114951","Signature SELECT Trash Bags 18 to 45-ct. Disinfecting Wipes 75-ct.","","","","5.0","ea member price","","Signature SELECT®","2026-07-10","2026-07-10","Household","https://f.wishabi.net/page_pdf_images/23633016/8f3ce708-7509-11f1-a769-fabd9e3d9ccd/x_large"
"2026-07-08T11:47:48.467531","1024115959","Nabisco Chips Ahoy! Cookies","When you Buy 2","","","3.49","ea when you buy 2 member price","","Nabisco","2026-07-08","2026-07-14","Snacks","https://f.wishabi.net/page_pdf_images/23633019/93a1fb62-7509-11f1-b9f8-72401a13f188/x_large"
"2026-07-08T11:47:48.891880","1024115943","A & W","","","2 for","7.0","member price","","A&W","2026-07-08","2026-07-14","Beverages","https://f.wishabi.net/page_pdf_images/23633019/99442414-7509-11f1-b9f8-72401a13f188/x_large"
"2026-07-08T11:47:49.212913","1024113444","On-Cor Entrée","","","","3.99","member price","","On-cor","2026-07-08","2026-07-14","Frozen","https://f.wishabi.net/page_pdf_images/23633023/9c3690d0-7509-11f1-8a58-4670a67fc50a/x_large"
"2026-07-08T11:47:49.608222","1024113448","Tostitos, Ruffles or Rold Gold Selects Party Size","","","","4.99","ea member price","","Tostitos | Ruffles | Rold Gold","2026-07-08","2026-07-14","Snacks","https://f.wishabi.net/page_items/426167131/1782894581/extra_large.jpg"
"2026-07-08T11:47:50.006101","1024108790","Safeway 100","","","","","","","","2026-07-08","2026-07-14","Household","https://f.wishabi.net/page_items/426208692/1782894600/extra_large.jpg"
"2026-07-08T11:47:50.364155","1024113465","Go Snacks! Chicken Breast Bites","","","","4.99","ea member price","","","2026-07-08","2026-07-14","Deli & Prepared Foods","https://f.wishabi.net/page_pdf_images/23633023/9ae29440-7509-11f1-8a58-4670a67fc50a/x_large"
"2026-07-08T11:47:50.637620","1024115031","Soleil® Sparkling Water","","","2 for","7.0","member price","","Soleil®","2026-07-08","2026-07-14","Beverages","https://f.wishabi.net/page_pdf_images/23633016/a66f6dba-7509-11f1-a769-fabd9e3d9ccd/x_large"
"2026-07-08T11:47:50.980031","1024114409","Signature Care or Signature SELECT Shave Foam","EARN 4x POINTS","","2 for","5.0","member price","","Signature Care | Signature SELECT","2026-07-08","2026-07-14","Personal Care","https://f.wishabi.net/page_pdf_images/23633025/98a3beca-7509-11f1-a1bd-7e7f5209d8da/x_large"
"2026-07-08T11:47:51.597240","1024111718","Green or Red Seedless Grapes","","","Every Day","4.99","lb","","","2026-07-08","2026-07-14","Produce","https://f.wishabi.net/page_pdf_images/23633001/897206a0-7509-11f1-ad62-0a4691bbe64a/x_large"
"2026-07-08T11:47:51.951894","1024113480","Président Feta Crumble","","","","4.99","ea member price","","Président®","2026-07-08","2026-07-14","Dairy & Eggs","https://f.wishabi.net/page_pdf_images/23633023/9975b3b2-7509-11f1-8a58-4670a67fc50a/x_large"
"2026-07-08T11:47:52.374353","1024108592","Danish Strip Coffee Cake","","","Every Day","6.99","","","","2026-07-08","2026-07-14","Bakery","https://f.wishabi.net/page_items/426166775/1782894581/extra_large.jpg"
"2026-07-08T11:47:52.744661","1024115067","Signature SELECT Frozen Fruit","EARN 2X POINTS","","","9.99","member price","","Signature SELECT","2026-07-08","2026-07-14","Frozen","https://f.wishabi.net/page_pdf_images/23633016/a5fa8de2-7509-11f1-a769-fabd9e3d9ccd/x_large"
"2026-07-08T11:47:53.199611","1024114437","Crest Pro Health or 3D White Toothpaste","EARN 4x POINTS","","","6.99","member price","","Crest","2026-07-08","2026-07-14","Personal Care","https://f.wishabi.net/page_pdf_images/23633025/a810cc2c-7509-11f1-a1bd-7e7f5209d8da/x_large"
"2026-07-08T11:47:53.428867","1024113425","Celsius","","","","19.99","member price","","Celsius","2026-07-08","2026-07-14","Beverages","https://f.wishabi.net/page_pdf_images/23633023/9658a770-7509-11f1-8a58-4670a67fc50a/x_large"
"2026-07-08T11:47:53.710160","1024108544","Ferrero Nutella Ice Cream","EARN 4X POINTS","","","5.99","member price","","Ferrero","2026-07-08","2026-07-14","Frozen","https://f.wishabi.net/page_pdf_images/23633001/903ed44a-7509-11f1-ad62-0a4691bbe64a/x_large"
"2026-07-08T11:47:54.132961","1024115003","Sweet Corn","","","10 for","5.0","member price","","","2026-07-10","2026-07-10","Produce","https://f.wishabi.net/page_pdf_images/23633016/9f2d3e60-7509-11f1-a769-fabd9e3d9ccd/x_large"
"2026-07-08T11:47:54.531933","1024114957","Waterfront Bistro® Large Raw Shrimp","","","","5.0","lb member price","","WATERFRONT BISTRO®","2026-07-10","2026-07-10","Meat & Seafood","https://f.wishabi.net/page_pdf_images/23633016/9c94911c-7509-11f1-a769-fabd9e3d9ccd/x_large"
"2026-07-08T11:47:54.880831","1024113387","Freshpass","5% off","","","","","","","2026-07-08","2026-07-14","Other","https://f.wishabi.net/page_items/426167213/1782894576/extra_large.jpg"
"2026-07-08T11:47:55.293520","1024115008","Cake Slice","","","2 for","5.0","member price","","","2026-07-10","2026-07-10","Bakery","https://f.wishabi.net/page_pdf_images/23633016/960af7d2-7509-11f1-a769-fabd9e3d9ccd/x_large"
"2026-07-08T11:47:55.682986","1024114447","Alka-Seltzer Antacid","","","","7.99","member price","","Alka-Seltzer","2026-07-08","2026-07-28","Health & Wellness","https://f.wishabi.net/page_pdf_images/23633025/a4cea192-7509-11f1-a1bd-7e7f5209d8da/x_large"
"2026-07-08T11:47:56.135765","1024115104","Open Nature® Assorted Lamb Shoulder Chops","","","","5.0","lb member price","","OPEN NATURE®","2026-07-10","2026-07-10","Meat & Seafood","https://f.wishabi.net/page_pdf_images/23633016/96c24c0c-7509-11f1-a769-fabd9e3d9ccd/x_large"
"2026-07-08T11:47:56.563212","1024108676","Primo Taglio Turkey","","","","9.99","lb member price","","Primo Taglio®","2026-07-08","2026-07-14","Deli & Prepared Foods","https://f.wishabi.net/page_pdf_images/23633001/89c4b9a4-7509-11f1-ad62-0a4691bbe64a/x_large"
"2026-07-08T11:47:56.995145","1024112604","Evergood Sausage","","","","5.49","ea member price","","Evergood","2026-07-08","2026-07-14","Meat & Seafood","https://f.wishabi.net/page_pdf_images/23633012/8e997802-7509-11f1-88eb-0eeda94fe589/x_large"
"2026-07-08T11:47:57.235542","1024108647","Premium Sunflower Bouquet","","","Every Day","19.99","","","","2026-07-08","2026-07-14","Floral","https://f.wishabi.net/page_pdf_images/23633001/8c6c93e8-7509-11f1-ad62-0a4691bbe64a/x_large"
"2026-07-08T11:47:57.665756","1024108557","Gain Laundry Detergent","EARN 4X POINTS","","","15.99","member price","","Gain","2026-07-08","2026-07-14","Household","https://f.wishabi.net/page_items/426166760/1782894579/extra_large.jpg"
"2026-07-08T11:47:58.036870","1024108624","BelGioioso Mozzarella","","","","4.99","ea member price","","Belgioioso","2026-07-08","2026-07-14","Dairy & Eggs","https://f.wishabi.net/page_pdf_images/23633001/8a8936c6-7509-11f1-ad62-0a4691bbe64a/x_large"
"2026-07-08T11:47:58.320314","1024108546","Calidad Tortilla Chips","EARN 4x POINTS","","2 for","5.0","member price","","Calidad","2026-07-08","2026-07-14","Snacks","https://f.wishabi.net/page_pdf_images/23633001/9098ab28-7509-11f1-ad62-0a4691bbe64a/x_large"
"2026-07-08T11:47:58.750915","1024112553","Kellogg's Pop-Tarts","","","","2.49","ea member price","","Kellogg's","2026-07-08","2026-07-14","Snacks","https://f.wishabi.net/page_items/426166910/1782894581/extra_large.jpg"
"2026-07-08T11:47:59.033227","1024114335","Old Spice Deodorant","EARN 4x POINTS","","","7.99","member price","","Old Spice","2026-07-08","2026-07-14","Personal Care","https://f.wishabi.net/page_pdf_images/23633025/a8681324-7509-11f1-a1bd-7e7f5209d8da/x_large"
"2026-07-08T11:47:59.304452","1024108603","Hormel Cure 81 Ham","","","","9.99","ea member price","","Hormel","2026-07-08","2026-07-14","Meat & Seafood","https://f.wishabi.net/page_pdf_images/23633001/87845352-7509-11f1-ad62-0a4691bbe64a/x_large"
"2026-07-08T11:47:59.654703","1024113856","Fast Forward Kids Backpack","25% OFF Member Price","","","","","","","2026-07-08","2026-07-14","Other","https://f.wishabi.net/page_pdf_images/23633024/a8bff670-7509-11f1-a38a-0ea11fedbe25/x_large"
"2026-07-08T11:48:00.027419","1024112522","San Luis Sourdough Bread","","","","4.99","ea member price","","San Luis","2026-07-08","2026-07-14","Bakery","https://f.wishabi.net/page_items/426166900/1782894578/extra_large.jpg"
"2026-07-08T11:48:00.462724","1024115952","Safeway 100","","","","","","","","2026-07-08","2026-07-14","Other","https://f.wishabi.net/page_items/426167215/1782894577/extra_large.jpg"
"2026-07-08T11:48:00.774431","1024113469","Bonduelle Bistro Grande Bowl","EARN 4X POINTS","","","5.0","ea member price","","Bonduelle","2026-07-08","2026-07-14","Deli & Prepared Foods","https://f.wishabi.net/page_pdf_images/23633023/9e0ef10e-7509-11f1-8a58-4670a67fc50a/x_large"
"2026-07-08T11:48:01.201560","1024087318","Pharmacy","","","","","","","","2026-07-08","2026-07-14","Health & Wellness","https://f.wishabi.net/page_items/426215292/1782894598/extra_large.jpg"
"2026-07-08T11:48:01.489814","1024114344","O Organics® Puffs","","","2 for","6.0","member price","","O Organics®","2026-07-08","2026-07-14","Snacks","https://f.wishabi.net/page_pdf_images/23633025/a05b3a9e-7509-11f1-a1bd-7e7f5209d8da/x_large"
"2026-07-08T11:48:01.781284","1024113910","Boost Original Shakes","","","","9.99","member price","","Boost","2026-07-08","2026-07-14","Health & Wellness","https://f.wishabi.net/page_pdf_images/23633024/9d46d1d8-7509-11f1-a38a-0ea11fedbe25/x_large"
"2026-07-08T11:48:02.056703","1024113973","Hydration Bottle","25% OFF Member Price","","","","","","","2026-07-08","2026-07-14","Household","https://f.wishabi.net/page_pdf_images/23633024/983f14d4-7509-11f1-a38a-0ea11fedbe25/x_large"
"2026-07-08T11:48:02.500918","1024112662","Rana Meal","","","","12.99","ea member price","","Rana","2026-07-08","2026-07-14","Deli & Prepared Foods","https://f.wishabi.net/page_items/426166944/1782894590/extra_large.jpg"
"2026-07-08T11:48:02.813167","1024112609","Mission Carb Balance Flour Tortillas","","","","3.99","ea member price","","Mission","2026-07-08","2026-07-14","Pantry","https://f.wishabi.net/page_items/426166918/1782894583/extra_large.jpg"
"2026-07-08T11:48:03.267713","1024108596","Large Navel Oranges","","","","1.69","lb member price","","","2026-07-08","2026-07-14","Produce","https://f.wishabi.net/page_pdf_images/23633001/89be853e-7509-11f1-ad62-0a4691bbe64a/x_large"
"2026-07-08T11:48:03.519876","1024108568","Large Cooked Shrimp","EARN 2X POINTS","","","7.99","lb member price","","","2026-07-08","2026-07-14","Meat & Seafood","https://f.wishabi.net/page_pdf_images/23633001/8821f68e-7509-11f1-ad62-0a4691bbe64a/x_large"
"2026-07-08T11:48:03.898854","1024108598","Red Lobster Seafood","","","","6.99","ea member price","","Red Lobster","2026-07-08","2026-07-14","Meat & Seafood","https://f.wishabi.net/page_items/426166787/1782894584/extra_large.jpg"
"2026-07-08T11:48:04.224449","1024111339","Envy Apples","","","","2.49","lb member price","","","2026-07-08","2026-07-14","Produce","https://f.wishabi.net/page_pdf_images/23633001/891f09d2-7509-11f1-ad62-0a4691bbe64a/x_large"
"2026-07-08T11:48:04.571588","1024112622","Dannon Greek Yogurt 4-pack, 5.3-oz. Chobani 20G Protein Yogurt 4-pack, 6.7-oz.","","","","3.49","ea member price","","Dannon | Chobani","2026-07-08","2026-07-14","Dairy & Eggs","https://f.wishabi.net/page_pdf_images/23633012/981840e8-7509-11f1-88eb-0eeda94fe589/x_large"
"2026-07-08T11:48:04.852396","1024108649","Jennie-O 93% Lean Ground Turkey or Patties","","","","5.99","ea member price","","Jennie-O","2026-07-08","2026-07-14","Meat & Seafood","https://f.wishabi.net/page_pdf_images/23633001/86b9e9e6-7509-11f1-ad62-0a4691bbe64a/x_large"
"2026-07-08T11:48:05.138763","1024108675","Foster Farms Fresh & Natural Chicken Leg Quarters","EARN 2x POINTS","","","0.99","lb member price","","Foster Farms","2026-07-08","2026-07-14","Meat & Seafood","https://f.wishabi.net/page_pdf_images/23633001/860cf218-7509-11f1-ad62-0a4691bbe64a/x_large"
"2026-07-08T11:48:05.461706","1024115087","Signature SELECT® Extra Virgin Olive Oil","","","","7.99","member price","","Signature SELECT®","2026-07-08","2026-07-14","Pantry","https://f.wishabi.net/page_pdf_images/23633016/a6a6d5f2-7509-11f1-a769-fabd9e3d9ccd/x_large"
"2026-07-08T11:48:05.748569","1024115091","Signature SELECT® 80% Lean Ground Beef Mega Pack","","","","5.0","lb member price","","Signature SELECT®","2026-07-10","2026-07-10","Meat & Seafood","https://f.wishabi.net/page_pdf_images/23633016/9e7e508a-7509-11f1-a769-fabd9e3d9ccd/x_large"
"2026-07-08T11:48:06.171503","1024108759","Artisan Dinner Bread","","","","2.49","member price","","","2026-07-08","2026-07-14","Bakery","https://f.wishabi.net/page_items/426166849/1782894595/extra_large.jpg"
"2026-07-08T11:48:06.566103","1024113447","De Cecco Pasta","","","2 for","6.0","member price","","DeCecco","2026-07-08","2026-07-14","Pantry","https://f.wishabi.net/page_pdf_images/23633023/9b8ff63a-7509-11f1-8a58-4670a67fc50a/x_large"
"2026-07-08T11:48:06.915082","1024113514","Bush's Best Baked or Grillin' Beans","","","2 for","6.0","member price","","Bush's","2026-07-08","2026-07-14","Pantry","https://f.wishabi.net/page_items/426167140/1782894587/extra_large.jpg"
"2026-07-08T11:48:07.159519","1024114475","Signature Care® Dental Flossers","","","2 for","6.0","member price","","Signature Care®","2026-07-08","2026-07-14","Personal Care","https://f.wishabi.net/page_items/426167200/1782894592/extra_large.jpg"
"2026-07-08T11:48:07.399849","1024114545","Swiffer Refills","EARN 4X POINTS, Buy 2 Save $10 with your Member Account","","","","","","Swiffer","2026-07-08","2026-07-14","Household","https://f.wishabi.net/page_pdf_images/23633025/9bd63c6c-7509-11f1-a1bd-7e7f5209d8da/x_large"
"2026-07-08T11:48:07.790968","1024108674","Cedar's Hommus","BUY 1 GET 1 FREE When you Buy 2 Member Price","","","","","","Cedar's","2026-07-08","2026-07-14","Deli & Prepared Foods","https://f.wishabi.net/page_pdf_images/23633001/8448c8e4-7509-11f1-ad62-0a4691bbe64a/x_large"
"2026-07-08T11:48:08.061693","1024114345","Gerber Baby Food","","","2 for","3.0","member price","","Gerber","2026-07-08","2026-07-14","Pantry","https://f.wishabi.net/page_pdf_images/23633025/a2de1412-7509-11f1-a1bd-7e7f5209d8da/x_large"
"2026-07-08T11:48:08.432020","1024114974","Pillsbury Frosting 12 to 16-oz. Cake Mix 15.25-oz. Brownie Mix 18.4-oz.","FRIDAY","","3 for","5.0","member price","","Pillsbury","2026-07-10","2026-07-10","Pantry","https://f.wishabi.net/page_pdf_images/23633016/8dc77096-7509-11f1-a769-fabd9e3d9ccd/x_large"
"2026-07-08T11:48:08.715044","1024114016","Cool Gear Plastic Container","","","2 for","6.0","member price","","","2026-07-08","2026-07-14","Household","https://f.wishabi.net/page_pdf_images/23633024/a8481128-7509-11f1-a38a-0ea11fedbe25/x_large"
"2026-07-08T11:48:09.247479","1024114359","O Organics® Baby Food Pouch","","","4 for","5.0","member price","","O Organics®","2026-07-08","2026-07-14","Pantry","https://f.wishabi.net/page_pdf_images/23633025/9fb8b2e2-7509-11f1-a1bd-7e7f5209d8da/x_large"
"2026-07-08T11:48:09.677667","1024108575","Signature SELECT® or Bonduelle Salad Bowl","","","","2.99","ea member price when you buy 3","","Signature SELECT® | Bonduelle","2026-07-08","2026-07-14","Produce","https://f.wishabi.net/page_pdf_images/23633001/8500e38e-7509-11f1-ad62-0a4691bbe64a/x_large"
"2026-07-08T11:48:10.096773","1024108587","Knudsen Cottage Cheese","EARN 4x POINTS","","2 for","6.0","member price","","KNUDSEN","2026-07-08","2026-07-14","Dairy & Eggs","https://f.wishabi.net/page_pdf_images/23633001/8fe600ea-7509-11f1-ad62-0a4691bbe64a/x_large"
"2026-07-08T11:48:10.326197","1024108648","Signature SELECT Pork Tenderloin","","","","4.99","lb member price","","Signature SELECT","2026-07-08","2026-07-14","Meat & Seafood","https://f.wishabi.net/page_items/426166819/1782894589/extra_large.jpg"
"2026-07-08T11:48:10.694642","1024113487","Newman's Own Pizza 15.1 to 17-oz. Stone-Fired Crust 13.1 to 13.6-oz.","","","","5.99","ea member price","","Newman's Own","2026-07-08","2026-07-14","Frozen","https://f.wishabi.net/page_items/426167132/1782894582/extra_large.jpg"
"2026-07-08T11:48:11.045008","1024113920","Top Flight 1-Subject Notebook or Composition Book","","","2 for","4.0","member price","","","2026-07-08","2026-07-14","Other","https://f.wishabi.net/page_items/426167161/1782894587/extra_large.jpg"
"2026-07-08T11:48:11.421489","1024114313","Signature SELECT® Baby Wipes","EARN 2X POINTS","","","5.99","member price","","Signature SELECT®","2026-07-08","2026-07-14","Personal Care","https://f.wishabi.net/page_pdf_images/23633025/a276d6d0-7509-11f1-a1bd-7e7f5209d8da/x_large"
"2026-07-08T11:48:11.785822","1024114454","Gillette Mach 3 Cartridges or Fusion 5 Razor","EARN 4X POINTS","","","13.99","member price","","Gillette","2026-07-08","2026-07-14","Personal Care","https://f.wishabi.net/page_pdf_images/23633025/add10ec4-7509-11f1-a1bd-7e7f5209d8da/x_large"
"2026-07-08T11:48:12.039243","1024114488","Signature Care® Disposable Razors","BUY 1 GET 1 50% OFF Member Price, EARN 4X POINTS","","","","","","Signature Care®","2026-07-08","2026-07-14","Personal Care","https://f.wishabi.net/page_items/426167198/1782894591/extra_large.jpg"
"2026-07-08T11:48:12.462021","1024114648","Capri Sun or Country Time","EARN 4x POINTS","","","3.99","ea member price","","Capri Sun | Country Time","2026-07-08","2026-07-14","Beverages","https://f.wishabi.net/page_items/426167305/1782894588/extra_large.jpg"
"2026-07-08T11:48:12.702141","1024114425","Pantene Pump, Head & Shoulders Shampoo or Conditioner","EARN 4X POINTS","","","7.99","member price","","Pantene | Head & Shoulders","2026-07-08","2026-07-14","Personal Care","https://f.wishabi.net/page_items/426167193/1782894588/extra_large.jpg"
"2026-07-08T11:48:13.201125","1024114472","Febreze Air Care","EARN 4X POINTS, Buy 2 Save $3.50 with your Member Account","","","","","","Febreze","2026-07-08","2026-07-14","Household","https://f.wishabi.net/page_items/426167199/1782894592/extra_large.jpg"
"2026-07-08T11:48:13.594761","1024114493","Aleve Pain Relief","","","","7.99","member price","","Aleve","2026-07-08","2026-07-14","Health & Wellness","https://f.wishabi.net/page_pdf_images/23633025/afc726d2-7509-11f1-a1bd-7e7f5209d8da/x_large"
"2026-07-08T11:48:13.864103","1024114514","Baby Club Savings","SAVE $10 when you buy 2 Baby Club items*","","","","","","","2026-07-08","2026-07-14","Other","https://f.wishabi.net/page_pdf_images/23633025/9d3ceb3c-7509-11f1-a1bd-7e7f5209d8da/x_large"
"2026-07-08T11:48:14.178830","1024115034","Overjoyed™ Boutique Mini Rose Chic Bouquet","","","","5.0","ea member price","","Overjoyed™","2026-07-10","2026-07-10","Floral","https://f.wishabi.net/page_pdf_images/23633016/98110698-7509-11f1-a769-fabd9e3d9ccd/x_large"
"2026-07-08T11:48:14.492238","1024115042","FREE smartwater! with Purchase of Fresh Sushi","FRIDAY ONLY","","","5.0","ea member price","","","2026-07-10","2026-07-10","Deli & Prepared Foods","https://f.wishabi.net/page_pdf_images/23633016/9cb616de-7509-11f1-a769-fabd9e3d9ccd/x_large"
"2026-07-08T11:48:14.860633","1024108313","8-PIECE FRIED OR ROASTED CHICKEN","","","","5.99","ea member price","","","2026-07-13","2026-07-13","Deli & Prepared Foods","https://f.wishabi.net/page_pdf_images/23632997/96652ca2-7509-11f1-8708-f68365fbe2ae/x_large"
"2026-07-08T11:48:15.100187","1024112598","Open Nature® Snow Crab Clusters","","","","26.99","ea member price","","Open Nature","2026-07-08","2026-07-14","Meat & Seafood","https://f.wishabi.net/page_items/426166921/1782894584/extra_large.jpg"
"2026-07-08T11:48:15.406705","1024113459","Juicy Juice 100% Juice","","","","3.99","member price","","Juicy Juice","2026-07-08","2026-07-14","Beverages","https://f.wishabi.net/page_pdf_images/23633023/9ea8c180-7509-11f1-8a58-4670a67fc50a/x_large"
"2026-07-08T11:48:15.732822","1024113851","Lindt Excellence or Classic Bar","BUY 2 GET 1 FREE When you Buy 3 Member Price","","","","","","Lindt","2026-07-08","2026-07-14","Snacks","https://f.wishabi.net/page_pdf_images/23633024/9f0b6f9c-7509-11f1-a38a-0ea11fedbe25/x_large"
"2026-07-08T11:48:16.163290","1024114366","Pampers Swaddlers Super Pack","","","","27.99","member price","","Pampers","2026-07-08","2026-07-14","Personal Care","https://f.wishabi.net/page_pdf_images/23633025/a479bf56-7509-11f1-a1bd-7e7f5209d8da/x_large"
"2026-07-08T11:48:16.418392","1024114987","Thomas' English Muffins","FRIDAY ONLY","","2 for","5.0","member price","","Thomas'","2026-07-10","2026-07-10","Bakery","https://f.wishabi.net/page_pdf_images/23633016/94046950-7509-11f1-a769-fabd9e3d9ccd/x_large"
"2026-07-08T11:48:16.834432","1024108257","DiGiorno Rising Crust or Hand Tossed Pizza","","","","4.99","ea member price","","DiGiorno","2026-07-08","2026-07-14","Frozen","https://f.wishabi.net/page_items/426166636/1782894578/extra_large.jpg"
"2026-07-08T11:48:17.505475","1024108339","Signature SELECT® Pork Shoulder Country Style Ribs or Blade Steak Pork Spareribs","","","","2.99","lb member price","","Signature SELECT®","2026-07-08","2026-07-14","Meat & Seafood","https://f.wishabi.net/page_items/426167048/1782894582/extra_large.jpg"
"2026-07-08T11:48:17.861088","1024108637","Bouquet of the Month","","","Every Day","16.99","","","","2026-07-08","2026-07-14","Floral","https://f.wishabi.net/page_pdf_images/23633001/8c61df52-7509-11f1-ad62-0a4691bbe64a/x_large"
"2026-07-08T11:48:18.276426","1024113769","Red Vines Twist Jar","","","","9.99","member price","","red vines","2026-07-08","2026-07-14","Snacks","https://f.wishabi.net/page_pdf_images/23633024/a92df684-7509-11f1-a38a-0ea11fedbe25/x_large"
"2026-07-08T11:48:18.657609","1024113844","CLIF BUILDERS","","","","10.99","member price","","Clif Bar","2026-07-08","2026-07-14","Snacks","https://f.wishabi.net/page_pdf_images/23633024/a42e7384-7509-11f1-a38a-0ea11fedbe25/x_large"
"2026-07-08T11:48:18.960312","1024113887","5-hour Energy","","","2 for","6.0","member price","","5 Hour Energy","2026-07-08","2026-07-14","Beverages","https://f.wishabi.net/page_pdf_images/23633024/a55fbf42-7509-11f1-a38a-0ea11fedbe25/x_large"
"2026-07-08T11:48:19.301073","1024113921","M & M' s Family Sized Bag","","","","10.99","member price","","M & M's","2026-07-08","2026-07-14","Snacks","https://f.wishabi.net/page_pdf_images/23633024/9e925c1a-7509-11f1-a38a-0ea11fedbe25/x_large"
"2026-07-08T11:48:19.542552","1024113960","Kind Bars","","","","7.99","member price","","Kind","2026-07-08","2026-07-14","Snacks","https://f.wishabi.net/page_items/426167167/1782894591/extra_large.jpg"
"2026-07-08T11:48:19.863544","1024114400","Herbal Essences Shampoo or Conditioner","EARN 4X POINTS","","","8.99","member price","","Herbal Essences","2026-07-08","2026-07-14","Personal Care","https://f.wishabi.net/page_pdf_images/23633025/a7658a92-7509-11f1-a1bd-7e7f5209d8da/x_large"
"2026-07-08T11:48:20.195289","1024108292","Artesano Bread 20-oz. Buns 13.55 to 19-oz.","","","","3.99","member price","","Artesano","2026-07-08","2026-07-14","Bakery","https://f.wishabi.net/page_pdf_images/23632991/89341a7a-7509-11f1-a0c7-6a5b807cd6af/x_large"
"2026-07-08T11:48:20.574889","1024108340","Fresh Cut Fruit Bowl","BUY 2 GET 1 FREE Member Price When you Buy 3","","","","","","","2026-07-08","2026-07-14","Produce","https://f.wishabi.net/page_items/426167043/1782894581/extra_large.jpg"
"2026-07-08T11:48:20.967318","1024108360","Tito's Liter. Coors or Bud 30-pack, 12-oz. Modelo or Pacifico 18-pack, 12-oz. Michelob 24-pack, 12-oz.","","","","19.99","member price","","Tito's | Coors | Bud | Modelo | Pacifico","2026-07-08","2026-07-14","Beverages","https://f.wishabi.net/page_pdf_images/23632997/a47be718-7509-11f1-8708-f68365fbe2ae/x_large"
"2026-07-08T11:48:21.376225","1024113403","Coca-Cola 6-pack, 16.9-oz. bottles or 6-pack, 7.5-oz. cans., smartwater 6-pack, 16.9-oz.","","","","3.99","ea member price when you buy 4","","Coca-Cola | smartwater","2026-07-08","2026-07-14","Beverages","https://f.wishabi.net/page_pdf_images/23632997/a0f6d080-7509-11f1-8708-f68365fbe2ae/x_large"
"2026-07-08T11:48:21.696976","1024114395","Olay Super Serum Body Wash","EARN 4X POINTS","","","14.99","member price","","Olay","2026-07-08","2026-07-14","Personal Care","https://f.wishabi.net/page_pdf_images/23633025/a90ad8b6-7509-11f1-a1bd-7e7f5209d8da/x_large"
"2026-07-08T11:48:22.089073","1024114649","Charmin Bath Tissue 12-Mega Rolls, Bounty Paper Towels 6-Doubles Plus Rolls","","","","14.99","ea member price","","Charmin | Bounty","2026-07-08","2026-07-14","Household","https://f.wishabi.net/page_items/426167306/1782894589/extra_large.jpg"
"2026-07-08T11:48:22.360507","1024115103","Signature SELECT Salsa","","","","3.99","member price","","Signature SELECT®","2026-07-08","2026-07-14","Pantry","https://f.wishabi.net/page_pdf_images/23633016/a714ad20-7509-11f1-a769-fabd9e3d9ccd/x_large"
"2026-07-08T11:48:22.874539","1024114403","Crest Pro Health Mouthwash","EARN 4X POINTS","","","6.99","member price","","Crest","2026-07-08","2026-07-14","Personal Care","https://f.wishabi.net/page_pdf_images/23633025/a690e026-7509-11f1-a1bd-7e7f5209d8da/x_large"
"2026-07-08T11:48:23.284104","1024108653","Large Mango","","","4 for","5.0","member price","","","2026-07-08","2026-07-14","Produce","https://f.wishabi.net/page_pdf_images/23633001/88826b36-7509-11f1-ad62-0a4691bbe64a/x_large"
"2026-07-08T11:48:23.595295","1024113904","Hot Wheels","","","3 for","5.0","member price","","Hot Wheels","2026-07-08","2026-07-14","Other","https://f.wishabi.net/page_pdf_images/23633024/9bb82254-7509-11f1-a38a-0ea11fedbe25/x_large"
"2026-07-08T11:48:24.061936","1024113919","Cryo Ice Rod or Icy Cool Pack","","","3 for","5.0","member price","","Cryo","2026-07-08","2026-07-14","Household","https://f.wishabi.net/page_pdf_images/23633024/a7edfd0a-7509-11f1-a38a-0ea11fedbe25/x_large"
"2026-07-08T11:48:24.486575","1024113944","BiC Xtra Comfort Mechanical Pencils or Brite Liner Highlighters","","","","2.99","member price","","Bic","2026-07-08","2026-07-14","Household","https://f.wishabi.net/page_items/426167165/1782894590/extra_large.jpg"
"2026-07-08T11:48:24.744011","1024113972","RXBAR","","","","10.99","member price","","RxBars","2026-07-08","2026-07-14","Snacks","https://f.wishabi.net/page_pdf_images/23633024/a7675318-7509-11f1-a38a-0ea11fedbe25/x_large"
"2026-07-08T11:48:25.097425","1024113999","Post-It Notes or Crayola Markers","","","","3.49","member price","","Post-It | Crayola","2026-07-08","2026-07-14","Household","https://f.wishabi.net/page_pdf_images/23633024/aaac0d2a-7509-11f1-a38a-0ea11fedbe25/x_large"
"2026-07-08T11:48:25.484810","1024114004","Nature's Truth Vitamins","BUY 1 GET 1 FREE When you Buy 2 Member Price","","","","","","Nature's Truth","2026-07-08","2026-07-14","Health & Wellness","https://f.wishabi.net/page_pdf_images/23633024/96d8e516-7509-11f1-a38a-0ea11fedbe25/x_large"
"2026-07-08T11:48:25.811966","1024114321","Pediasure Shakes","EARN 2X POINTS","","","13.99","member price","","PediaSure","2026-07-08","2026-07-14","Health & Wellness","https://f.wishabi.net/page_pdf_images/23633025/a37ab51a-7509-11f1-a1bd-7e7f5209d8da/x_large"
"2026-07-08T11:48:26.215408","1024114368","Signature Care® or Signature SELECT® Sunscreen","EARN 4X POINTS","","","8.99","member price","","Signature Care® | Signature SELECT®","2026-07-08","2026-07-14","Personal Care","https://f.wishabi.net/page_items/426167185/1782894582/extra_large.jpg"
"2026-07-08T11:48:26.459837","1024108576","ReadyMeals® Snacker","BUY 2 GET 1 FREE Member Price When you Buy 3","","","","","","ReadyMeals®","2026-07-08","2026-07-14","Deli & Prepared Foods","https://f.wishabi.net/page_pdf_images/23633001/8496f244-7509-11f1-ad62-0a4691bbe64a/x_large"
"2026-07-08T11:48:26.914568","1024108632","Poms","","","","9.99","member price","","","2026-07-08","2026-07-14","Produce","https://f.wishabi.net/page_items/426166814/1782894588/extra_large.jpg"
"2026-07-08T11:48:27.219805","1024108658","Quarter Cafe Cake Slice","","","Every Day","4.99","","","","2026-07-08","2026-07-14","Bakery","https://f.wishabi.net/page_pdf_images/23633001/83f6596a-7509-11f1-ad62-0a4691bbe64a/x_large"
"2026-07-08T11:48:27.629573","1024108716","Fresh Petrale Sole Fillet","","","","10.99","lb member price","","","2026-07-08","2026-07-14","Meat & Seafood","https://f.wishabi.net/page_pdf_images/23633001/8876132c-7509-11f1-ad62-0a4691bbe64a/x_large"
"2026-07-08T11:48:27.890962","1024108735","Personal Seedless Watermelon","","","","4.99","ea member price","","","2026-07-08","2026-07-14","Produce","https://f.wishabi.net/page_pdf_images/23633001/88cc688a-7509-11f1-ad62-0a4691bbe64a/x_large"
"2026-07-08T11:48:28.301805","1024112619","Healthy Choice Simply Steamers 9 to 10-oz. Selected varieties. Marie Callender's Pot Pie 14 to 15-oz.","","","","3.99","ea member price","","Healthy Choice | Marie Callender's","2026-07-08","2026-07-14","Frozen","https://f.wishabi.net/page_pdf_images/23633012/8ca6fe66-7509-11f1-88eb-0eeda94fe589/x_large"
"2026-07-08T11:48:28.611163","1024113415","Frito-Lay Variety Pack","","","","8.99","ea member price","","Frito-Lay","2026-07-08","2026-07-14","Snacks","https://f.wishabi.net/page_items/426167125/1782894576/extra_large.jpg"
"2026-07-08T11:48:28.864640","1024113456","Blue Diamond Almond Breeze Almondmilk","","","2 for","7.0","member price","","Blue Diamond","2026-07-08","2026-07-14","Dairy & Eggs","https://f.wishabi.net/page_pdf_images/23633023/9b341a2c-7509-11f1-8a58-4670a67fc50a/x_large"
"2026-07-08T11:48:29.154742","1024113476","Krusteaz Pancake or Waffle Mix","","","","2.99","ea member price","","Krusteaz","2026-07-08","2026-07-14","Pantry","https://f.wishabi.net/page_pdf_images/23633023/9ec0f160-7509-11f1-8a58-4670a67fc50a/x_large"
"2026-07-08T11:48:29.567414","1024113518","Kerrygold Cheese Snacks","","","","8.49","ea member price","","Kerrygold","2026-07-08","2026-07-14","Dairy & Eggs","https://f.wishabi.net/page_pdf_images/23633023/9a6ddd6c-7509-11f1-8a58-4670a67fc50a/x_large"
"2026-07-08T11:48:29.944336","1024113771","Command Hooks","BUY 1 GET 1 50% OFF Member Price","","","","","","Command","2026-07-08","2026-07-14","Household","https://f.wishabi.net/page_pdf_images/23633024/ab2a98fc-7509-11f1-a38a-0ea11fedbe25/x_large"
"2026-07-08T11:48:30.187604","1024113880","Silicone Bento Boxes","25% OFF Member Price","","","","","","","2026-07-08","2026-07-14","Household","https://f.wishabi.net/page_pdf_images/23633024/993aa3ee-7509-11f1-a38a-0ea11fedbe25/x_large"
"2026-07-08T11:48:30.491015","1024113911","Bentgo Box","25% OFF Member Price","","","","","","","2026-07-08","2026-07-14","Household","https://f.wishabi.net/page_pdf_images/23633024/98bc5b6a-7509-11f1-a38a-0ea11fedbe25/x_large"
"2026-07-08T11:48:30.859307","1024113993","think! Bars","","","","9.99","member price","","think!","2026-07-08","2026-07-14","Snacks","https://f.wishabi.net/page_items/426167172/1782894595/extra_large.jpg"
"2026-07-08T11:48:31.167145","1024114348","Mr. Clean Multi-Surface Cleaner","EARN 4x POINTS","","","3.99","ea","5.99","Mr. Clean","2026-07-08","2026-07-14","Household","https://f.wishabi.net/page_items/426167184/1782894581/extra_large.jpg"
"2026-07-08T11:48:31.468272","1024114374","Secret Clinical Strength Deodorant","EARN 4x POINTS","","","14.99","member price","","Secret","2026-07-08","2026-07-14","Personal Care","https://f.wishabi.net/page_pdf_images/23633025/ac9ccfa2-7509-11f1-a1bd-7e7f5209d8da/x_large"
"2026-07-08T11:48:31.837638","1024114466","Claritin Allergy Relief or One A Day Vitamins","","","","12.99","member price","","Claritin | One A Day","2026-07-08","2026-07-14","Health & Wellness","https://f.wishabi.net/page_items/426167197/1782894590/extra_large.jpg"
"2026-07-08T11:48:32.254971","1024115002","Foster Farms Chicken Party Wings 40-oz. bag. Frozen. Del Real Entrée 15-oz.","","","","5.0","ea member price","","Foster Farms | Del Real","2026-07-10","2026-07-10","Frozen","https://f.wishabi.net/page_pdf_images/23633016/91e92d40-7509-11f1-a769-fabd9e3d9ccd/x_large"
"2026-07-08T11:48:32.596868","1024114503","Signature Care® or Signature SELECT® Bath Poof","","","Every Day","2.49","","","Signature Care® | Signature SELECT","2026-07-08","2026-07-14","Personal Care","https://f.wishabi.net/page_pdf_images/23633025/b049d78a-7509-11f1-a1bd-7e7f5209d8da/x_large"
"2026-07-08T11:48:32.948448","1024114976","Doritos Tortilla Chips 6 to 10.75-oz. PopCorners Snacks 7-oz. Frito-Lay Simply Snacks 4.5 to 6.5-oz.","","","2 for","5.0","member price","","Doritos | PopCorners | Frito-Lay","2026-07-10","2026-07-10","Snacks","https://f.wishabi.net/page_pdf_images/23633016/9084c19e-7509-11f1-a769-fabd9e3d9ccd/x_large"
"2026-07-08T11:48:33.311941","1024115057","Red, Orange, Yellow or Green Bell Pepper","","","5 for","5.0","member price","","","2026-07-10","2026-07-10","Produce","https://f.wishabi.net/page_pdf_images/23633016/9dff9772-7509-11f1-a769-fabd9e3d9ccd/x_large"
"2026-07-08T11:48:33.761786","1024115089","Overjoyed® Snack Bites","EVERY DAY","","","8.99","","","Overjoyed®","2026-07-08","2026-07-14","Snacks","https://f.wishabi.net/page_pdf_images/23633016/a3343338-7509-11f1-a769-fabd9e3d9ccd/x_large"
"2026-07-08T11:48:34.157588","1024112650","Safeway for u","","","","","","","","2026-07-08","2026-07-14","Other","https://f.wishabi.net/page_items/426215293/1782894590/extra_large.jpg"
